eval_index,record_index,depth_ft,true_mean_integrated_severity,pred_mean_integrated_severity,sample_mae,sample_rmse,sample_dc_mae,source_path,notes
0,2419,3922.78507948,0.0,0.03973500058054924,0.011284951120615005,0.02487023174762726,0.010503929108381271,docs/thesis_evidence/remote_exp008_depth_blocked_train/prediction_summary.csv,single-well depth-heldout test sample; not multi-well generalization
1,2420,3922.98249954,0.0,0.022264549508690834,0.0033913494553416967,0.01203178334981203,0.002339395694434643,docs/thesis_evidence/remote_exp008_depth_blocked_train/prediction_summary.csv,single-well depth-heldout test sample; not multi-well generalization
2,2421,3923.30291621,0.6518064737319946,0.03209635615348816,0.012786834500730038,0.044122666120529175,0.015825027599930763,docs/thesis_evidence/remote_exp008_depth_blocked_train/prediction_summary.csv,single-well depth-heldout test sample; not multi-well generalization
3,2422,3923.76229004,0.6518064737319946,0.037748273462057114,0.010659190826117992,0.04266531392931938,0.014424864202737808,docs/thesis_evidence/remote_exp008_depth_blocked_train/prediction_summary.csv,single-well depth-heldout test sample; not multi-well generalization
4,2423,3924.23032501,0.6518064737319946,0.04510901868343353,0.01670040190219879,0.04928787052631378,0.012190415523946285,docs/thesis_evidence/remote_exp008_depth_blocked_train/prediction_summary.csv,single-well depth-heldout test sample; not multi-well generalization
5,2424,3924.69758084,0.6518064737319946,0.0,0.006698182784020901,0.03988952189683914,0.007223517633974552,docs/thesis_evidence/remote_exp008_depth_blocked_train/prediction_summary.csv,single-well depth-heldout test sample; not multi-well generalization
6,2425,3925.15697402,0.0,0.036904118955135345,0.006919987499713898,0.018463632091879845,0.005934088956564665,docs/thesis_evidence/remote_exp008_depth_blocked_train/prediction_summary.csv,single-well depth-heldout test sample; not multi-well generalization
7,2426,3925.61447032,0.0,0.023414254188537598,0.0036403352860361338,0.01454685628414154,0.0007244654116220772,docs/thesis_evidence/remote_exp008_depth_blocked_train/prediction_summary.csv,single-well depth-heldout test sample; not multi-well generalization
8,2427,3926.08375275,0.0,0.014092326164245605,0.002290800679475069,0.01029560249298811,0.000275888160103932,docs/thesis_evidence/remote_exp008_depth_blocked_train/prediction_summary.csv,single-well depth-heldout test sample; not multi-well generalization
9,2428,3926.54555177,0.0,0.03336155414581299,0.002693058690056205,0.010453061200678349,0.002608811715617776,docs/thesis_evidence/remote_exp008_depth_blocked_train/prediction_summary.csv,single-well depth-heldout test sample; not multi-well generalization
10,2429,3927.00923945,0.0,0.02055014669895172,0.005559537559747696,0.016702216118574142,0.0027057251427322626,docs/thesis_evidence/remote_exp008_depth_blocked_train/prediction_summary.csv,single-well depth-heldout test sample; not multi-well generalization
11,2430,3927.47958168,0.0,0.02987217903137207,0.0029247100464999676,0.01075710915029049,0.0011959533439949155,docs/thesis_evidence/remote_exp008_depth_blocked_train/prediction_summary.csv,single-well depth-heldout test sample; not multi-well generalization
12,2431,3927.94230333,0.0,0.028608372434973717,0.004044732078909874,0.013271672651171684,0.0028724900912493467,docs/thesis_evidence/remote_exp008_depth_blocked_train/prediction_summary.csv,single-well depth-heldout test sample; not multi-well generalization
13,2432,3928.4136648,0.42690157890319824,0.026675621047616005,0.0073565212078392506,0.03838808089494705,0.006480126641690731,docs/thesis_evidence/remote_exp008_depth_blocked_train/prediction_summary.csv,single-well depth-heldout test sample; not multi-well generalization
14,2433,3928.88292403,0.42690157890319824,0.49023038148880005,0.05835026502609253,0.12395709753036499,0.10852755606174469,docs/thesis_evidence/remote_exp008_depth_blocked_train/prediction_summary.csv,single-well depth-heldout test sample; not multi-well generalization
15,2434,3929.34159958,0.42690157890319824,1.3803179264068604,0.11086363345384598,0.2368628829717636,0.24194622039794922,docs/thesis_evidence/remote_exp008_depth_blocked_train/prediction_summary.csv,single-well depth-heldout test sample; not multi-well generalization
16,2435,3929.80966279,0.42690157890319824,2.5391685962677,0.15624094009399414,0.3351154625415802,0.35555499792099,docs/thesis_evidence/remote_exp008_depth_blocked_train/prediction_summary.csv,single-well depth-heldout test sample; not multi-well generalization
17,2436,3930.26827187,0.0,0.053279850631952286,0.01955610141158104,0.04545796662569046,0.010433481074869633,docs/thesis_evidence/remote_exp008_depth_blocked_train/prediction_summary.csv,single-well depth-heldout test sample; not multi-well generalization
18,2437,3930.73319649,0.0,0.0730615183711052,0.02168894372880459,0.04963575676083565,0.015977930277585983,docs/thesis_evidence/remote_exp008_depth_blocked_train/prediction_summary.csv,single-well depth-heldout test sample; not multi-well generalization
19,2438,3931.20497163,0.23527348041534424,0.36089786887168884,0.04601133614778519,0.1008959487080574,0.07850299775600433,docs/thesis_evidence/remote_exp008_depth_blocked_train/prediction_summary.csv,single-well depth-heldout test sample; not multi-well generalization
20,2439,3931.6669507,0.1978502720594406,0.19334439933300018,0.029968006536364555,0.06711781769990921,0.040935881435871124,docs/thesis_evidence/remote_exp008_depth_blocked_train/prediction_summary.csv,single-well depth-heldout test sample; not multi-well generalization
21,2440,3932.15582056,0.17795883119106293,0.6013609170913696,0.05582250654697418,0.12476682662963867,0.11096422374248505,docs/thesis_evidence/remote_exp008_depth_blocked_train/prediction_summary.csv,single-well depth-heldout test sample; not multi-well generalization
22,2441,3932.65032,0.17795883119106293,0.06471981853246689,0.02143717184662819,0.05023280903697014,0.02120094560086727,docs/thesis_evidence/remote_exp008_depth_blocked_train/prediction_summary.csv,single-well depth-heldout test sample; not multi-well generalization
23,2442,3933.0474118,0.17408818006515503,0.4147559702396393,0.04273686185479164,0.09573850780725479,0.07833664864301682,docs/thesis_evidence/remote_exp008_depth_blocked_train/prediction_summary.csv,single-well depth-heldout test sample; not multi-well generalization
24,2443,3933.34674139,0.13993321359157562,0.34798699617385864,0.04259645566344261,0.09312708675861359,0.07380165904760361,docs/thesis_evidence/remote_exp008_depth_blocked_train/prediction_summary.csv,single-well depth-heldout test sample; not multi-well generalization
25,2444,3933.63467019,0.13154546916484833,0.6267280578613281,0.06694002449512482,0.14293566346168518,0.13370248675346375,docs/thesis_evidence/remote_exp008_depth_blocked_train/prediction_summary.csv,single-well depth-heldout test sample; not multi-well generalization
26,2445,3933.90967702,0.04645347595214844,0.3264104425907135,0.04475969448685646,0.09558601677417755,0.07984013855457306,docs/thesis_evidence/remote_exp008_depth_blocked_train/prediction_summary.csv,single-well depth-heldout test sample; not multi-well generalization
27,2446,3934.20544515,0.0,0.29904764890670776,0.043077822774648666,0.09184867143630981,0.07453612238168716,docs/thesis_evidence/remote_exp008_depth_blocked_train/prediction_summary.csv,single-well depth-heldout test sample; not multi-well generalization
28,2447,3934.52700926,0.0,0.08934792876243591,0.02322792261838913,0.05222311243414879,0.024213388562202454,docs/thesis_evidence/remote_exp008_depth_blocked_train/prediction_summary.csv,single-well depth-heldout test sample; not multi-well generalization
29,2448,3934.93677293,0.0,0.013204514980316162,0.009885846637189388,0.02786535583436489,0.000374719180399552,docs/thesis_evidence/remote_exp008_depth_blocked_train/prediction_summary.csv,single-well depth-heldout test sample; not multi-well generalization
30,2449,3935.41683815,0.0,0.06157609820365906,0.019539492204785347,0.045445121824741364,0.013507162220776081,docs/thesis_evidence/remote_exp008_depth_blocked_train/prediction_summary.csv,single-well depth-heldout test sample; not multi-well generalization
31,2450,3935.91978114,0.0,0.3700459599494934,0.0513426773250103,0.10871058702468872,0.08967948704957962,docs/thesis_evidence/remote_exp008_depth_blocked_train/prediction_summary.csv,single-well depth-heldout test sample; not multi-well generalization
32,2451,3936.45545225,0.0,0.20306868851184845,0.035962317138910294,0.07695073634386063,0.05243835598230362,docs/thesis_evidence/remote_exp008_depth_blocked_train/prediction_summary.csv,single-well depth-heldout test sample; not multi-well generalization
33,2452,3937.02502978,0.0,0.44108858704566956,0.05557627230882645,0.11740023642778397,0.10395903885364532,docs/thesis_evidence/remote_exp008_depth_blocked_train/prediction_summary.csv,single-well depth-heldout test sample; not multi-well generalization
34,2453,3937.54252245,0.0,0.04628235846757889,0.016242489218711853,0.03983131796121597,0.0058487956412136555,docs/thesis_evidence/remote_exp008_depth_blocked_train/prediction_summary.csv,single-well depth-heldout test sample; not multi-well generalization
35,2454,3938.08592392,0.0,0.048466648906469345,0.018664615228772163,0.04399903863668442,0.010047883726656437,docs/thesis_evidence/remote_exp008_depth_blocked_train/prediction_summary.csv,single-well depth-heldout test sample; not multi-well generalization
36,2455,3938.62876072,0.0,0.0,0.003284348174929619,0.013138066977262497,0.0,docs/thesis_evidence/remote_exp008_depth_blocked_train/prediction_summary.csv,single-well depth-heldout test sample; not multi-well generalization
37,2456,3939.17946879,0.0,0.09285730868577957,0.02186233177781105,0.050263747572898865,0.020227471366524696,docs/thesis_evidence/remote_exp008_depth_blocked_train/prediction_summary.csv,single-well depth-heldout test sample; not multi-well generalization
38,2457,3939.73517918,0.0,0.09431985020637512,0.023524977266788483,0.053477201610803604,0.024361779913306236,docs/thesis_evidence/remote_exp008_depth_blocked_train/prediction_summary.csv,single-well depth-heldout test sample; not multi-well generalization
39,2458,3940.11583288,0.05483651161193848,0.1307627111673355,0.027099689468741417,0.060064446181058884,0.03154681622982025,docs/thesis_evidence/remote_exp008_depth_blocked_train/prediction_summary.csv,single-well depth-heldout test sample; not multi-well generalization
40,2459,3940.12300687,0.05483651161193848,0.0,0.009737619198858738,0.026952633634209633,0.0015081092715263367,docs/thesis_evidence/remote_exp008_depth_blocked_train/prediction_summary.csv,single-well depth-heldout test sample; not multi-well generalization
41,2460,3940.13477935,0.05483651161193848,0.05244211107492447,0.01637553796172142,0.04009939357638359,0.008273311890661716,docs/thesis_evidence/remote_exp008_depth_blocked_train/prediction_summary.csv,single-well depth-heldout test sample; not multi-well generalization
42,2461,3940.15268495,0.05483651161193848,0.03156626224517822,0.003061117371544242,0.012786359526216984,0.0019520844798535109,docs/thesis_evidence/remote_exp008_depth_blocked_train/prediction_summary.csv,single-well depth-heldout test sample; not multi-well generalization
43,2462,3940.51049515,0.05483651161193848,0.0,0.005314026027917862,0.017541097477078438,0.0015081092715263367,docs/thesis_evidence/remote_exp008_depth_blocked_train/prediction_summary.csv,single-well depth-heldout test sample; not multi-well generalization
44,2463,3941.02521791,0.07832059264183044,0.0,0.00820089690387249,0.025208523496985435,0.004207484424114227,docs/thesis_evidence/remote_exp008_depth_blocked_train/prediction_summary.csv,single-well depth-heldout test sample; not multi-well generalization
45,2464,3941.52753854,0.08088929951190948,0.6936444044113159,0.06875830143690109,0.14917919039726257,0.14467458426952362,docs/thesis_evidence/remote_exp008_depth_blocked_train/prediction_summary.csv,single-well depth-heldout test sample; not multi-well generalization
46,2465,3942.02502023,0.09470567107200623,1.8709121942520142,0.12760977447032928,0.2762978971004486,0.2904006838798523,docs/thesis_evidence/remote_exp008_depth_blocked_train/prediction_summary.csv,single-well depth-heldout test sample; not multi-well generalization
47,2466,3942.52878316,0.10893221944570541,3.116877794265747,0.16589197516441345,0.35785192251205444,0.3890913426876068,docs/thesis_evidence/remote_exp008_depth_blocked_train/prediction_summary.csv,single-well depth-heldout test sample; not multi-well generalization
48,2467,3943.02558639,0.11071410775184631,1.8950586318969727,0.12706729769706726,0.27488598227500916,0.2914668917655945,docs/thesis_evidence/remote_exp008_depth_blocked_train/prediction_summary.csv,single-well depth-heldout test sample; not multi-well generalization
49,2468,3943.52712283,0.11350696533918381,2.1732265949249268,0.1386917233467102,0.29944509267807007,0.3186464011669159,docs/thesis_evidence/remote_exp008_depth_blocked_train/prediction_summary.csv,single-well depth-heldout test sample; not multi-well generalization
50,2469,3944.0301765,0.14103448390960693,0.821955680847168,0.07789343595504761,0.16884009540081024,0.16575033962726593,docs/thesis_evidence/remote_exp008_depth_blocked_train/prediction_summary.csv,single-well depth-heldout test sample; not multi-well generalization
51,2470,3944.52618578,0.0,1.8274990320205688,0.13467520475387573,0.2868637144565582,0.29635950922966003,docs/thesis_evidence/remote_exp008_depth_blocked_train/prediction_summary.csv,single-well depth-heldout test sample; not multi-well generalization
52,2471,3945.04159413,0.0,1.881924033164978,0.13716068863868713,0.2922443449497223,0.30154910683631897,docs/thesis_evidence/remote_exp008_depth_blocked_train/prediction_summary.csv,single-well depth-heldout test sample; not multi-well generalization
53,2472,3945.5569631,0.0,0.2896801829338074,0.04062604159116745,0.08873281627893448,0.07216992974281311,docs/thesis_evidence/remote_exp008_depth_blocked_train/prediction_summary.csv,single-well depth-heldout test sample; not multi-well generalization
54,2473,3946.36483043,0.0,1.4619331359863281,0.11367788910865784,0.24279411137104034,0.2568846046924591,docs/thesis_evidence/remote_exp008_depth_blocked_train/prediction_summary.csv,single-well depth-heldout test sample; not multi-well generalization
55,2474,3947.16249954,0.0,0.02959132194519043,0.009473747573792934,0.027784286066889763,0.0005625431076623499,docs/thesis_evidence/remote_exp008_depth_blocked_train/prediction_summary.csv,single-well depth-heldout test sample; not multi-well generalization
56,2475,3947.25209705,0.0,0.04801619052886963,0.0077114286832511425,0.02292615734040737,0.002021807013079524,docs/thesis_evidence/remote_exp008_depth_blocked_train/prediction_summary.csv,single-well depth-heldout test sample; not multi-well generalization
57,2476,3947.58364409,0.0,0.06329613924026489,0.014206675812602043,0.037045739591121674,0.008714103139936924,docs/thesis_evidence/remote_exp008_depth_blocked_train/prediction_summary.csv,single-well depth-heldout test sample; not multi-well generalization
58,2477,3948.08363999,0.0,0.05963795632123947,0.016656773164868355,0.04144212231040001,0.011631790548563004,docs/thesis_evidence/remote_exp008_depth_blocked_train/prediction_summary.csv,single-well depth-heldout test sample; not multi-well generalization
59,2478,3948.57704972,0.0,1.6926984786987305,0.1235896497964859,0.26518866419792175,0.2823019027709961,docs/thesis_evidence/remote_exp008_depth_blocked_train/prediction_summary.csv,single-well depth-heldout test sample; not multi-well generalization
60,2479,3949.08010672,0.0,1.7051118612289429,0.12390902638435364,0.2655010223388672,0.28321221470832825,docs/thesis_evidence/remote_exp008_depth_blocked_train/prediction_summary.csv,single-well depth-heldout test sample; not multi-well generalization
61,2480,3949.58478668,0.0,0.04414927959442139,0.01245930790901184,0.03331458568572998,0.0018634293228387833,docs/thesis_evidence/remote_exp008_depth_blocked_train/prediction_summary.csv,single-well depth-heldout test sample; not multi-well generalization
62,2481,3950.08330987,0.0,0.0,0.0034302184358239174,0.013276265934109688,0.0,docs/thesis_evidence/remote_exp008_depth_blocked_train/prediction_summary.csv,single-well depth-heldout test sample; not multi-well generalization
63,2482,3950.6003523,0.0,0.08212064206600189,0.01962638460099697,0.04730219021439552,0.016763124614953995,docs/thesis_evidence/remote_exp008_depth_blocked_train/prediction_summary.csv,single-well depth-heldout test sample; not multi-well generalization
64,2483,3951.08801664,0.0,0.24319076538085938,0.03711135685443878,0.08161314576864243,0.06174736097455025,docs/thesis_evidence/remote_exp008_depth_blocked_train/prediction_summary.csv,single-well depth-heldout test sample; not multi-well generalization
65,2484,3951.59654873,0.0,0.07292009890079498,0.018746061250567436,0.045989520847797394,0.01795857399702072,docs/thesis_evidence/remote_exp008_depth_blocked_train/prediction_summary.csv,single-well depth-heldout test sample; not multi-well generalization
66,2485,3952.11630635,0.0,0.28521299362182617,0.0415438711643219,0.09114442765712738,0.07136447727680206,docs/thesis_evidence/remote_exp008_depth_blocked_train/prediction_summary.csv,single-well depth-heldout test sample; not multi-well generalization
67,2486,3952.60847257,0.0,0.13363531231880188,0.02654951997101307,0.06110558658838272,0.03555829077959061,docs/thesis_evidence/remote_exp008_depth_blocked_train/prediction_summary.csv,single-well depth-heldout test sample; not multi-well generalization
68,2487,3953.12611567,0.0,0.04004763439297676,0.01337396539747715,0.03562415763735771,0.005706576630473137,docs/thesis_evidence/remote_exp008_depth_blocked_train/prediction_summary.csv,single-well depth-heldout test sample; not multi-well generalization
69,2488,3953.62749701,0.0,0.0,0.004868128802627325,0.017114007845520973,0.0,docs/thesis_evidence/remote_exp008_depth_blocked_train/prediction_summary.csv,single-well depth-heldout test sample; not multi-well generalization
70,2489,3954.12561948,2.1229004859924316,0.029592236503958702,0.021866779774427414,0.13034188747406006,0.03378862142562866,docs/thesis_evidence/remote_exp008_depth_blocked_train/prediction_summary.csv,single-well depth-heldout test sample; not multi-well generalization
71,2490,3954.64466887,2.1229004859924316,0.027396321296691895,0.021738899871706963,0.13061220943927765,0.03404533490538597,docs/thesis_evidence/remote_exp008_depth_blocked_train/prediction_summary.csv,single-well depth-heldout test sample; not multi-well generalization
72,2491,3955.13101953,2.1229004859924316,0.04521844536066055,0.02147670090198517,0.13087081909179688,0.03562753647565842,docs/thesis_evidence/remote_exp008_depth_blocked_train/prediction_summary.csv,single-well depth-heldout test sample; not multi-well generalization
73,2492,3955.62963825,10.21385383605957,0.03309059143066406,0.12174107134342194,0.45204973220825195,0.22135813534259796,docs/thesis_evidence/remote_exp008_depth_blocked_train/prediction_summary.csv,single-well depth-heldout test sample; not multi-well generalization
74,2493,3956.15980254,15.545454025268555,0.0,0.20376130938529968,0.6187567114830017,0.3943100869655609,docs/thesis_evidence/remote_exp008_depth_blocked_train/prediction_summary.csv,single-well depth-heldout test sample; not multi-well generalization
75,2494,3956.66208742,13.127144813537598,0.24827006459236145,0.26795345544815063,0.649378776550293,0.5185020565986633,docs/thesis_evidence/remote_exp008_depth_blocked_train/prediction_summary.csv,single-well depth-heldout test sample; not multi-well generalization
76,2495,3957.17013501,12.422689437866211,0.25430750846862793,0.34963786602020264,0.7484760284423828,0.6615685820579529,docs/thesis_evidence/remote_exp008_depth_blocked_train/prediction_summary.csv,single-well depth-heldout test sample; not multi-well generalization
77,2496,3957.67322642,10.875998497009277,0.7550529837608337,0.29298123717308044,0.6321980953216553,0.5240561366081238,docs/thesis_evidence/remote_exp008_depth_blocked_train/prediction_summary.csv,single-well depth-heldout test sample; not multi-well generalization
78,2497,3958.15422115,8.419710159301758,0.09764803946018219,0.3348079025745392,0.7070971727371216,0.606401264667511,docs/thesis_evidence/remote_exp008_depth_blocked_train/prediction_summary.csv,single-well depth-heldout test sample; not multi-well generalization
79,2498,3958.67392999,8.831496238708496,0.0630958080291748,0.34872114658355713,0.7425814867019653,0.6406585574150085,docs/thesis_evidence/remote_exp008_depth_blocked_train/prediction_summary.csv,single-well depth-heldout test sample; not multi-well generalization
80,2499,3959.17384763,8.044791221618652,0.852846622467041,0.2620534896850586,0.5687745213508606,0.43624046444892883,docs/thesis_evidence/remote_exp008_depth_blocked_train/prediction_summary.csv,single-well depth-heldout test sample; not multi-well generalization
81,2500,3959.6668157,10.558852195739746,0.4406716227531433,0.3099568784236908,0.6731255054473877,0.5700109601020813,docs/thesis_evidence/remote_exp008_depth_blocked_train/prediction_summary.csv,single-well depth-heldout test sample; not multi-well generalization
82,2501,3960.18125917,11.495306968688965,0.7638636231422424,0.26138952374458313,0.5976729989051819,0.48933660984039307,docs/thesis_evidence/remote_exp008_depth_blocked_train/prediction_summary.csv,single-well depth-heldout test sample; not multi-well generalization
83,2502,3960.67564916,12.094399452209473,1.3160433769226074,0.20437270402908325,0.4798298478126526,0.37629449367523193,docs/thesis_evidence/remote_exp008_depth_blocked_train/prediction_summary.csv,single-well depth-heldout test sample; not multi-well generalization
84,2503,3961.18081299,15.176830291748047,1.4259721040725708,0.17389383912086487,0.4208480715751648,0.3646998703479767,docs/thesis_evidence/remote_exp008_depth_blocked_train/prediction_summary.csv,single-well depth-heldout test sample; not multi-well generalization
85,2504,3961.68368591,8.982559204101562,1.1237701177597046,0.14566443860530853,0.352210134267807,0.278458833694458,docs/thesis_evidence/remote_exp008_depth_blocked_train/prediction_summary.csv,single-well depth-heldout test sample; not multi-well generalization
86,2505,3962.1749456,6.145231246948242,1.2308498620986938,0.15850599110126495,0.36459967494010925,0.2717708647251129,docs/thesis_evidence/remote_exp008_depth_blocked_train/prediction_summary.csv,single-well depth-heldout test sample; not multi-well generalization
87,2506,3962.68172644,5.128787040710449,0.9726983904838562,0.17223748564720154,0.40076541900634766,0.26770415902137756,docs/thesis_evidence/remote_exp008_depth_blocked_train/prediction_summary.csv,single-well depth-heldout test sample; not multi-well generalization
88,2507,3963.17450464,4.191862106323242,1.0434165000915527,0.17574867606163025,0.39762988686561584,0.24531321227550507,docs/thesis_evidence/remote_exp008_depth_blocked_train/prediction_summary.csv,single-well depth-heldout test sample; not multi-well generalization
89,2508,3963.66465057,3.2028446197509766,0.8005253076553345,0.17805010080337524,0.386052668094635,0.2314225286245346,docs/thesis_evidence/remote_exp008_depth_blocked_train/prediction_summary.csv,single-well depth-heldout test sample; not multi-well generalization
90,2509,3964.17068627,2.419325828552246,0.6597791314125061,0.16794711351394653,0.35166439414024353,0.2053450495004654,docs/thesis_evidence/remote_exp008_depth_blocked_train/prediction_summary.csv,single-well depth-heldout test sample; not multi-well generalization
91,2510,3964.66414521,1.653799057006836,0.8841639757156372,0.12543779611587524,0.27050939202308655,0.15174159407615662,docs/thesis_evidence/remote_exp008_depth_blocked_train/prediction_summary.csv,single-well depth-heldout test sample; not multi-well generalization
92,2511,3965.16426449,2.830639362335205,1.2076284885406494,0.119691401720047,0.27108311653137207,0.1888168603181839,docs/thesis_evidence/remote_exp008_depth_blocked_train/prediction_summary.csv,single-well depth-heldout test sample; not multi-well generalization
93,2512,3965.66931958,2.80389142036438,1.3567392826080322,0.10387848317623138,0.24678608775138855,0.20577743649482727,docs/thesis_evidence/remote_exp008_depth_blocked_train/prediction_summary.csv,single-well depth-heldout test sample; not multi-well generalization
94,2513,3966.15816091,3.0414185523986816,0.7791734933853149,0.08514390885829926,0.22782807052135468,0.1984906792640686,docs/thesis_evidence/remote_exp008_depth_blocked_train/prediction_summary.csv,single-well depth-heldout test sample; not multi-well generalization
95,2514,3966.67142399,3.5052008628845215,0.5766934752464294,0.08997269719839096,0.24524107575416565,0.20336715877056122,docs/thesis_evidence/remote_exp008_depth_blocked_train/prediction_summary.csv,single-well depth-heldout test sample; not multi-well generalization
96,2515,3967.18597893,1.4725935459136963,0.792064905166626,0.06791890412569046,0.17140719294548035,0.1345473825931549,docs/thesis_evidence/remote_exp008_depth_blocked_train/prediction_summary.csv,single-well depth-heldout test sample; not multi-well generalization
97,2516,3967.67390641,1.4328550100326538,0.9238141179084778,0.0701611191034317,0.17141880095005035,0.14543026685714722,docs/thesis_evidence/remote_exp008_depth_blocked_train/prediction_summary.csv,single-well depth-heldout test sample; not multi-well generalization
98,2517,3968.18107897,0.9788656234741211,1.0385249853134155,0.07182015478610992,0.16595052182674408,0.14760707318782806,docs/thesis_evidence/remote_exp008_depth_blocked_train/prediction_summary.csv,single-well depth-heldout test sample; not multi-well generalization
99,2518,3968.67956499,0.8660470247268677,0.6741845011711121,0.06490904092788696,0.1446947455406189,0.12513914704322815,docs/thesis_evidence/remote_exp008_depth_blocked_train/prediction_summary.csv,single-well depth-heldout test sample; not multi-well generalization
100,2519,3969.17090058,1.0521742105484009,0.10176915675401688,0.04682435840368271,0.12985868752002716,0.07328368723392487,docs/thesis_evidence/remote_exp008_depth_blocked_train/prediction_summary.csv,single-well depth-heldout test sample; not multi-well generalization
101,2520,3969.6745904,1.230616807937622,0.0,0.07458988577127457,0.20172302424907684,0.11907447874546051,docs/thesis_evidence/remote_exp008_depth_blocked_train/prediction_summary.csv,single-well depth-heldout test sample; not multi-well generalization
102,2521,3970.17155167,1.1915115118026733,0.4508848786354065,0.07370685786008835,0.16231350600719452,0.11336147785186768,docs/thesis_evidence/remote_exp008_depth_blocked_train/prediction_summary.csv,single-well depth-heldout test sample; not multi-well generalization
103,2522,3970.67234464,2.380678653717041,1.196179747581482,0.08104336261749268,0.20967169106006622,0.1569664031267166,docs/thesis_evidence/remote_exp008_depth_blocked_train/prediction_summary.csv,single-well depth-heldout test sample; not multi-well generalization
104,2523,3971.19518356,3.619401454925537,0.7628005743026733,0.10006257146596909,0.26366451382637024,0.21346884965896606,docs/thesis_evidence/remote_exp008_depth_blocked_train/prediction_summary.csv,single-well depth-heldout test sample; not multi-well generalization
105,2524,3971.68321668,3.7050087451934814,0.8414102792739868,0.10038377344608307,0.2621228098869324,0.23868833482265472,docs/thesis_evidence/remote_exp008_depth_blocked_train/prediction_summary.csv,single-well depth-heldout test sample; not multi-well generalization
106,2525,3972.20067996,3.885058641433716,0.7382449507713318,0.09433329105377197,0.25290632247924805,0.2279268056154251,docs/thesis_evidence/remote_exp008_depth_blocked_train/prediction_summary.csv,single-well depth-heldout test sample; not multi-well generalization
107,2526,3972.70897415,1.8619098663330078,0.8887022137641907,0.08334261924028397,0.19578048586845398,0.18667379021644592,docs/thesis_evidence/remote_exp008_depth_blocked_train/prediction_summary.csv,single-well depth-heldout test sample; not multi-well generalization
108,2527,3973.20769609,0.14299432933330536,0.050109367817640305,0.0187780000269413,0.046250563114881516,0.013670310378074646,docs/thesis_evidence/remote_exp008_depth_blocked_train/prediction_summary.csv,single-well depth-heldout test sample; not multi-well generalization
109,2528,3973.72937837,0.0,0.23875932395458221,0.038776498287916183,0.08355141431093216,0.060751765966415405,docs/thesis_evidence/remote_exp008_depth_blocked_train/prediction_summary.csv,single-well depth-heldout test sample; not multi-well generalization
110,2529,3974.20135317,0.0,0.09401649236679077,0.024263471364974976,0.054798390716314316,0.024176334962248802,docs/thesis_evidence/remote_exp008_depth_blocked_train/prediction_summary.csv,single-well depth-heldout test sample; not multi-well generalization
111,2530,3974.69685025,0.0,0.04883056879043579,0.01833312027156353,0.04388203099370003,0.01081730704754591,docs/thesis_evidence/remote_exp008_depth_blocked_train/prediction_summary.csv,single-well depth-heldout test sample; not multi-well generalization
112,2531,3975.21566055,0.0,0.03301352262496948,0.0120179308578372,0.03218521177768707,0.0009269529255107045,docs/thesis_evidence/remote_exp008_depth_blocked_train/prediction_summary.csv,single-well depth-heldout test sample; not multi-well generalization
113,2532,3975.71014051,0.0,0.1395995169878006,0.029319602996110916,0.06532660871744156,0.035246510058641434,docs/thesis_evidence/remote_exp008_depth_blocked_train/prediction_summary.csv,single-well depth-heldout test sample; not multi-well generalization
114,2533,3976.22402947,0.0,0.1070832684636116,0.02618175372481346,0.059261634945869446,0.027395425364375114,docs/thesis_evidence/remote_exp008_depth_blocked_train/prediction_summary.csv,single-well depth-heldout test sample; not multi-well generalization
115,2534,3976.72817964,0.0,0.32115989923477173,0.046603478491306305,0.0987682044506073,0.07917400449514389,docs/thesis_evidence/remote_exp008_depth_blocked_train/prediction_summary.csv,single-well depth-heldout test sample; not multi-well generalization
116,2535,3977.22311878,0.0,0.05269692465662956,0.015176954679191113,0.03858821839094162,0.00523277698084712,docs/thesis_evidence/remote_exp008_depth_blocked_train/prediction_summary.csv,single-well depth-heldout test sample; not multi-well generalization
117,2536,3977.73407564,0.0,0.17844288051128387,0.0345149040222168,0.07579018920660019,0.04641351476311684,docs/thesis_evidence/remote_exp008_depth_blocked_train/prediction_summary.csv,single-well depth-heldout test sample; not multi-well generalization
118,2537,3978.22877204,1.2934074401855469,0.0,0.014904187060892582,0.06538230925798416,0.011857694946229458,docs/thesis_evidence/remote_exp008_depth_blocked_train/prediction_summary.csv,single-well depth-heldout test sample; not multi-well generalization
119,2538,3978.73355186,1.0087594985961914,0.101067915558815,0.033826377242803574,0.08979642391204834,0.038579996675252914,docs/thesis_evidence/remote_exp008_depth_blocked_train/prediction_summary.csv,single-well depth-heldout test sample; not multi-well generalization
120,2539,3979.24142143,1.0087594985961914,0.16319012641906738,0.040156032890081406,0.09670521318912506,0.056567613035440445,docs/thesis_evidence/remote_exp008_depth_blocked_train/prediction_summary.csv,single-well depth-heldout test sample; not multi-well generalization
121,2540,3979.73216714,0.6863133311271667,0.0,0.017752686515450478,0.08645040541887283,0.020219096913933754,docs/thesis_evidence/remote_exp008_depth_blocked_train/prediction_summary.csv,single-well depth-heldout test sample; not multi-well generalization
122,2541,3980.23126549,0.3827661871910095,0.0368194580078125,0.014313752762973309,0.062028463929891586,0.008877940475940704,docs/thesis_evidence/remote_exp008_depth_blocked_train/prediction_summary.csv,single-well depth-heldout test sample; not multi-well generalization
123,2542,3980.73601987,0.041420936584472656,0.01416093111038208,0.003592453896999359,0.012419245205819607,0.0010114521719515324,docs/thesis_evidence/remote_exp008_depth_blocked_train/prediction_summary.csv,single-well depth-heldout test sample; not multi-well generalization
124,2543,3981.23338762,7.072436332702637,0.0,0.065095454454422,0.31207823753356934,0.11930084228515625,docs/thesis_evidence/remote_exp008_depth_blocked_train/prediction_summary.csv,single-well depth-heldout test sample; not multi-well generalization
125,2544,3981.74902363,8.830190658569336,0.031069636344909668,0.06334979087114334,0.31395968794822693,0.11969799548387527,docs/thesis_evidence/remote_exp008_depth_blocked_train/prediction_summary.csv,single-well depth-heldout test sample; not multi-well generalization
126,2545,3982.25701193,7.971274375915527,0.13540661334991455,0.08898259699344635,0.3216966390609741,0.16224713623523712,docs/thesis_evidence/remote_exp008_depth_blocked_train/prediction_summary.csv,single-well depth-heldout test sample; not multi-well generalization
127,2546,3982.75666256,6.940805912017822,0.2622663974761963,0.09944634139537811,0.31801649928092957,0.18697489798069,docs/thesis_evidence/remote_exp008_depth_blocked_train/prediction_summary.csv,single-well depth-heldout test sample; not multi-well generalization
128,2547,3983.26647932,3.1620359420776367,0.4664507508277893,0.0696474239230156,0.1695115864276886,0.1298464983701706,docs/thesis_evidence/remote_exp008_depth_blocked_train/prediction_summary.csv,single-well depth-heldout test sample; not multi-well generalization
129,2548,3983.76995834,3.417719602584839,0.02382659912109375,0.05538293719291687,0.23997481167316437,0.09482983499765396,docs/thesis_evidence/remote_exp008_depth_blocked_train/prediction_summary.csv,single-well depth-heldout test sample; not multi-well generalization
130,2549,3984.28357628,5.590347766876221,0.011110424995422363,0.10803083330392838,0.38457417488098145,0.1965356171131134,docs/thesis_evidence/remote_exp008_depth_blocked_train/prediction_summary.csv,single-well depth-heldout test sample; not multi-well generalization
131,2550,3984.80017065,11.482179641723633,0.0948643684387207,0.22760021686553955,0.6348851919174194,0.4384639859199524,docs/thesis_evidence/remote_exp008_depth_blocked_train/prediction_summary.csv,single-well depth-heldout test sample; not multi-well generalization
132,2551,3985.29609039,12.164862632751465,0.07930855453014374,0.27303528785705566,0.6908599734306335,0.5439995527267456,docs/thesis_evidence/remote_exp008_depth_blocked_train/prediction_summary.csv,single-well depth-heldout test sample; not multi-well generalization
133,2552,3985.79727497,14.002721786499023,0.05202147364616394,0.25147488713264465,0.6751556992530823,0.5003120303153992,docs/thesis_evidence/remote_exp008_depth_blocked_train/prediction_summary.csv,single-well depth-heldout test sample; not multi-well generalization
134,2553,3986.30209537,17.36288070678711,0.9490253329277039,0.18321645259857178,0.4820537567138672,0.36230823397636414,docs/thesis_evidence/remote_exp008_depth_blocked_train/prediction_summary.csv,single-well depth-heldout test sample; not multi-well generalization
135,2554,3986.80155985,8.797127723693848,0.24139180779457092,0.09104348719120026,0.3334009051322937,0.1791900247335434,docs/thesis_evidence/remote_exp008_depth_blocked_train/prediction_summary.csv,single-well depth-heldout test sample; not multi-well generalization
136,2555,3987.32176623,1.0559051036834717,0.6720597147941589,0.06462888419628143,0.1570599526166916,0.13364547491073608,docs/thesis_evidence/remote_exp008_depth_blocked_train/prediction_summary.csv,single-well depth-heldout test sample; not multi-well generalization
137,2556,3987.82665166,0.672313392162323,0.09762472659349442,0.033588070422410965,0.12285033613443375,0.06021316349506378,docs/thesis_evidence/remote_exp008_depth_blocked_train/prediction_summary.csv,single-well depth-heldout test sample; not multi-well generalization
138,2557,3988.3167465,0.5682981014251709,0.01736348867416382,0.03859402611851692,0.13755911588668823,0.07531480491161346,docs/thesis_evidence/remote_exp008_depth_blocked_train/prediction_summary.csv,single-well depth-heldout test sample; not multi-well generalization
139,2558,3988.82140321,0.40182238817214966,1.2834632396697998,0.0646967962384224,0.15622277557849884,0.15215235948562622,docs/thesis_evidence/remote_exp008_depth_blocked_train/prediction_summary.csv,single-well depth-heldout test sample; not multi-well generalization
140,2559,3989.32331086,0.47938811779022217,0.37730106711387634,0.048512011766433716,0.1133502796292305,0.08071815222501755,docs/thesis_evidence/remote_exp008_depth_blocked_train/prediction_summary.csv,single-well depth-heldout test sample; not multi-well generalization
141,2560,3989.82418703,0.6547303795814514,0.5084659457206726,0.053797949105501175,0.12286338955163956,0.08422467857599258,docs/thesis_evidence/remote_exp008_depth_blocked_train/prediction_summary.csv,single-well depth-heldout test sample; not multi-well generalization
142,2561,3990.32114071,0.9096391797065735,0.028601933270692825,0.04501074180006981,0.14505799114704132,0.0647338256239891,docs/thesis_evidence/remote_exp008_depth_blocked_train/prediction_summary.csv,single-well depth-heldout test sample; not multi-well generalization
143,2562,3990.80471577,0.675640344619751,0.02789616584777832,0.01842447556555271,0.08525602519512177,0.02199954353272915,docs/thesis_evidence/remote_exp008_depth_blocked_train/prediction_summary.csv,single-well depth-heldout test sample; not multi-well generalization
144,2563,3991.31216098,0.19716989994049072,0.01949152909219265,0.006122457329183817,0.02375887520611286,0.004095554351806641,docs/thesis_evidence/remote_exp008_depth_blocked_train/prediction_summary.csv,single-well depth-heldout test sample; not multi-well generalization
145,2564,3991.81197914,0.19716989994049072,0.026587873697280884,0.006325709167867899,0.024470830336213112,0.004316576290875673,docs/thesis_evidence/remote_exp008_depth_blocked_train/prediction_summary.csv,single-well depth-heldout test sample; not multi-well generalization
146,2565,3992.32068922,0.19716989994049072,0.03854142874479294,0.013210115022957325,0.03170979395508766,0.01089609693735838,docs/thesis_evidence/remote_exp008_depth_blocked_train/prediction_summary.csv,single-well depth-heldout test sample; not multi-well generalization
147,2566,3992.82747213,0.0,0.04331612586975098,0.003144103568047285,0.011892537586390972,0.0006057748687453568,docs/thesis_evidence/remote_exp008_depth_blocked_train/prediction_summary.csv,single-well depth-heldout test sample; not multi-well generalization
148,2567,3993.31743215,0.0,0.030592620372772217,0.003941672388464212,0.013594121672213078,0.0025733178481459618,docs/thesis_evidence/remote_exp008_depth_blocked_train/prediction_summary.csv,single-well depth-heldout test sample; not multi-well generalization
149,2568,3993.8356516,0.0,0.021830836310982704,0.003408922581002116,0.012522481381893158,0.000985806342214346,docs/thesis_evidence/remote_exp008_depth_blocked_train/prediction_summary.csv,single-well depth-heldout test sample; not multi-well generalization
150,2569,3994.33742419,0.0,0.027135193347930908,0.00282847136259079,0.01183597557246685,0.0009197105537168682,docs/thesis_evidence/remote_exp008_depth_blocked_train/prediction_summary.csv,single-well depth-heldout test sample; not multi-well generalization
151,2570,3994.83901949,0.0,0.04812898486852646,0.007060110103338957,0.019381871446967125,0.011523781344294548,docs/thesis_evidence/remote_exp008_depth_blocked_train/prediction_summary.csv,single-well depth-heldout test sample; not multi-well generalization
152,2571,3995.38160983,0.0,0.054360128939151764,0.008560237474739552,0.022555392235517502,0.012999849393963814,docs/thesis_evidence/remote_exp008_depth_blocked_train/prediction_summary.csv,single-well depth-heldout test sample; not multi-well generalization
153,2572,3995.88493677,0.0,0.03293974697589874,0.00427593570202589,0.013771831057965755,0.0037620607763528824,docs/thesis_evidence/remote_exp008_depth_blocked_train/prediction_summary.csv,single-well depth-heldout test sample; not multi-well generalization
154,2573,3996.38618591,0.0,0.02603456936776638,0.0031005677301436663,0.010911361314356327,0.0021154768764972687,docs/thesis_evidence/remote_exp008_depth_blocked_train/prediction_summary.csv,single-well depth-heldout test sample; not multi-well generalization
155,2574,3996.91241672,0.0,0.031695786863565445,0.009753902442753315,0.022418467327952385,0.0077443234622478485,docs/thesis_evidence/remote_exp008_depth_blocked_train/prediction_summary.csv,single-well depth-heldout test sample; not multi-well generalization
156,2575,3997.40596474,0.0,0.0380692295730114,0.008173814043402672,0.025015434250235558,0.0031953249126672745,docs/thesis_evidence/remote_exp008_depth_blocked_train/prediction_summary.csv,single-well depth-heldout test sample; not multi-well generalization
157,2576,3997.91252126,0.0,0.07980508357286453,0.013723588548600674,0.035838533192873,0.009793051518499851,docs/thesis_evidence/remote_exp008_depth_blocked_train/prediction_summary.csv,single-well depth-heldout test sample; not multi-well generalization
158,2577,3998.4217757,0.0,0.06508754938840866,0.015671733766794205,0.0393826924264431,0.010768908075988293,docs/thesis_evidence/remote_exp008_depth_blocked_train/prediction_summary.csv,single-well depth-heldout test sample; not multi-well generalization
159,2578,3998.92282525,0.0,0.02364039421081543,0.004854545928537846,0.017063848674297333,0.00033378915395587683,docs/thesis_evidence/remote_exp008_depth_blocked_train/prediction_summary.csv,single-well depth-heldout test sample; not multi-well generalization
160,2579,3999.44268089,0.0,0.0,0.006684501655399799,0.021621666848659515,0.0,docs/thesis_evidence/remote_exp008_depth_blocked_train/prediction_summary.csv,single-well depth-heldout test sample; not multi-well generalization
161,2580,3999.94149814,0.0,0.03024354577064514,0.01005038246512413,0.02864236943423748,0.001887807622551918,docs/thesis_evidence/remote_exp008_depth_blocked_train/prediction_summary.csv,single-well depth-heldout test sample; not multi-well generalization
162,2581,4000.43784633,2.599717378616333,0.04700183868408203,0.038156405091285706,0.17432014644145966,0.08252926915884018,docs/thesis_evidence/remote_exp008_depth_blocked_train/prediction_summary.csv,single-well depth-heldout test sample; not multi-well generalization
163,2582,4000.95955422,3.105015754699707,0.04022181034088135,0.08765378594398499,0.2778001129627228,0.1915099173784256,docs/thesis_evidence/remote_exp008_depth_blocked_train/prediction_summary.csv,single-well depth-heldout test sample; not multi-well generalization
164,2583,4001.46474144,5.047546863555908,0.981606662273407,0.11495854705572128,0.2781861424446106,0.2701549232006073,docs/thesis_evidence/remote_exp008_depth_blocked_train/prediction_summary.csv,single-well depth-heldout test sample; not multi-well generalization
165,2584,4001.95880892,3.908682346343994,0.9328784942626953,0.10549250990152359,0.2707669138908386,0.2471252679824829,docs/thesis_evidence/remote_exp008_depth_blocked_train/prediction_summary.csv,single-well depth-heldout test sample; not multi-well generalization
166,2585,4002.46448953,3.5056004524230957,0.8669050931930542,0.09492696076631546,0.25442397594451904,0.19385530054569244,docs/thesis_evidence/remote_exp008_depth_blocked_train/prediction_summary.csv,single-well depth-heldout test sample; not multi-well generalization
167,2586,4002.98382596,2.89713716506958,0.575386643409729,0.08699528127908707,0.25074532628059387,0.18194691836833954,docs/thesis_evidence/remote_exp008_depth_blocked_train/prediction_summary.csv,single-well depth-heldout test sample; not multi-well generalization
168,2587,4003.50358104,1.0339053869247437,1.004680871963501,0.06674499064683914,0.16927270591259003,0.10126258432865143,docs/thesis_evidence/remote_exp008_depth_blocked_train/prediction_summary.csv,single-well depth-heldout test sample; not multi-well generalization
169,2588,4004.00556642,1.2268662452697754,1.4449810981750488,0.09176375716924667,0.2174505740404129,0.18851375579833984,docs/thesis_evidence/remote_exp008_depth_blocked_train/prediction_summary.csv,single-well depth-heldout test sample; not multi-well generalization
170,2589,4004.51267936,1.423587679862976,0.3729967772960663,0.06647362560033798,0.17889553308486938,0.10050352662801743,docs/thesis_evidence/remote_exp008_depth_blocked_train/prediction_summary.csv,single-well depth-heldout test sample; not multi-well generalization
171,2590,4005.01996495,2.105841636657715,0.3759523332118988,0.0668916180729866,0.1788410246372223,0.11541680991649628,docs/thesis_evidence/remote_exp008_depth_blocked_train/prediction_summary.csv,single-well depth-heldout test sample; not multi-well generalization
172,2591,4005.51920095,1.0558704137802124,0.08938338607549667,0.03502514213323593,0.11719506233930588,0.03813351318240166,docs/thesis_evidence/remote_exp008_depth_blocked_train/prediction_summary.csv,single-well depth-heldout test sample; not multi-well generalization
173,2592,4006.02648867,1.5129079818725586,0.1697474718093872,0.06446188688278198,0.19906659424304962,0.0915582999587059,docs/thesis_evidence/remote_exp008_depth_blocked_train/prediction_summary.csv,single-well depth-heldout test sample; not multi-well generalization
174,2593,4006.53389615,1.1516170501708984,0.0,0.05423435568809509,0.19600076973438263,0.08422398567199707,docs/thesis_evidence/remote_exp008_depth_blocked_train/prediction_summary.csv,single-well depth-heldout test sample; not multi-well generalization
175,2594,4007.03505949,1.9429352283477783,0.0932067483663559,0.09333661198616028,0.27435895800590515,0.16151438653469086,docs/thesis_evidence/remote_exp008_depth_blocked_train/prediction_summary.csv,single-well depth-heldout test sample; not multi-well generalization
176,2595,4007.55460997,4.103484153747559,0.3549764156341553,0.13807198405265808,0.37919408082962036,0.2612156569957733,docs/thesis_evidence/remote_exp008_depth_blocked_train/prediction_summary.csv,single-well depth-heldout test sample; not multi-well generalization
177,2596,4008.06083754,5.796700954437256,0.3554711639881134,0.16423611342906952,0.43225914239883423,0.36191171407699585,docs/thesis_evidence/remote_exp008_depth_blocked_train/prediction_summary.csv,single-well depth-heldout test sample; not multi-well generalization
178,2597,4008.55097053,7.365628719329834,0.4846276640892029,0.1784014105796814,0.4518983066082001,0.41686999797821045,docs/thesis_evidence/remote_exp008_depth_blocked_train/prediction_summary.csv,single-well depth-heldout test sample; not multi-well generalization
179,2598,4009.05703086,8.425443649291992,0.07414277642965317,0.16432276368141174,0.47819533944129944,0.40858009457588196,docs/thesis_evidence/remote_exp008_depth_blocked_train/prediction_summary.csv,single-well depth-heldout test sample; not multi-well generalization
180,2599,4009.55422952,6.980103015899658,0.29659581184387207,0.10490167886018753,0.329207181930542,0.25948065519332886,docs/thesis_evidence/remote_exp008_depth_blocked_train/prediction_summary.csv,single-well depth-heldout test sample; not multi-well generalization
181,2600,4010.06692575,4.704089164733887,0.20624390244483948,0.053647443652153015,0.19958461821079254,0.1232699528336525,docs/thesis_evidence/remote_exp008_depth_blocked_train/prediction_summary.csv,single-well depth-heldout test sample; not multi-well generalization
182,2601,4010.56969506,0.08484631776809692,1.1448408365249634,0.09904556721448898,0.21208485960960388,0.2149280607700348,docs/thesis_evidence/remote_exp008_depth_blocked_train/prediction_summary.csv,single-well depth-heldout test sample; not multi-well generalization
183,2602,4011.10068703,11.251778602600098,0.22368745505809784,0.1075933575630188,0.39320680499076843,0.20260362327098846,docs/thesis_evidence/remote_exp008_depth_blocked_train/prediction_summary.csv,single-well depth-heldout test sample; not multi-well generalization
184,2603,4011.62935175,15.286705017089844,0.2810331881046295,0.20039382576942444,0.575354278087616,0.3766939342021942,docs/thesis_evidence/remote_exp008_depth_blocked_train/prediction_summary.csv,single-well depth-heldout test sample; not multi-well generalization
185,2604,4012.11566642,15.370071411132812,0.550696611404419,0.2828194200992584,0.6813095211982727,0.5216955542564392,docs/thesis_evidence/remote_exp008_depth_blocked_train/prediction_summary.csv,single-well depth-heldout test sample; not multi-well generalization
186,2605,4012.61901415,13.275941848754883,0.6995274424552917,0.32174068689346313,0.7105191349983215,0.5709689855575562,docs/thesis_evidence/remote_exp008_depth_blocked_train/prediction_summary.csv,single-well depth-heldout test sample; not multi-well generalization
187,2606,4013.12142127,9.614827156066895,0.8141037821769714,0.2532273530960083,0.6045342683792114,0.4220365285873413,docs/thesis_evidence/remote_exp008_depth_blocked_train/prediction_summary.csv,single-well depth-heldout test sample; not multi-well generalization
188,2607,4013.60477111,6.370711326599121,1.7177064418792725,0.16241417825222015,0.4207431972026825,0.24814046919345856,docs/thesis_evidence/remote_exp008_depth_blocked_train/prediction_summary.csv,single-well depth-heldout test sample; not multi-well generalization
189,2608,4014.11372671,2.8648815155029297,0.5607553124427795,0.11845599859952927,0.31173813343048096,0.2048792541027069,docs/thesis_evidence/remote_exp008_depth_blocked_train/prediction_summary.csv,single-well depth-heldout test sample; not multi-well generalization
190,2609,4014.60120027,1.0808759927749634,0.0,0.10263251513242722,0.2382647693157196,0.17126978933811188,docs/thesis_evidence/remote_exp008_depth_blocked_train/prediction_summary.csv,single-well depth-heldout test sample; not multi-well generalization
191,2610,4015.09997411,1.0182645320892334,0.0,0.09644705057144165,0.2331591546535492,0.15590661764144897,docs/thesis_evidence/remote_exp008_depth_blocked_train/prediction_summary.csv,single-well depth-heldout test sample; not multi-well generalization
192,2611,4015.62057683,2.697148561477661,0.2913206219673157,0.11163979768753052,0.3150676488876343,0.20518752932548523,docs/thesis_evidence/remote_exp008_depth_blocked_train/prediction_summary.csv,single-well depth-heldout test sample; not multi-well generalization
193,2612,4016.10506702,4.16634464263916,0.24893637001514435,0.16223517060279846,0.42086634039878845,0.32142093777656555,docs/thesis_evidence/remote_exp008_depth_blocked_train/prediction_summary.csv,single-well depth-heldout test sample; not multi-well generalization
194,2613,4016.61561041,4.876514911651611,0.2406693994998932,0.1625431776046753,0.4277994632720947,0.3346673846244812,docs/thesis_evidence/remote_exp008_depth_blocked_train/prediction_summary.csv,single-well depth-heldout test sample; not multi-well generalization
195,2614,4017.86371877,3.2903823852539062,0.08147993683815002,0.12779024243354797,0.34205490350723267,0.23924531042575836,docs/thesis_evidence/remote_exp008_depth_blocked_train/prediction_summary.csv,single-well depth-heldout test sample; not multi-well generalization
196,2615,4017.97583288,2.898019790649414,0.0,0.11925216019153595,0.3337782621383667,0.21388579905033112,docs/thesis_evidence/remote_exp008_depth_blocked_train/prediction_summary.csv,single-well depth-heldout test sample; not multi-well generalization
197,2616,4018.14844072,2.147876262664795,0.03987395763397217,0.09132759273052216,0.2685546278953552,0.15711255371570587,docs/thesis_evidence/remote_exp008_depth_blocked_train/prediction_summary.csv,single-well depth-heldout test sample; not multi-well generalization
198,2617,4018.59921075,2.2887818813323975,0.012173295021057129,0.08940993994474411,0.2709830105304718,0.1475684493780136,docs/thesis_evidence/remote_exp008_depth_blocked_train/prediction_summary.csv,single-well depth-heldout test sample; not multi-well generalization
199,2618,4019.10862952,1.827734351158142,0.0,0.026609862223267555,0.1373330056667328,0.040012430399656296,docs/thesis_evidence/remote_exp008_depth_blocked_train/prediction_summary.csv,single-well depth-heldout test sample; not multi-well generalization
200,2619,4019.58950477,0.8146251440048218,0.0,0.02354709431529045,0.10637408494949341,0.0319388248026371,docs/thesis_evidence/remote_exp008_depth_blocked_train/prediction_summary.csv,single-well depth-heldout test sample; not multi-well generalization
201,2620,4020.07488225,0.799780547618866,0.044317763298749924,0.05323590710759163,0.1508738100528717,0.0719510018825531,docs/thesis_evidence/remote_exp008_depth_blocked_train/prediction_summary.csv,single-well depth-heldout test sample; not multi-well generalization
202,2621,4020.59296931,0.7666918039321899,0.4206279218196869,0.06092872843146324,0.13371896743774414,0.08709146082401276,docs/thesis_evidence/remote_exp008_depth_blocked_train/prediction_summary.csv,single-well depth-heldout test sample; not multi-well generalization
203,2622,4021.09485315,0.7666918039321899,0.27775484323501587,0.06184012442827225,0.13857781887054443,0.08142152428627014,docs/thesis_evidence/remote_exp008_depth_blocked_train/prediction_summary.csv,single-well depth-heldout test sample; not multi-well generalization
204,2623,4021.59490079,0.739301323890686,0.1146765649318695,0.05074916407465935,0.12378200888633728,0.0648549348115921,docs/thesis_evidence/remote_exp008_depth_blocked_train/prediction_summary.csv,single-well depth-heldout test sample; not multi-well generalization
205,2624,4022.09464661,0.6177926063537598,0.225029855966568,0.03811870515346527,0.08525457233190536,0.05590127408504486,docs/thesis_evidence/remote_exp008_depth_blocked_train/prediction_summary.csv,single-well depth-heldout test sample; not multi-well generalization
206,2625,4022.59668612,1.0340533256530762,0.06672894954681396,0.03383316099643707,0.10545357316732407,0.048203349113464355,docs/thesis_evidence/remote_exp008_depth_blocked_train/prediction_summary.csv,single-well depth-heldout test sample; not multi-well generalization
207,2626,4023.10548767,1.544666051864624,0.07115760445594788,0.06552886217832565,0.19098691642284393,0.11996757984161377,docs/thesis_evidence/remote_exp008_depth_blocked_train/prediction_summary.csv,single-well depth-heldout test sample; not multi-well generalization
208,2627,4023.59426482,2.336662530899048,0.027953803539276123,0.0891951248049736,0.27375173568725586,0.1712314635515213,docs/thesis_evidence/remote_exp008_depth_blocked_train/prediction_summary.csv,single-well depth-heldout test sample; not multi-well generalization
209,2628,4024.0819182,5.126765727996826,0.06416206806898117,0.15909497439861298,0.430835485458374,0.3482503592967987,docs/thesis_evidence/remote_exp008_depth_blocked_train/prediction_summary.csv,single-well depth-heldout test sample; not multi-well generalization
210,2629,4024.58376796,6.257199287414551,0.047429878264665604,0.17919886112213135,0.47630172967910767,0.40093404054641724,docs/thesis_evidence/remote_exp008_depth_blocked_train/prediction_summary.csv,single-well depth-heldout test sample; not multi-well generalization
211,2630,4025.08450002,6.527443885803223,0.08290369808673859,0.15712778270244598,0.45171022415161133,0.3465990126132965,docs/thesis_evidence/remote_exp008_depth_blocked_train/prediction_summary.csv,single-well depth-heldout test sample; not multi-well generalization
212,2631,4025.59245417,5.389732360839844,0.060295552015304565,0.16513298451900482,0.436737060546875,0.3508318364620209,docs/thesis_evidence/remote_exp008_depth_blocked_train/prediction_summary.csv,single-well depth-heldout test sample; not multi-well generalization
213,2632,4026.08882287,2.4187278747558594,0.09795784205198288,0.11340108513832092,0.2950283885002136,0.2248024046421051,docs/thesis_evidence/remote_exp008_depth_blocked_train/prediction_summary.csv,single-well depth-heldout test sample; not multi-well generalization
214,2633,4026.56886189,1.3665211200714111,0.04529867693781853,0.08349950611591339,0.2181648164987564,0.1507110595703125,docs/thesis_evidence/remote_exp008_depth_blocked_train/prediction_summary.csv,single-well depth-heldout test sample; not multi-well generalization
215,2634,4027.06487736,1.5031260251998901,0.0446118526160717,0.06922534853219986,0.20076318085193634,0.12711499631404877,docs/thesis_evidence/remote_exp008_depth_blocked_train/prediction_summary.csv,single-well depth-heldout test sample; not multi-well generalization
216,2635,4027.55575133,1.7215967178344727,0.052741169929504395,0.035648051649332047,0.14669686555862427,0.06722507625818253,docs/thesis_evidence/remote_exp008_depth_blocked_train/prediction_summary.csv,single-well depth-heldout test sample; not multi-well generalization
217,2636,4028.0460911,0.0,0.1701640635728836,0.032622527331113815,0.07224417477846146,0.04408395662903786,docs/thesis_evidence/remote_exp008_depth_blocked_train/prediction_summary.csv,single-well depth-heldout test sample; not multi-well generalization
218,2637,4028.66504817,0.0,0.041293323040008545,0.00342561025172472,0.01311391219496727,0.001153836608864367,docs/thesis_evidence/remote_exp008_depth_blocked_train/prediction_summary.csv,single-well depth-heldout test sample; not multi-well generalization
219,2638,4029.27713115,0.0,0.05333423614501953,0.012555655092000961,0.03343430161476135,0.007355534937232733,docs/thesis_evidence/remote_exp008_depth_blocked_train/prediction_summary.csv,single-well depth-heldout test sample; not multi-well generalization
220,2639,4029.54365314,0.0,0.15521587431430817,0.02781439572572708,0.06327223777770996,0.03459608927369118,docs/thesis_evidence/remote_exp008_depth_blocked_train/prediction_summary.csv,single-well depth-heldout test sample; not multi-well generalization
221,2640,4030.0422166,0.0,0.04633605480194092,0.007020439021289349,0.01898788847029209,0.009058600291609764,docs/thesis_evidence/remote_exp008_depth_blocked_train/prediction_summary.csv,single-well depth-heldout test sample; not multi-well generalization
222,2641,4030.53184381,0.0,0.046696025878190994,0.004975334275513887,0.017666758969426155,0.001946807955391705,docs/thesis_evidence/remote_exp008_depth_blocked_train/prediction_summary.csv,single-well depth-heldout test sample; not multi-well generalization
223,2642,4031.0411577,0.0,0.04244929552078247,0.004443116020411253,0.01620866172015667,0.002495420863851905,docs/thesis_evidence/remote_exp008_depth_blocked_train/prediction_summary.csv,single-well depth-heldout test sample; not multi-well generalization
224,2643,4031.55200597,0.0,0.05224812030792236,0.0029131490737199783,0.011752310208976269,0.0022416485007852316,docs/thesis_evidence/remote_exp008_depth_blocked_train/prediction_summary.csv,single-well depth-heldout test sample; not multi-well generalization
225,2644,4032.04154174,0.0,0.05764619633555412,0.003989185206592083,0.015583309344947338,0.0024015167728066444,docs/thesis_evidence/remote_exp008_depth_blocked_train/prediction_summary.csv,single-well depth-heldout test sample; not multi-well generalization
226,2645,4032.55127196,0.0,0.04483652114868164,0.003641403280198574,0.014272037893533707,0.0014487324515357614,docs/thesis_evidence/remote_exp008_depth_blocked_train/prediction_summary.csv,single-well depth-heldout test sample; not multi-well generalization
227,2646,4033.05329884,0.0,0.031299035996198654,0.004523227456957102,0.01762825809419155,0.0013161527458578348,docs/thesis_evidence/remote_exp008_depth_blocked_train/prediction_summary.csv,single-well depth-heldout test sample; not multi-well generalization
228,2647,4033.5649295,0.0,0.026121973991394043,0.003650231519713998,0.014748916029930115,0.0016013558488339186,docs/thesis_evidence/remote_exp008_depth_blocked_train/prediction_summary.csv,single-well depth-heldout test sample; not multi-well generalization
229,2648,4034.07491114,0.0,0.032569050788879395,0.009536118246614933,0.028571393340826035,0.0009677296038717031,docs/thesis_evidence/remote_exp008_depth_blocked_train/prediction_summary.csv,single-well depth-heldout test sample; not multi-well generalization
230,2649,4034.56209563,0.0,0.02942737005650997,0.0025143842212855816,0.01067592203617096,0.0013920104829594493,docs/thesis_evidence/remote_exp008_depth_blocked_train/prediction_summary.csv,single-well depth-heldout test sample; not multi-well generalization
231,2650,4035.05870038,0.0,0.029775619506835938,0.0025100447237491608,0.01072334311902523,0.0013874092837795615,docs/thesis_evidence/remote_exp008_depth_blocked_train/prediction_summary.csv,single-well depth-heldout test sample; not multi-well generalization
232,2651,4035.5668396,0.0,0.02939477004110813,0.003950483165681362,0.013207993470132351,0.0021515137050300837,docs/thesis_evidence/remote_exp008_depth_blocked_train/prediction_summary.csv,single-well depth-heldout test sample; not multi-well generalization
233,2652,4036.0450956,0.0,0.03281092643737793,0.005680534522980452,0.016139470040798187,0.004745697136968374,docs/thesis_evidence/remote_exp008_depth_blocked_train/prediction_summary.csv,single-well depth-heldout test sample; not multi-well generalization
234,2653,4036.56093062,0.0,0.034266889095306396,0.008120393380522728,0.020206859335303307,0.006825604010373354,docs/thesis_evidence/remote_exp008_depth_blocked_train/prediction_summary.csv,single-well depth-heldout test sample; not multi-well generalization
235,2654,4037.05018141,0.0,0.032967180013656616,0.0035344245843589306,0.01305082906037569,0.0021056507248431444,docs/thesis_evidence/remote_exp008_depth_blocked_train/prediction_summary.csv,single-well depth-heldout test sample; not multi-well generalization
236,2655,4037.55811981,0.0,0.052893996238708496,0.007955745793879032,0.025258377194404602,0.002391975838690996,docs/thesis_evidence/remote_exp008_depth_blocked_train/prediction_summary.csv,single-well depth-heldout test sample; not multi-well generalization
237,2656,4038.05265086,0.0,0.05038265883922577,0.015236841514706612,0.039350029081106186,0.009133943356573582,docs/thesis_evidence/remote_exp008_depth_blocked_train/prediction_summary.csv,single-well depth-heldout test sample; not multi-well generalization
238,2657,4038.5316638,0.0,0.061966460198163986,0.01056224387139082,0.03070162981748581,0.005182438530027866,docs/thesis_evidence/remote_exp008_depth_blocked_train/prediction_summary.csv,single-well depth-heldout test sample; not multi-well generalization
239,2658,4039.03574402,0.0,0.04296271130442619,0.00847474206238985,0.026116566732525826,0.003557175397872925,docs/thesis_evidence/remote_exp008_depth_blocked_train/prediction_summary.csv,single-well depth-heldout test sample; not multi-well generalization
240,2659,4039.5473009,0.0,0.04511260986328125,0.0030850800685584545,0.011647279374301434,0.0007418454624712467,docs/thesis_evidence/remote_exp008_depth_blocked_train/prediction_summary.csv,single-well depth-heldout test sample; not multi-well generalization
241,2660,4040.02723169,0.0,0.0,0.005498731508851051,0.019024686887860298,0.00030405400320887566,docs/thesis_evidence/remote_exp008_depth_blocked_train/prediction_summary.csv,single-well depth-heldout test sample; not multi-well generalization
242,2661,4040.52914892,0.0,0.01999729871749878,0.005347448866814375,0.018688911572098732,0.0005652476684190333,docs/thesis_evidence/remote_exp008_depth_blocked_train/prediction_summary.csv,single-well depth-heldout test sample; not multi-well generalization
243,2662,4041.02271957,0.0,0.046775154769420624,0.0037024933844804764,0.01423218846321106,0.00453146593645215,docs/thesis_evidence/remote_exp008_depth_blocked_train/prediction_summary.csv,single-well depth-heldout test sample; not multi-well generalization
244,2663,4041.51676529,0.0,0.051317837089300156,0.008718647994101048,0.022165881469845772,0.009873892180621624,docs/thesis_evidence/remote_exp008_depth_blocked_train/prediction_summary.csv,single-well depth-heldout test sample; not multi-well generalization
245,2664,4042.02314671,0.0,0.0344841368496418,0.0044267550110816956,0.014709465205669403,0.005434035323560238,docs/thesis_evidence/remote_exp008_depth_blocked_train/prediction_summary.csv,single-well depth-heldout test sample; not multi-well generalization
246,2665,4042.51602116,0.0,0.04790666699409485,0.003774309763684869,0.014989381656050682,0.0027223238721489906,docs/thesis_evidence/remote_exp008_depth_blocked_train/prediction_summary.csv,single-well depth-heldout test sample; not multi-well generalization
247,2666,4043.01220219,0.0,0.02713310718536377,0.004645576700568199,0.017157936468720436,0.0011438963701948524,docs/thesis_evidence/remote_exp008_depth_blocked_train/prediction_summary.csv,single-well depth-heldout test sample; not multi-well generalization
248,2667,4043.50995812,0.0,0.056421101093292236,0.0076895602978765965,0.02422802895307541,0.0031307002063840628,docs/thesis_evidence/remote_exp008_depth_blocked_train/prediction_summary.csv,single-well depth-heldout test sample; not multi-well generalization
249,2668,4043.99727327,0.0,0.02661120891571045,0.007066900841891766,0.02236618660390377,0.0014952513156458735,docs/thesis_evidence/remote_exp008_depth_blocked_train/prediction_summary.csv,single-well depth-heldout test sample; not multi-well generalization
250,2669,4044.49935492,0.0,0.04006723687052727,0.008929223753511906,0.02638106420636177,0.0016911248676478863,docs/thesis_evidence/remote_exp008_depth_blocked_train/prediction_summary.csv,single-well depth-heldout test sample; not multi-well generalization
251,2670,4044.99495107,0.0,0.023833751678466797,0.004080064594745636,0.01598196290433407,0.000700570410117507,docs/thesis_evidence/remote_exp008_depth_blocked_train/prediction_summary.csv,single-well depth-heldout test sample; not multi-well generalization
252,2671,4045.49026603,0.0,0.15256083011627197,0.029564201831817627,0.06859897077083588,0.03769995644688606,docs/thesis_evidence/remote_exp008_depth_blocked_train/prediction_summary.csv,single-well depth-heldout test sample; not multi-well generalization
253,2672,4045.99369938,0.0,0.15500564873218536,0.02979375794529915,0.06939169019460678,0.03818777948617935,docs/thesis_evidence/remote_exp008_depth_blocked_train/prediction_summary.csv,single-well depth-heldout test sample; not multi-well generalization
254,2673,4046.4805822,0.0,0.04157555103302002,0.004553735721856356,0.016363125294446945,0.0006823119474574924,docs/thesis_evidence/remote_exp008_depth_blocked_train/prediction_summary.csv,single-well depth-heldout test sample; not multi-well generalization
255,2674,4046.95596035,0.0,0.011866092681884766,0.006142165046185255,0.01956821233034134,0.00016851785767357796,docs/thesis_evidence/remote_exp008_depth_blocked_train/prediction_summary.csv,single-well depth-heldout test sample; not multi-well generalization
256,2675,4047.45730088,0.0,0.043929100036621094,0.007092064246535301,0.022357970476150513,0.0013158313231542706,docs/thesis_evidence/remote_exp008_depth_blocked_train/prediction_summary.csv,single-well depth-heldout test sample; not multi-well generalization
257,2676,4047.95730089,0.0,0.06370989978313446,0.013293884694576263,0.03590462729334831,0.00957972090691328,docs/thesis_evidence/remote_exp008_depth_blocked_train/prediction_summary.csv,single-well depth-heldout test sample; not multi-well generalization
258,2677,4048.45759332,0.0,0.06540866196155548,0.015838950872421265,0.04050518199801445,0.012603892013430595,docs/thesis_evidence/remote_exp008_depth_blocked_train/prediction_summary.csv,single-well depth-heldout test sample; not multi-well generalization
259,2678,4048.95247949,0.0,0.4540453553199768,0.055468373000621796,0.12055161595344543,0.10596656799316406,docs/thesis_evidence/remote_exp008_depth_blocked_train/prediction_summary.csv,single-well depth-heldout test sample; not multi-well generalization
260,2679,4049.44594603,0.0,0.03696061670780182,0.013101572170853615,0.0349947027862072,0.004276774358004332,docs/thesis_evidence/remote_exp008_depth_blocked_train/prediction_summary.csv,single-well depth-heldout test sample; not multi-well generalization
261,2680,4049.94824756,0.0,0.07641083747148514,0.016629327088594437,0.04155689850449562,0.01157173328101635,docs/thesis_evidence/remote_exp008_depth_blocked_train/prediction_summary.csv,single-well depth-heldout test sample; not multi-well generalization
262,2681,4050.45003115,0.0,0.27469953894615173,0.03958548977971077,0.08910104632377625,0.06827803701162338,docs/thesis_evidence/remote_exp008_depth_blocked_train/prediction_summary.csv,single-well depth-heldout test sample; not multi-well generalization
263,2682,4050.93270704,0.0,0.2484242469072342,0.035223931074142456,0.08044154196977615,0.06255090981721878,docs/thesis_evidence/remote_exp008_depth_blocked_train/prediction_summary.csv,single-well depth-heldout test sample; not multi-well generalization
264,2683,4051.42598033,0.0,0.3221513330936432,0.04180357977747917,0.09387250244617462,0.07891624420881271,docs/thesis_evidence/remote_exp008_depth_blocked_train/prediction_summary.csv,single-well depth-heldout test sample; not multi-well generalization
265,2684,4052.05733561,0.0,0.616537868976593,0.06509776413440704,0.14053739607334137,0.13645067811012268,docs/thesis_evidence/remote_exp008_depth_blocked_train/prediction_summary.csv,single-well depth-heldout test sample; not multi-well generalization
266,2685,4052.71810183,0.0,0.7769570350646973,0.07702609151601791,0.16623102128505707,0.16343055665493011,docs/thesis_evidence/remote_exp008_depth_blocked_train/prediction_summary.csv,single-well depth-heldout test sample; not multi-well generalization
267,2686,4052.92858193,0.0,0.8859742879867554,0.08418913185596466,0.1813911646604538,0.18039584159851074,docs/thesis_evidence/remote_exp008_depth_blocked_train/prediction_summary.csv,single-well depth-heldout test sample; not multi-well generalization
268,2687,4053.42294609,0.0,0.5707337856292725,0.06286748498678207,0.13638487458229065,0.12807458639144897,docs/thesis_evidence/remote_exp008_depth_blocked_train/prediction_summary.csv,single-well depth-heldout test sample; not multi-well generalization
269,2688,4053.92479684,0.0,0.27437782287597656,0.03873371705412865,0.08568262308835983,0.06844155490398407,docs/thesis_evidence/remote_exp008_depth_blocked_train/prediction_summary.csv,single-well depth-heldout test sample; not multi-well generalization
270,2689,4054.43410493,0.0,0.019497593864798546,0.007634306326508522,0.025156628340482712,0.0008261730545200408,docs/thesis_evidence/remote_exp008_depth_blocked_train/prediction_summary.csv,single-well depth-heldout test sample; not multi-well generalization
271,2690,4054.91036278,0.0,0.2971903383731842,0.04041279852390289,0.09038928896188736,0.07333347946405411,docs/thesis_evidence/remote_exp008_depth_blocked_train/prediction_summary.csv,single-well depth-heldout test sample; not multi-well generalization
272,2691,4055.41223891,0.0,0.2543592154979706,0.03670746833086014,0.0824938490986824,0.06371509283781052,docs/thesis_evidence/remote_exp008_depth_blocked_train/prediction_summary.csv,single-well depth-heldout test sample; not multi-well generalization
273,2692,4055.91899076,0.0,0.36397406458854675,0.048413947224617004,0.10651212930679321,0.08810370415449142,docs/thesis_evidence/remote_exp008_depth_blocked_train/prediction_summary.csv,single-well depth-heldout test sample; not multi-well generalization
274,2693,4056.39728061,0.0,0.27841708064079285,0.041027896106243134,0.09035452455282211,0.0695725679397583,docs/thesis_evidence/remote_exp008_depth_blocked_train/prediction_summary.csv,single-well depth-heldout test sample; not multi-well generalization
275,2694,4056.9060164,0.0,0.28373998403549194,0.04210297390818596,0.09264909476041794,0.07077855616807938,docs/thesis_evidence/remote_exp008_depth_blocked_train/prediction_summary.csv,single-well depth-heldout test sample; not multi-well generalization
276,2695,4057.40157577,0.0,0.034548740833997726,0.006641369313001633,0.022646773606538773,0.002967060776427388,docs/thesis_evidence/remote_exp008_depth_blocked_train/prediction_summary.csv,single-well depth-heldout test sample; not multi-well generalization
277,2696,4057.88218542,0.0,0.03932380676269531,0.00841912068426609,0.026459386572241783,0.0022050116676837206,docs/thesis_evidence/remote_exp008_depth_blocked_train/prediction_summary.csv,single-well depth-heldout test sample; not multi-well generalization
278,2697,4058.38505818,0.0,0.03961818292737007,0.00956530962139368,0.028907885774970055,0.0027774227783083916,docs/thesis_evidence/remote_exp008_depth_blocked_train/prediction_summary.csv,single-well depth-heldout test sample; not multi-well generalization
279,2698,4058.87114179,0.0,0.07738043367862701,0.01579241082072258,0.041236937046051025,0.013633179478347301,docs/thesis_evidence/remote_exp008_depth_blocked_train/prediction_summary.csv,single-well depth-heldout test sample; not multi-well generalization
280,2699,4059.36247565,0.0,0.07465149462223053,0.016493644565343857,0.04279658943414688,0.013160709291696548,docs/thesis_evidence/remote_exp008_depth_blocked_train/prediction_summary.csv,single-well depth-heldout test sample; not multi-well generalization
281,2700,4059.88129156,0.0,0.16694970428943634,0.028674356639385223,0.06616996973752975,0.043437715619802475,docs/thesis_evidence/remote_exp008_depth_blocked_train/prediction_summary.csv,single-well depth-heldout test sample; not multi-well generalization
282,2701,4060.36247605,0.0,0.05378883332014084,0.01276416052132845,0.03563183918595314,0.006876607425510883,docs/thesis_evidence/remote_exp008_depth_blocked_train/prediction_summary.csv,single-well depth-heldout test sample; not multi-well generalization
283,2702,4060.86388689,0.0,0.07373879104852676,0.017113234847784042,0.04439108073711395,0.01403088215738535,docs/thesis_evidence/remote_exp008_depth_blocked_train/prediction_summary.csv,single-well depth-heldout test sample; not multi-well generalization
284,2703,4061.37430915,0.0,0.019846677780151367,0.004375361371785402,0.016583401709794998,0.0007011084235273302,docs/thesis_evidence/remote_exp008_depth_blocked_train/prediction_summary.csv,single-well depth-heldout test sample; not multi-well generalization
285,2704,4061.86049641,0.0,0.15204039216041565,0.027984032407402992,0.06600914895534515,0.03979252278804779,docs/thesis_evidence/remote_exp008_depth_blocked_train/prediction_summary.csv,single-well depth-heldout test sample; not multi-well generalization
286,2705,4062.36095952,0.0,0.14792844653129578,0.027890492230653763,0.06564802676439285,0.038813475519418716,docs/thesis_evidence/remote_exp008_depth_blocked_train/prediction_summary.csv,single-well depth-heldout test sample; not multi-well generalization
287,2706,4062.8620602,0.0,0.061771463602781296,0.01338687539100647,0.03773517906665802,0.01028905063867569,docs/thesis_evidence/remote_exp008_depth_blocked_train/prediction_summary.csv,single-well depth-heldout test sample; not multi-well generalization
288,2707,4063.35563118,0.0,0.05343176797032356,0.009889019653201103,0.02870798297226429,0.004438034258782864,docs/thesis_evidence/remote_exp008_depth_blocked_train/prediction_summary.csv,single-well depth-heldout test sample; not multi-well generalization
289,2708,4063.85869759,0.0,0.05648218095302582,0.01170351542532444,0.032786041498184204,0.006975102704018354,docs/thesis_evidence/remote_exp008_depth_blocked_train/prediction_summary.csv,single-well depth-heldout test sample; not multi-well generalization
290,2709,4064.34442291,0.0,0.17088653147220612,0.02709721215069294,0.06391904503107071,0.04464440047740936,docs/thesis_evidence/remote_exp008_depth_blocked_train/prediction_summary.csv,single-well depth-heldout test sample; not multi-well generalization
291,2710,4064.83745419,0.0,0.1046639233827591,0.01981378346681595,0.04920236021280289,0.025412822142243385,docs/thesis_evidence/remote_exp008_depth_blocked_train/prediction_summary.csv,single-well depth-heldout test sample; not multi-well generalization
292,2711,4065.34144355,0.0,0.29276278614997864,0.039519477635622025,0.08883678168058395,0.07279336452484131,docs/thesis_evidence/remote_exp008_depth_blocked_train/prediction_summary.csv,single-well depth-heldout test sample; not multi-well generalization
293,2712,4065.83536946,0.0,0.06027346849441528,0.013238971121609211,0.03651111572980881,0.010136736556887627,docs/thesis_evidence/remote_exp008_depth_blocked_train/prediction_summary.csv,single-well depth-heldout test sample; not multi-well generalization
294,2713,4066.33990805,0.0,0.1239575669169426,0.019414138048887253,0.048820868134498596,0.02473636530339718,docs/thesis_evidence/remote_exp008_depth_blocked_train/prediction_summary.csv,single-well depth-heldout test sample; not multi-well generalization
295,2714,4066.8420123,0.0,0.035621702671051025,0.007846511900424957,0.0254678837954998,0.001150348223745823,docs/thesis_evidence/remote_exp008_depth_blocked_train/prediction_summary.csv,single-well depth-heldout test sample; not multi-well generalization
296,2715,4067.32980768,0.0,0.04133337736129761,0.00834417063742876,0.02696038968861103,0.001291436841711402,docs/thesis_evidence/remote_exp008_depth_blocked_train/prediction_summary.csv,single-well depth-heldout test sample; not multi-well generalization
297,2716,4067.82390024,0.0,0.027851978316903114,0.008657249622046947,0.0274212583899498,0.0011720304610207677,docs/thesis_evidence/remote_exp008_depth_blocked_train/prediction_summary.csv,single-well depth-heldout test sample; not multi-well generalization
298,2717,4068.32048366,0.0,0.07465358078479767,0.01454813964664936,0.03862474113702774,0.010397790931165218,docs/thesis_evidence/remote_exp008_depth_blocked_train/prediction_summary.csv,single-well depth-heldout test sample; not multi-well generalization
299,2718,4068.81489164,0.0,0.09727075695991516,0.015753544867038727,0.04217664897441864,0.01694110408425331,docs/thesis_evidence/remote_exp008_depth_blocked_train/prediction_summary.csv,single-well depth-heldout test sample; not multi-well generalization
300,2719,4069.31818547,0.0,0.02268117666244507,0.008001614362001419,0.026038289070129395,0.0014237642753869295,docs/thesis_evidence/remote_exp008_depth_blocked_train/prediction_summary.csv,single-well depth-heldout test sample; not multi-well generalization
301,2720,4069.81244309,0.0,0.44664812088012695,0.05394162982702255,0.11863067001104355,0.1048237681388855,docs/thesis_evidence/remote_exp008_depth_blocked_train/prediction_summary.csv,single-well depth-heldout test sample; not multi-well generalization
302,2721,4070.30769291,0.0,0.5944191217422485,0.06594724208116531,0.14354784786701202,0.1325102001428604,docs/thesis_evidence/remote_exp008_depth_blocked_train/prediction_summary.csv,single-well depth-heldout test sample; not multi-well generalization
303,2722,4070.8043358,0.0,0.06522967666387558,0.012062782421708107,0.033935531973838806,0.0047338237054646015,docs/thesis_evidence/remote_exp008_depth_blocked_train/prediction_summary.csv,single-well depth-heldout test sample; not multi-well generalization
304,2723,4071.29553818,0.0,0.541025698184967,0.06113173067569733,0.13307388126850128,0.1228429526090622,docs/thesis_evidence/remote_exp008_depth_blocked_train/prediction_summary.csv,single-well depth-heldout test sample; not multi-well generalization
305,2724,4071.78137635,0.0,0.2892754077911377,0.040459077805280685,0.08979335427284241,0.07181563973426819,docs/thesis_evidence/remote_exp008_depth_blocked_train/prediction_summary.csv,single-well depth-heldout test sample; not multi-well generalization
306,2725,4072.28461769,0.0,0.075777567923069,0.016084283590316772,0.04256414249539375,0.01036410965025425,docs/thesis_evidence/remote_exp008_depth_blocked_train/prediction_summary.csv,single-well depth-heldout test sample; not multi-well generalization
307,2726,4072.78371852,0.0,0.02106189727783203,0.006365086883306503,0.020933454856276512,0.00039890638436190784,docs/thesis_evidence/remote_exp008_depth_blocked_train/prediction_summary.csv,single-well depth-heldout test sample; not multi-well generalization
308,2727,4073.29455201,0.0,0.05129530280828476,0.009661132469773293,0.029303791001439095,0.003535748226568103,docs/thesis_evidence/remote_exp008_depth_blocked_train/prediction_summary.csv,single-well depth-heldout test sample; not multi-well generalization
309,2728,4073.78376164,0.0,0.042469073086977005,0.011113855987787247,0.031887054443359375,0.005889895372092724,docs/thesis_evidence/remote_exp008_depth_blocked_train/prediction_summary.csv,single-well depth-heldout test sample; not multi-well generalization
310,2729,4074.27509266,0.0,0.035433411598205566,0.006462228484451771,0.02158796787261963,0.0015937917632982135,docs/thesis_evidence/remote_exp008_depth_blocked_train/prediction_summary.csv,single-well depth-heldout test sample; not multi-well generalization
311,2730,4074.79154702,0.0,0.08430147171020508,0.005056358408182859,0.019109569489955902,0.0024574112612754107,docs/thesis_evidence/remote_exp008_depth_blocked_train/prediction_summary.csv,single-well depth-heldout test sample; not multi-well generalization
312,2731,4075.29003326,0.0,0.14452598989009857,0.028037402778863907,0.06566239893436432,0.035882215946912766,docs/thesis_evidence/remote_exp008_depth_blocked_train/prediction_summary.csv,single-well depth-heldout test sample; not multi-well generalization
313,2732,4075.78180372,4.6007771492004395,0.06870121508836746,0.053913552314043045,0.2325042337179184,0.07622083276510239,docs/thesis_evidence/remote_exp008_depth_blocked_train/prediction_summary.csv,single-well depth-heldout test sample; not multi-well generalization
314,2733,4076.26703378,5.3999528884887695,0.09092854708433151,0.13183312118053436,0.41283881664276123,0.21224895119667053,docs/thesis_evidence/remote_exp008_depth_blocked_train/prediction_summary.csv,single-well depth-heldout test sample; not multi-well generalization
315,2734,4076.77261899,4.8525824546813965,0.1341535896062851,0.13497158885002136,0.4060976505279541,0.21660824120044708,docs/thesis_evidence/remote_exp008_depth_blocked_train/prediction_summary.csv,single-well depth-heldout test sample; not multi-well generalization
316,2735,4077.27418723,4.8525824546813965,0.18210573494434357,0.13859514892101288,0.40390440821647644,0.2270364761352539,docs/thesis_evidence/remote_exp008_depth_blocked_train/prediction_summary.csv,single-well depth-heldout test sample; not multi-well generalization
317,2736,4077.74944481,4.978484630584717,0.08027887344360352,0.0959601104259491,0.3553279638290405,0.14378699660301208,docs/thesis_evidence/remote_exp008_depth_blocked_train/prediction_summary.csv,single-well depth-heldout test sample; not multi-well generalization
318,2737,4078.23499056,0.4736170768737793,0.1353350281715393,0.02643733285367489,0.06290525943040848,0.033351000398397446,docs/thesis_evidence/remote_exp008_depth_blocked_train/prediction_summary.csv,single-well depth-heldout test sample; not multi-well generalization
319,2738,4078.73518826,0.0,0.06818772852420807,0.01524703111499548,0.03978761285543442,0.013053412549197674,docs/thesis_evidence/remote_exp008_depth_blocked_train/prediction_summary.csv,single-well depth-heldout test sample; not multi-well generalization
320,2739,4079.21890135,5.1059465408325195,0.287259042263031,0.05264182761311531,0.15219923853874207,0.08911289274692535,docs/thesis_evidence/remote_exp008_depth_blocked_train/prediction_summary.csv,single-well depth-heldout test sample; not multi-well generalization
321,2740,4079.72395352,5.1059465408325195,0.3574756681919098,0.05703290179371834,0.1524445116519928,0.10089753568172455,docs/thesis_evidence/remote_exp008_depth_blocked_train/prediction_summary.csv,single-well depth-heldout test sample; not multi-well generalization
322,2741,4080.20894758,5.1059465408325195,0.2137262374162674,0.04791828244924545,0.14694401621818542,0.07292162626981735,docs/thesis_evidence/remote_exp008_depth_blocked_train/prediction_summary.csv,single-well depth-heldout test sample; not multi-well generalization
323,2742,4080.70485344,1.4666500091552734,0.11875220388174057,0.038803450763225555,0.14481405913829803,0.05043356493115425,docs/thesis_evidence/remote_exp008_depth_blocked_train/prediction_summary.csv,single-well depth-heldout test sample; not multi-well generalization
324,2743,4081.21175413,1.9447814226150513,0.03371626138687134,0.07721302658319473,0.26542359590530396,0.1085672676563263,docs/thesis_evidence/remote_exp008_depth_blocked_train/prediction_summary.csv,single-well depth-heldout test sample; not multi-well generalization
325,2744,4081.70891764,2.169179677963257,0.037967510521411896,0.13453741371631622,0.35342636704444885,0.1935778260231018,docs/thesis_evidence/remote_exp008_depth_blocked_train/prediction_summary.csv,single-well depth-heldout test sample; not multi-well generalization
326,2745,4082.21044225,1.918989658355713,0.04264197498559952,0.16470208764076233,0.3862026035785675,0.24269700050354004,docs/thesis_evidence/remote_exp008_depth_blocked_train/prediction_summary.csv,single-well depth-heldout test sample; not multi-well generalization
327,2746,4082.70547264,2.0333189964294434,0.04308605194091797,0.19451358914375305,0.4163742959499359,0.29546698927879333,docs/thesis_evidence/remote_exp008_depth_blocked_train/prediction_summary.csv,single-well depth-heldout test sample; not multi-well generalization
328,2747,4083.19432563,1.5904890298843384,0.26452797651290894,0.13358615338802338,0.3047938048839569,0.18199679255485535,docs/thesis_evidence/remote_exp008_depth_blocked_train/prediction_summary.csv,single-well depth-heldout test sample; not multi-well generalization
329,2748,4083.68785255,2.1858327388763428,0.5146133303642273,0.12533533573150635,0.3043290674686432,0.19124536216259003,docs/thesis_evidence/remote_exp008_depth_blocked_train/prediction_summary.csv,single-well depth-heldout test sample; not multi-well generalization
330,2749,4084.17418683,3.1226067543029785,0.043874431401491165,0.1900380551815033,0.45324525237083435,0.32239577174186707,docs/thesis_evidence/remote_exp008_depth_blocked_train/prediction_summary.csv,single-well depth-heldout test sample; not multi-well generalization
331,2750,4084.66623547,5.277401924133301,0.0836971178650856,0.23611104488372803,0.5483020544052124,0.4287654757499695,docs/thesis_evidence/remote_exp008_depth_blocked_train/prediction_summary.csv,single-well depth-heldout test sample; not multi-well generalization
332,2751,4085.16443169,7.290231227874756,0.015111386775970459,0.31671130657196045,0.6753523945808411,0.5849307179450989,docs/thesis_evidence/remote_exp008_depth_blocked_train/prediction_summary.csv,single-well depth-heldout test sample; not multi-well generalization
333,2752,4085.65320727,8.560823440551758,0.15678925812244415,0.3080361783504486,0.6601588726043701,0.5935718417167664,docs/thesis_evidence/remote_exp008_depth_blocked_train/prediction_summary.csv,single-well depth-heldout test sample; not multi-well generalization
334,2753,4086.15183678,9.436838150024414,0.0435895174741745,0.32332152128219604,0.7032777070999146,0.6594085693359375,docs/thesis_evidence/remote_exp008_depth_blocked_train/prediction_summary.csv,single-well depth-heldout test sample; not multi-well generalization
335,2754,4086.65182806,10.439483642578125,0.010561466217041016,0.3528444170951843,0.7501596212387085,0.6912169456481934,docs/thesis_evidence/remote_exp008_depth_blocked_train/prediction_summary.csv,single-well depth-heldout test sample; not multi-well generalization
336,2755,4087.14169383,11.49058723449707,0.03239312767982483,0.3671913743019104,0.7748749852180481,0.7141698598861694,docs/thesis_evidence/remote_exp008_depth_blocked_train/prediction_summary.csv,single-well depth-heldout test sample; not multi-well generalization
337,2756,4087.62970399,10.414165496826172,0.07869187742471695,0.33655354380607605,0.7235051989555359,0.6525297164916992,docs/thesis_evidence/remote_exp008_depth_blocked_train/prediction_summary.csv,single-well depth-heldout test sample; not multi-well generalization
338,2757,4088.11055652,8.891827583312988,0.030034640803933144,0.32215484976768494,0.6967862844467163,0.5951952338218689,docs/thesis_evidence/remote_exp008_depth_blocked_train/prediction_summary.csv,single-well depth-heldout test sample; not multi-well generalization
339,2758,4088.59871826,7.150242805480957,0.06982561200857162,0.2857966125011444,0.6248400211334229,0.533553957939148,docs/thesis_evidence/remote_exp008_depth_blocked_train/prediction_summary.csv,single-well depth-heldout test sample; not multi-well generalization
340,2759,4089.09855106,5.59121561050415,0.5883948802947998,0.20649826526641846,0.4533891975879669,0.36903300881385803,docs/thesis_evidence/remote_exp008_depth_blocked_train/prediction_summary.csv,single-well depth-heldout test sample; not multi-well generalization
341,2760,4089.59121035,5.197704315185547,0.060476720333099365,0.2544563114643097,0.533023476600647,0.4900074601173401,docs/thesis_evidence/remote_exp008_depth_blocked_train/prediction_summary.csv,single-well depth-heldout test sample; not multi-well generalization
342,2761,4090.20935689,6.487417697906494,0.09953826665878296,0.2769806981086731,0.5723031163215637,0.5440626740455627,docs/thesis_evidence/remote_exp008_depth_blocked_train/prediction_summary.csv,single-well depth-heldout test sample; not multi-well generalization
343,2762,4090.84290388,6.232220649719238,0.08354420214891434,0.28028014302253723,0.5806576013565063,0.5427230596542358,docs/thesis_evidence/remote_exp008_depth_blocked_train/prediction_summary.csv,single-well depth-heldout test sample; not multi-well generalization
344,2763,4091.06536412,6.219091892242432,0.13825981318950653,0.2749309837818146,0.5708763003349304,0.5270129442214966,docs/thesis_evidence/remote_exp008_depth_blocked_train/prediction_summary.csv,single-well depth-heldout test sample; not multi-well generalization
345,2764,4091.55513096,6.390437602996826,0.2698380649089813,0.26442673802375793,0.5559679865837097,0.4985038638114929,docs/thesis_evidence/remote_exp008_depth_blocked_train/prediction_summary.csv,single-well depth-heldout test sample; not multi-well generalization
346,2765,4092.0521649,7.509604454040527,0.3446642756462097,0.2749072015285492,0.5754038691520691,0.5175235271453857,docs/thesis_evidence/remote_exp008_depth_blocked_train/prediction_summary.csv,single-well depth-heldout test sample; not multi-well generalization
347,2766,4092.54516542,8.060545921325684,0.11493681371212006,0.3028373122215271,0.6329299211502075,0.5942080020904541,docs/thesis_evidence/remote_exp008_depth_blocked_train/prediction_summary.csv,single-well depth-heldout test sample; not multi-well generalization
348,2767,4093.10184559,8.982671737670898,0.15343701839447021,0.3071385324001312,0.641594409942627,0.61170494556427,docs/thesis_evidence/remote_exp008_depth_blocked_train/prediction_summary.csv,single-well depth-heldout test sample; not multi-well generalization
349,2768,4093.99083288,8.786683082580566,0.3124234974384308,0.28836163878440857,0.6067338585853577,0.5718091726303101,docs/thesis_evidence/remote_exp008_depth_blocked_train/prediction_summary.csv,single-well depth-heldout test sample; not multi-well generalization
350,2769,4094.03908993,8.697404861450195,0.37423181533813477,0.28282296657562256,0.5946340560913086,0.5560693144798279,docs/thesis_evidence/remote_exp008_depth_blocked_train/prediction_summary.csv,single-well depth-heldout test sample; not multi-well generalization
351,2770,4094.51166684,8.93678092956543,1.075777530670166,0.2421489953994751,0.5159347653388977,0.4381886124610901,docs/thesis_evidence/remote_exp008_depth_blocked_train/prediction_summary.csv,single-well depth-heldout test sample; not multi-well generalization
352,2771,4095.00488103,12.183514595031738,0.666356086730957,0.29564422369003296,0.6388258934020996,0.5599024891853333,docs/thesis_evidence/remote_exp008_depth_blocked_train/prediction_summary.csv,single-well depth-heldout test sample; not multi-well generalization
353,2772,4095.50652058,15.86188793182373,0.6659377217292786,0.3175213038921356,0.6909613013267517,0.6213586926460266,docs/thesis_evidence/remote_exp008_depth_blocked_train/prediction_summary.csv,single-well depth-heldout test sample; not multi-well generalization
354,2773,4096.00636638,15.644874572753906,0.27261900901794434,0.34433048963546753,0.7431911826133728,0.6895052790641785,docs/thesis_evidence/remote_exp008_depth_blocked_train/prediction_summary.csv,single-well depth-heldout test sample; not multi-well generalization
355,2774,4096.48876264,15.932518005371094,0.05231181159615517,0.367063045501709,0.791337788105011,0.7595519423484802,docs/thesis_evidence/remote_exp008_depth_blocked_train/prediction_summary.csv,single-well depth-heldout test sample; not multi-well generalization
356,2775,4096.99614776,12.103988647460938,0.07049103826284409,0.32236889004707336,0.6999750733375549,0.6719300746917725,docs/thesis_evidence/remote_exp008_depth_blocked_train/prediction_summary.csv,single-well depth-heldout test sample; not multi-well generalization
357,2776,4097.48071032,8.193968772888184,0.2731727063655853,0.27926892042160034,0.5887777805328369,0.5434486865997314,docs/thesis_evidence/remote_exp008_depth_blocked_train/prediction_summary.csv,single-well depth-heldout test sample; not multi-well generalization
358,2777,4097.96175846,7.43781042098999,0.20799808204174042,0.29481467604637146,0.6116613745689392,0.5509489178657532,docs/thesis_evidence/remote_exp008_depth_blocked_train/prediction_summary.csv,single-well depth-heldout test sample; not multi-well generalization
359,2778,4098.45964397,6.655001163482666,0.391599178314209,0.2393946796655655,0.5291405916213989,0.4179951548576355,docs/thesis_evidence/remote_exp008_depth_blocked_train/prediction_summary.csv,single-well depth-heldout test sample; not multi-well generalization
360,2779,4098.94766911,5.5016913414001465,0.5865041017532349,0.19922640919685364,0.4602316915988922,0.31100425124168396,docs/thesis_evidence/remote_exp008_depth_blocked_train/prediction_summary.csv,single-well depth-heldout test sample; not multi-well generalization
361,2780,4099.4281869,3.4330990314483643,0.08608313649892807,0.16308695077896118,0.41436371207237244,0.2727220058441162,docs/thesis_evidence/remote_exp008_depth_blocked_train/prediction_summary.csv,single-well depth-heldout test sample; not multi-well generalization
362,2781,4099.94303183,1.6078181266784668,0.1254126876592636,0.08949761092662811,0.23902875185012817,0.14066082239151,docs/thesis_evidence/remote_exp008_depth_blocked_train/prediction_summary.csv,single-well depth-heldout test sample; not multi-well generalization
363,2782,4100.42445172,0.8106729984283447,0.059134889394044876,0.07521709054708481,0.19231759011745453,0.12341943383216858,docs/thesis_evidence/remote_exp008_depth_blocked_train/prediction_summary.csv,single-well depth-heldout test sample; not multi-well generalization
364,2783,4100.92739298,0.5372244119644165,0.03256404399871826,0.055467814207077026,0.14773258566856384,0.08999615907669067,docs/thesis_evidence/remote_exp008_depth_blocked_train/prediction_summary.csv,single-well depth-heldout test sample; not multi-well generalization
365,2784,4101.43197696,0.35656654834747314,0.04418134689331055,0.031074244529008865,0.09926033020019531,0.044128187000751495,docs/thesis_evidence/remote_exp008_depth_blocked_train/prediction_summary.csv,single-well depth-heldout test sample; not multi-well generalization
366,2785,4101.9197303,0.23023904860019684,0.085581474006176,0.02478203922510147,0.05933276563882828,0.02825101464986801,docs/thesis_evidence/remote_exp008_depth_blocked_train/prediction_summary.csv,single-well depth-heldout test sample; not multi-well generalization
367,2786,4102.41759764,0.4476105272769928,0.06868503242731094,0.03449329733848572,0.09839677810668945,0.03838692232966423,docs/thesis_evidence/remote_exp008_depth_blocked_train/prediction_summary.csv,single-well depth-heldout test sample; not multi-well generalization
368,2787,4102.90553639,0.5214817523956299,0.050805091857910156,0.026579147204756737,0.08897069841623306,0.026887109503149986,docs/thesis_evidence/remote_exp008_depth_blocked_train/prediction_summary.csv,single-well depth-heldout test sample; not multi-well generalization
369,2788,4103.39652055,0.4221423268318176,0.04166622832417488,0.02204926125705242,0.0894523411989212,0.022594938054680824,docs/thesis_evidence/remote_exp008_depth_blocked_train/prediction_summary.csv,single-well depth-heldout test sample; not multi-well generalization
370,2789,4103.91149599,0.32951417565345764,0.03824418783187866,0.024641985073685646,0.09222903847694397,0.025340603664517403,docs/thesis_evidence/remote_exp008_depth_blocked_train/prediction_summary.csv,single-well depth-heldout test sample; not multi-well generalization
371,2790,4104.41090838,0.23988482356071472,0.12830491364002228,0.030900631099939346,0.08092408627271652,0.040532585233449936,docs/thesis_evidence/remote_exp008_depth_blocked_train/prediction_summary.csv,single-well depth-heldout test sample; not multi-well generalization
372,2791,4104.90237726,0.4485061466693878,0.26854830980300903,0.054228294640779495,0.12218521535396576,0.07001219689846039,docs/thesis_evidence/remote_exp008_depth_blocked_train/prediction_summary.csv,single-well depth-heldout test sample; not multi-well generalization
373,2792,4105.40665391,0.6409238576889038,0.36784809827804565,0.05887119844555855,0.1312435120344162,0.08194038271903992,docs/thesis_evidence/remote_exp008_depth_blocked_train/prediction_summary.csv,single-well depth-heldout test sample; not multi-well generalization
374,2793,4105.90256398,0.5988713502883911,0.2929103374481201,0.05856633558869362,0.13343358039855957,0.07445896416902542,docs/thesis_evidence/remote_exp008_depth_blocked_train/prediction_summary.csv,single-well depth-heldout test sample; not multi-well generalization
375,2794,4106.40472032,0.5565387606620789,0.11357631534337997,0.054731614887714386,0.13522465527057648,0.06588686257600784,docs/thesis_evidence/remote_exp008_depth_blocked_train/prediction_summary.csv,single-well depth-heldout test sample; not multi-well generalization
376,2795,4106.913759,0.452116459608078,0.41232672333717346,0.046236246824264526,0.10810520499944687,0.07436308264732361,docs/thesis_evidence/remote_exp008_depth_blocked_train/prediction_summary.csv,single-well depth-heldout test sample; not multi-well generalization
377,2796,4107.40288041,0.22543109953403473,0.04606461524963379,0.028246890753507614,0.07328931987285614,0.03189714252948761,docs/thesis_evidence/remote_exp008_depth_blocked_train/prediction_summary.csv,single-well depth-heldout test sample; not multi-well generalization
378,2797,4107.8970426,0.42707300186157227,0.017374077811837196,0.04222095012664795,0.1343049705028534,0.053364161401987076,docs/thesis_evidence/remote_exp008_depth_blocked_train/prediction_summary.csv,single-well depth-heldout test sample; not multi-well generalization
379,2798,4108.38999501,1.1310973167419434,0.0,0.05272793397307396,0.21191991865634918,0.07346934080123901,docs/thesis_evidence/remote_exp008_depth_blocked_train/prediction_summary.csv,single-well depth-heldout test sample; not multi-well generalization
380,2799,4108.88887351,0.8587251305580139,0.08745034039020538,0.057413745671510696,0.2084902822971344,0.08020085841417313,docs/thesis_evidence/remote_exp008_depth_blocked_train/prediction_summary.csv,single-well depth-heldout test sample; not multi-well generalization
381,2800,4109.39858415,0.9902191162109375,0.06415184587240219,0.06900937855243683,0.23271171748638153,0.10234004259109497,docs/thesis_evidence/remote_exp008_depth_blocked_train/prediction_summary.csv,single-well depth-heldout test sample; not multi-well generalization
382,2801,4109.8979873,2.5249879360198975,0.0735630989074707,0.10671674460172653,0.33043721318244934,0.20408159494400024,docs/thesis_evidence/remote_exp008_depth_blocked_train/prediction_summary.csv,single-well depth-heldout test sample; not multi-well generalization
383,2802,4110.39041892,3.365459442138672,0.12121841311454773,0.14484970271587372,0.4058676064014435,0.2949613630771637,docs/thesis_evidence/remote_exp008_depth_blocked_train/prediction_summary.csv,single-well depth-heldout test sample; not multi-well generalization
384,2803,4110.89951846,4.03043794631958,0.07818031311035156,0.1716223508119583,0.44238266348838806,0.3475586473941803,docs/thesis_evidence/remote_exp008_depth_blocked_train/prediction_summary.csv,single-well depth-heldout test sample; not multi-well generalization
385,2804,4111.3950092,5.259891033172607,0.17522326111793518,0.1601005643606186,0.421676903963089,0.31692615151405334,docs/thesis_evidence/remote_exp008_depth_blocked_train/prediction_summary.csv,single-well depth-heldout test sample; not multi-well generalization
386,2805,4111.89226395,4.75190544128418,0.0,0.1049865111708641,0.3625889718532562,0.19439594447612762,docs/thesis_evidence/remote_exp008_depth_blocked_train/prediction_summary.csv,single-well depth-heldout test sample; not multi-well generalization
387,2806,4112.39697421,3.1051101684570312,0.3774990141391754,0.06712610274553299,0.1781943142414093,0.12083913385868073,docs/thesis_evidence/remote_exp008_depth_blocked_train/prediction_summary.csv,single-well depth-heldout test sample; not multi-well generalization
388,2807,4112.88954259,0.0,1.3469786643981934,0.10811672359704971,0.23306716978549957,0.24259205162525177,docs/thesis_evidence/remote_exp008_depth_blocked_train/prediction_summary.csv,single-well depth-heldout test sample; not multi-well generalization
389,2808,4113.3850916,1.7649378776550293,1.3183106184005737,0.10580849647521973,0.23037295043468475,0.22857992351055145,docs/thesis_evidence/remote_exp008_depth_blocked_train/prediction_summary.csv,single-well depth-heldout test sample; not multi-well generalization
390,2809,4113.88667938,1.4476702213287354,0.12207623571157455,0.05599631741642952,0.17219196259975433,0.08388586342334747,docs/thesis_evidence/remote_exp008_depth_blocked_train/prediction_summary.csv,single-well depth-heldout test sample; not multi-well generalization
391,2810,4114.36704132,1.1388599872589111,0.1428864449262619,0.06631415337324142,0.1867961436510086,0.10375302284955978,docs/thesis_evidence/remote_exp008_depth_blocked_train/prediction_summary.csv,single-well depth-heldout test sample; not multi-well generalization
392,2811,4114.86155486,1.0834017992019653,0.20103636384010315,0.06520185619592667,0.18044403195381165,0.10488314181566238,docs/thesis_evidence/remote_exp008_depth_blocked_train/prediction_summary.csv,single-well depth-heldout test sample; not multi-well generalization
393,2812,4115.34639118,0.7622371315956116,0.022079944610595703,0.06873143464326859,0.18049480020999908,0.10994865745306015,docs/thesis_evidence/remote_exp008_depth_blocked_train/prediction_summary.csv,single-well depth-heldout test sample; not multi-well generalization
394,2813,4115.82662537,1.21427321434021,0.09996437281370163,0.07815153151750565,0.23264692723751068,0.12640677392482758,docs/thesis_evidence/remote_exp008_depth_blocked_train/prediction_summary.csv,single-well depth-heldout test sample; not multi-well generalization
395,2814,4116.32315756,2.2825863361358643,0.22447030246257782,0.10213810950517654,0.2977309823036194,0.17275583744049072,docs/thesis_evidence/remote_exp008_depth_blocked_train/prediction_summary.csv,single-well depth-heldout test sample; not multi-well generalization
396,2815,4116.81332225,2.353454828262329,0.06640657782554626,0.14887705445289612,0.3728136122226715,0.275027871131897,docs/thesis_evidence/remote_exp008_depth_blocked_train/prediction_summary.csv,single-well depth-heldout test sample; not multi-well generalization
397,2816,4117.2991627,2.7502191066741943,0.08586466312408447,0.17190006375312805,0.40617552399635315,0.3217252492904663,docs/thesis_evidence/remote_exp008_depth_blocked_train/prediction_summary.csv,single-well depth-heldout test sample; not multi-well generalization
398,2817,4117.80607692,2.413860321044922,0.14732952415943146,0.1536383032798767,0.35328274965286255,0.287125825881958,docs/thesis_evidence/remote_exp008_depth_blocked_train/prediction_summary.csv,single-well depth-heldout test sample; not multi-well generalization
399,2818,4118.29365871,1.5524914264678955,0.06035351753234863,0.13724291324615479,0.31152695417404175,0.2469467669725418,docs/thesis_evidence/remote_exp008_depth_blocked_train/prediction_summary.csv,single-well depth-heldout test sample; not multi-well generalization
400,2819,4118.78864002,1.2980024814605713,0.06227058917284012,0.11086291074752808,0.2675488293170929,0.18356062471866608,docs/thesis_evidence/remote_exp008_depth_blocked_train/prediction_summary.csv,single-well depth-heldout test sample; not multi-well generalization
401,2820,4119.30261295,0.8743476867675781,0.13983015716075897,0.06214270368218422,0.15838633477687836,0.0949757844209671,docs/thesis_evidence/remote_exp008_depth_blocked_train/prediction_summary.csv,single-well depth-heldout test sample; not multi-well generalization
402,2821,4119.80371834,0.4817139804363251,0.3865537643432617,0.04680875688791275,0.10614512860774994,0.0774572491645813,docs/thesis_evidence/remote_exp008_depth_blocked_train/prediction_summary.csv,single-well depth-heldout test sample; not multi-well generalization
403,2822,4120.30548972,0.6098109483718872,0.8153588175773621,0.07925017923116684,0.17081701755523682,0.1645488291978836,docs/thesis_evidence/remote_exp008_depth_blocked_train/prediction_summary.csv,single-well depth-heldout test sample; not multi-well generalization
404,2823,4120.80130734,0.15129804611206055,0.3135332465171814,0.04219835251569748,0.09379693865776062,0.07511543482542038,docs/thesis_evidence/remote_exp008_depth_blocked_train/prediction_summary.csv,single-well depth-heldout test sample; not multi-well generalization
405,2824,4121.28657352,0.15129804611206055,0.2634926736354828,0.03711315616965294,0.08391721546649933,0.06435130536556244,docs/thesis_evidence/remote_exp008_depth_blocked_train/prediction_summary.csv,single-well depth-heldout test sample; not multi-well generalization
406,2825,4121.79502647,0.0,0.23665085434913635,0.03620164468884468,0.08120986819267273,0.06017139181494713,docs/thesis_evidence/remote_exp008_depth_blocked_train/prediction_summary.csv,single-well depth-heldout test sample; not multi-well generalization
407,2826,4122.29122982,0.0,0.40961122512817383,0.053452614694833755,0.1159396842122078,0.09734795987606049,docs/thesis_evidence/remote_exp008_depth_blocked_train/prediction_summary.csv,single-well depth-heldout test sample; not multi-well generalization
408,2827,4122.78243888,0.0,0.22125312685966492,0.03748481348156929,0.08375857770442963,0.05661798641085625,docs/thesis_evidence/remote_exp008_depth_blocked_train/prediction_summary.csv,single-well depth-heldout test sample; not multi-well generalization
409,2828,4123.29151499,0.0,0.11417745053768158,0.027954045683145523,0.06440579891204834,0.03193330392241478,docs/thesis_evidence/remote_exp008_depth_blocked_train/prediction_summary.csv,single-well depth-heldout test sample; not multi-well generalization
410,2829,4123.79334108,0.0,0.1677655279636383,0.03175744786858559,0.07256331294775009,0.04366622120141983,docs/thesis_evidence/remote_exp008_depth_blocked_train/prediction_summary.csv,single-well depth-heldout test sample; not multi-well generalization
411,2830,4124.29386068,0.0,0.4859279990196228,0.0586545355618,0.1270502358675003,0.11285565793514252,docs/thesis_evidence/remote_exp008_depth_blocked_train/prediction_summary.csv,single-well depth-heldout test sample; not multi-well generalization
412,2831,4124.79838725,0.0,0.5736855268478394,0.06664875149726868,0.14438949525356293,0.1290730983018875,docs/thesis_evidence/remote_exp008_depth_blocked_train/prediction_summary.csv,single-well depth-heldout test sample; not multi-well generalization
413,2832,4125.28886301,0.09802395105361938,0.09767018258571625,0.024579361081123352,0.058049045503139496,0.022978000342845917,docs/thesis_evidence/remote_exp008_depth_blocked_train/prediction_summary.csv,single-well depth-heldout test sample; not multi-well generalization
414,2833,4125.78419803,0.09802395105361938,0.38994917273521423,0.04996110126376152,0.11058134585618973,0.09079114347696304,docs/thesis_evidence/remote_exp008_depth_blocked_train/prediction_summary.csv,single-well depth-heldout test sample; not multi-well generalization
415,2834,4126.28712496,0.09802395105361938,0.4583386480808258,0.0541655570268631,0.11897479742765427,0.10476583987474442,docs/thesis_evidence/remote_exp008_depth_blocked_train/prediction_summary.csv,single-well depth-heldout test sample; not multi-well generalization
416,2835,4126.78324549,0.09802395105361938,0.15092134475708008,0.02934083342552185,0.06709668040275574,0.03699670732021332,docs/thesis_evidence/remote_exp008_depth_blocked_train/prediction_summary.csv,single-well depth-heldout test sample; not multi-well generalization
417,2836,4127.27946629,0.0,0.28033286333084106,0.041649166494607925,0.09170550107955933,0.07005512714385986,docs/thesis_evidence/remote_exp008_depth_blocked_train/prediction_summary.csv,single-well depth-heldout test sample; not multi-well generalization
418,2837,4127.77474808,0.0,0.41123485565185547,0.05449644848704338,0.11865804344415665,0.09778908640146255,docs/thesis_evidence/remote_exp008_depth_blocked_train/prediction_summary.csv,single-well depth-heldout test sample; not multi-well generalization
419,2838,4128.26747871,0.0,0.25558027625083923,0.03985461965203285,0.08838145434856415,0.0643206536769867,docs/thesis_evidence/remote_exp008_depth_blocked_train/prediction_summary.csv,single-well depth-heldout test sample; not multi-well generalization
420,2839,4128.77142116,0.0,0.35177356004714966,0.04771784320473671,0.10493196547031403,0.0856735110282898,docs/thesis_evidence/remote_exp008_depth_blocked_train/prediction_summary.csv,single-well depth-heldout test sample; not multi-well generalization
421,2840,4129.26132828,0.0,0.060817569494247437,0.006766493432223797,0.020792527124285698,0.0036022590938955545,docs/thesis_evidence/remote_exp008_depth_blocked_train/prediction_summary.csv,single-well depth-heldout test sample; not multi-well generalization
422,2841,4129.74347058,0.0,0.0374293327331543,0.007781048770993948,0.02345181256532669,0.003738858038559556,docs/thesis_evidence/remote_exp008_depth_blocked_train/prediction_summary.csv,single-well depth-heldout test sample; not multi-well generalization
