relative_path,file_name,suffix,size_bytes,modified_time,likely_experiment_group,likely_artifact_type,short_note
CSI+CNN/alignment_results.png,alignment_results.png,.png,1260287,2025-11-19T10:47:58+08:00,CSI+CNN,image,metadata only
CSI+CNN/channeling_distribution.png,channeling_distribution.png,.png,1881495,2025-11-19T10:48:07+08:00,CSI+CNN,image,channel
CSI+CNN/comprehensive_gradcam_statistics.png,comprehensive_gradcam_statistics.png,.png,1120597,2025-11-19T10:48:11+08:00,CSI+CNN,image,Grad-CAM/attention visualization
CSI+CNN/csi_distribution_analysis.png,csi_distribution_analysis.png,.png,2622279,2025-11-19T10:48:15+08:00,CSI+CNN,image,metadata only
CSI+CNN/depth_range_csi_analysis.png,depth_range_csi_analysis.png,.png,895441,2025-11-19T10:48:23+08:00,CSI+CNN,image,metadata only
CSI+CNN/filtering_effect_comparison.png,filtering_effect_comparison.png,.png,545329,2025-11-19T10:48:28+08:00,CSI+CNN,image,prediction-vs-ground-truth figure
CSI+CNN/gradcam_analysis_optimized.png,gradcam_analysis_optimized.png,.png,2185070,2025-11-19T10:47:53+08:00,CSI+CNN,image,Grad-CAM/attention visualization
CSI+CNN/real_original_sonic_signals.png,real_original_sonic_signals.png,.png,920409,2025-11-19T10:48:38+08:00,CSI+CNN,image,metadata only
CSI+CNN/sample_scalograms.png,sample_scalograms.png,.png,772066,2025-11-19T10:48:55+08:00,CSI+CNN,image,CWT/scalogram evidence
CSI+SE-ResNet/outputs/array_03/models/best_model.keras,best_model.keras,.keras,31003216,2025-11-19T11:04:41+08:00,CSI+SE-ResNet,model_checkpoint,model weight/checkpoint metadata only
CSI+SE-ResNet/outputs/array_03/plots/analysis_candidates/candidate_Excellent_index_11346_comparison.png,candidate_Excellent_index_11346_comparison.png,.png,261235,2025-11-19T11:04:28+08:00,CSI+SE-ResNet,image,prediction-vs-ground-truth figure
CSI+SE-ResNet/outputs/array_03/plots/analysis_candidates/candidate_Excellent_index_11656_comparison.png,candidate_Excellent_index_11656_comparison.png,.png,281512,2025-11-19T11:04:31+08:00,CSI+SE-ResNet,image,prediction-vs-ground-truth figure
CSI+SE-ResNet/outputs/array_03/plots/analysis_candidates/candidate_Excellent_index_1398_comparison.png,candidate_Excellent_index_1398_comparison.png,.png,248010,2025-11-19T11:04:28+08:00,CSI+SE-ResNet,image,prediction-vs-ground-truth figure
CSI+SE-ResNet/outputs/array_03/plots/analysis_candidates/candidate_Excellent_index_14648_comparison.png,candidate_Excellent_index_14648_comparison.png,.png,263995,2025-11-19T11:04:31+08:00,CSI+SE-ResNet,image,prediction-vs-ground-truth figure
CSI+SE-ResNet/outputs/array_03/plots/analysis_candidates/candidate_Excellent_index_15183_comparison.png,candidate_Excellent_index_15183_comparison.png,.png,256799,2025-11-19T11:04:28+08:00,CSI+SE-ResNet,image,prediction-vs-ground-truth figure
CSI+SE-ResNet/outputs/array_03/plots/analysis_candidates/candidate_Excellent_index_3199_comparison.png,candidate_Excellent_index_3199_comparison.png,.png,271091,2025-11-19T11:04:31+08:00,CSI+SE-ResNet,image,prediction-vs-ground-truth figure
CSI+SE-ResNet/outputs/array_03/plots/analysis_candidates/candidate_Excellent_index_3258_comparison.png,candidate_Excellent_index_3258_comparison.png,.png,265438,2025-11-19T11:04:31+08:00,CSI+SE-ResNet,image,prediction-vs-ground-truth figure
CSI+SE-ResNet/outputs/array_03/plots/analysis_candidates/candidate_Excellent_index_4801_comparison.png,candidate_Excellent_index_4801_comparison.png,.png,265295,2025-11-19T11:04:31+08:00,CSI+SE-ResNet,image,prediction-vs-ground-truth figure
CSI+SE-ResNet/outputs/array_03/plots/analysis_candidates/candidate_Excellent_index_8844_comparison.png,candidate_Excellent_index_8844_comparison.png,.png,271889,2025-11-19T11:04:31+08:00,CSI+SE-ResNet,image,prediction-vs-ground-truth figure
CSI+SE-ResNet/outputs/array_03/plots/analysis_candidates/candidate_Excellent_index_9495_comparison.png,candidate_Excellent_index_9495_comparison.png,.png,268047,2025-11-19T11:04:31+08:00,CSI+SE-ResNet,image,prediction-vs-ground-truth figure
CSI+SE-ResNet/outputs/array_03/plots/analysis_candidates/candidate_Good_index_10703_comparison.png,candidate_Good_index_10703_comparison.png,.png,265552,2025-11-19T11:04:31+08:00,CSI+SE-ResNet,image,prediction-vs-ground-truth figure
CSI+SE-ResNet/outputs/array_03/plots/analysis_candidates/candidate_Good_index_15781_comparison.png,candidate_Good_index_15781_comparison.png,.png,269392,2025-11-19T11:04:31+08:00,CSI+SE-ResNet,image,prediction-vs-ground-truth figure
CSI+SE-ResNet/outputs/array_03/plots/analysis_candidates/candidate_Good_index_1668_comparison.png,candidate_Good_index_1668_comparison.png,.png,264035,2025-11-19T11:04:31+08:00,CSI+SE-ResNet,image,prediction-vs-ground-truth figure
CSI+SE-ResNet/outputs/array_03/plots/analysis_candidates/candidate_Good_index_2708_comparison.png,candidate_Good_index_2708_comparison.png,.png,264847,2025-11-19T11:04:31+08:00,CSI+SE-ResNet,image,prediction-vs-ground-truth figure
CSI+SE-ResNet/outputs/array_03/plots/analysis_candidates/candidate_Good_index_2951_comparison.png,candidate_Good_index_2951_comparison.png,.png,271868,2025-11-19T11:04:31+08:00,CSI+SE-ResNet,image,prediction-vs-ground-truth figure
CSI+SE-ResNet/outputs/array_03/plots/analysis_candidates/candidate_Good_index_3731_comparison.png,candidate_Good_index_3731_comparison.png,.png,258907,2025-11-19T11:04:28+08:00,CSI+SE-ResNet,image,prediction-vs-ground-truth figure
CSI+SE-ResNet/outputs/array_03/plots/analysis_candidates/candidate_Good_index_537_comparison.png,candidate_Good_index_537_comparison.png,.png,280573,2025-11-19T11:04:31+08:00,CSI+SE-ResNet,image,prediction-vs-ground-truth figure
CSI+SE-ResNet/outputs/array_03/plots/analysis_candidates/candidate_Good_index_6913_comparison.png,candidate_Good_index_6913_comparison.png,.png,269295,2025-11-19T11:04:31+08:00,CSI+SE-ResNet,image,prediction-vs-ground-truth figure
CSI+SE-ResNet/outputs/array_03/plots/analysis_candidates/candidate_Good_index_8144_comparison.png,candidate_Good_index_8144_comparison.png,.png,294729,2025-11-19T11:04:31+08:00,CSI+SE-ResNet,image,prediction-vs-ground-truth figure
CSI+SE-ResNet/outputs/array_03/plots/analysis_candidates/candidate_Good_index_8794_comparison.png,candidate_Good_index_8794_comparison.png,.png,261594,2025-11-19T11:04:28+08:00,CSI+SE-ResNet,image,prediction-vs-ground-truth figure
CSI+SE-ResNet/outputs/array_03/plots/analysis_candidates/candidate_Poor_index_1628_comparison.png,candidate_Poor_index_1628_comparison.png,.png,260561,2025-11-19T11:04:29+08:00,CSI+SE-ResNet,image,prediction-vs-ground-truth figure
CSI+SE-ResNet/outputs/array_03/plots/analysis_candidates/candidate_Poor_index_2578_comparison.png,candidate_Poor_index_2578_comparison.png,.png,282178,2025-11-19T11:04:31+08:00,CSI+SE-ResNet,image,prediction-vs-ground-truth figure
CSI+SE-ResNet/outputs/array_03/plots/analysis_candidates/candidate_Poor_index_4000_comparison.png,candidate_Poor_index_4000_comparison.png,.png,271371,2025-11-19T11:04:31+08:00,CSI+SE-ResNet,image,prediction-vs-ground-truth figure
CSI+SE-ResNet/outputs/array_03/plots/analysis_candidates/candidate_Poor_index_4125_comparison.png,candidate_Poor_index_4125_comparison.png,.png,260647,2025-11-19T11:04:28+08:00,CSI+SE-ResNet,image,prediction-vs-ground-truth figure
CSI+SE-ResNet/outputs/array_03/plots/analysis_candidates/candidate_Poor_index_4548_comparison.png,candidate_Poor_index_4548_comparison.png,.png,259228,2025-11-19T11:04:29+08:00,CSI+SE-ResNet,image,prediction-vs-ground-truth figure
CSI+SE-ResNet/outputs/array_03/plots/analysis_candidates/candidate_Poor_index_5293_comparison.png,candidate_Poor_index_5293_comparison.png,.png,275916,2025-11-19T11:04:31+08:00,CSI+SE-ResNet,image,prediction-vs-ground-truth figure
CSI+SE-ResNet/outputs/array_03/plots/analysis_candidates/candidate_Poor_index_5399_comparison.png,candidate_Poor_index_5399_comparison.png,.png,254727,2025-11-19T11:04:29+08:00,CSI+SE-ResNet,image,prediction-vs-ground-truth figure
CSI+SE-ResNet/outputs/array_03/plots/analysis_candidates/candidate_Poor_index_6986_comparison.png,candidate_Poor_index_6986_comparison.png,.png,279963,2025-11-19T11:04:31+08:00,CSI+SE-ResNet,image,prediction-vs-ground-truth figure
CSI+SE-ResNet/outputs/array_03/plots/analysis_candidates/candidate_Poor_index_7017_comparison.png,candidate_Poor_index_7017_comparison.png,.png,263767,2025-11-19T11:04:31+08:00,CSI+SE-ResNet,image,prediction-vs-ground-truth figure
CSI+SE-ResNet/outputs/array_03/plots/analysis_candidates/candidate_Poor_index_8184_comparison.png,candidate_Poor_index_8184_comparison.png,.png,264507,2025-11-19T11:04:31+08:00,CSI+SE-ResNet,image,prediction-vs-ground-truth figure
CSI+SE-ResNet/outputs/array_03/plots/analysis_candidates/candidate_Very Poor_index_15565_comparison.png,candidate_Very Poor_index_15565_comparison.png,.png,279938,2025-11-19T11:04:31+08:00,CSI+SE-ResNet,image,prediction-vs-ground-truth figure
CSI+SE-ResNet/outputs/array_03/plots/analysis_candidates/candidate_Very Poor_index_2351_comparison.png,candidate_Very Poor_index_2351_comparison.png,.png,275978,2025-11-19T11:04:31+08:00,CSI+SE-ResNet,image,prediction-vs-ground-truth figure
CSI+SE-ResNet/outputs/array_03/plots/analysis_candidates/candidate_Very Poor_index_2360_comparison.png,candidate_Very Poor_index_2360_comparison.png,.png,306042,2025-11-19T11:04:31+08:00,CSI+SE-ResNet,image,prediction-vs-ground-truth figure
CSI+SE-ResNet/outputs/array_03/plots/analysis_candidates/candidate_Very Poor_index_4087_comparison.png,candidate_Very Poor_index_4087_comparison.png,.png,278993,2025-11-19T11:04:31+08:00,CSI+SE-ResNet,image,prediction-vs-ground-truth figure
CSI+SE-ResNet/outputs/array_03/plots/analysis_candidates/candidate_Very Poor_index_4622_comparison.png,candidate_Very Poor_index_4622_comparison.png,.png,301226,2025-11-19T11:04:31+08:00,CSI+SE-ResNet,image,prediction-vs-ground-truth figure
CSI+SE-ResNet/outputs/array_03/plots/analysis_candidates/candidate_Very Poor_index_4903_comparison.png,candidate_Very Poor_index_4903_comparison.png,.png,312840,2025-11-19T11:04:31+08:00,CSI+SE-ResNet,image,prediction-vs-ground-truth figure
CSI+SE-ResNet/outputs/array_03/plots/analysis_candidates/candidate_Very Poor_index_4960_comparison.png,candidate_Very Poor_index_4960_comparison.png,.png,292770,2025-11-19T11:04:31+08:00,CSI+SE-ResNet,image,prediction-vs-ground-truth figure
CSI+SE-ResNet/outputs/array_03/plots/analysis_candidates/candidate_Very Poor_index_5125_comparison.png,candidate_Very Poor_index_5125_comparison.png,.png,284924,2025-11-19T11:04:31+08:00,CSI+SE-ResNet,image,prediction-vs-ground-truth figure
CSI+SE-ResNet/outputs/array_03/plots/analysis_candidates/candidate_Very Poor_index_8150_comparison.png,candidate_Very Poor_index_8150_comparison.png,.png,281654,2025-11-19T11:04:31+08:00,CSI+SE-ResNet,image,prediction-vs-ground-truth figure
CSI+SE-ResNet/outputs/array_03/plots/analysis_candidates/candidate_Very Poor_index_8169_comparison.png,candidate_Very Poor_index_8169_comparison.png,.png,275222,2025-11-19T11:04:31+08:00,CSI+SE-ResNet,image,prediction-vs-ground-truth figure
CSI+SE-ResNet/outputs/array_03/plots/attention_mean_variance.png,attention_mean_variance.png,.png,251678,2025-11-19T11:04:27+08:00,CSI+SE-ResNet,image,resnet; se-resnet
CSI+SE-ResNet/outputs/array_03/plots/class_conditional_attention_analysis.png,class_conditional_attention_analysis.png,.png,635098,2025-11-19T11:04:30+08:00,CSI+SE-ResNet,image,resnet; se-resnet
CSI+SE-ResNet/outputs/array_03/plots/model_architecture_array_03.png,model_architecture_array_03.png,.png,809266,2025-11-19T11:04:32+08:00,CSI+SE-ResNet,image,resnet; se-resnet
CSI+SE-ResNet/outputs/array_03/plots/multi_dimension_sample_analysis.png,multi_dimension_sample_analysis.png,.png,2826915,2025-11-19T11:04:35+08:00,CSI+SE-ResNet,image,resnet; se-resnet
CSI+SE-ResNet/outputs/array_03/plots/performance_summary_plots.png,performance_summary_plots.png,.png,1935320,2025-11-19T11:04:34+08:00,CSI+SE-ResNet,image,performance/metric summary
CSI+SE-ResNet/outputs/array_07/models/best_model.keras,best_model.keras,.keras,31003216,2025-11-19T11:04:42+08:00,CSI+SE-ResNet,model_checkpoint,model weight/checkpoint metadata only
CSI+SE-ResNet/outputs/array_07/plots/analysis_candidates/candidate_Excellent_index_11346_comparison.png,candidate_Excellent_index_11346_comparison.png,.png,272920,2025-11-19T11:04:31+08:00,CSI+SE-ResNet,image,prediction-vs-ground-truth figure
CSI+SE-ResNet/outputs/array_07/plots/analysis_candidates/candidate_Excellent_index_11656_comparison.png,candidate_Excellent_index_11656_comparison.png,.png,273400,2025-11-19T11:04:31+08:00,CSI+SE-ResNet,image,prediction-vs-ground-truth figure
CSI+SE-ResNet/outputs/array_07/plots/analysis_candidates/candidate_Excellent_index_1398_comparison.png,candidate_Excellent_index_1398_comparison.png,.png,259725,2025-11-19T11:04:29+08:00,CSI+SE-ResNet,image,prediction-vs-ground-truth figure
CSI+SE-ResNet/outputs/array_07/plots/analysis_candidates/candidate_Excellent_index_14648_comparison.png,candidate_Excellent_index_14648_comparison.png,.png,257501,2025-11-19T11:04:29+08:00,CSI+SE-ResNet,image,prediction-vs-ground-truth figure
CSI+SE-ResNet/outputs/array_07/plots/analysis_candidates/candidate_Excellent_index_15183_comparison.png,candidate_Excellent_index_15183_comparison.png,.png,256681,2025-11-19T11:04:29+08:00,CSI+SE-ResNet,image,prediction-vs-ground-truth figure
CSI+SE-ResNet/outputs/array_07/plots/analysis_candidates/candidate_Excellent_index_3199_comparison.png,candidate_Excellent_index_3199_comparison.png,.png,302378,2025-11-19T11:04:31+08:00,CSI+SE-ResNet,image,prediction-vs-ground-truth figure
CSI+SE-ResNet/outputs/array_07/plots/analysis_candidates/candidate_Excellent_index_3258_comparison.png,candidate_Excellent_index_3258_comparison.png,.png,268218,2025-11-19T11:04:31+08:00,CSI+SE-ResNet,image,prediction-vs-ground-truth figure
CSI+SE-ResNet/outputs/array_07/plots/analysis_candidates/candidate_Excellent_index_4801_comparison.png,candidate_Excellent_index_4801_comparison.png,.png,260341,2025-11-19T11:04:29+08:00,CSI+SE-ResNet,image,prediction-vs-ground-truth figure
CSI+SE-ResNet/outputs/array_07/plots/analysis_candidates/candidate_Excellent_index_8844_comparison.png,candidate_Excellent_index_8844_comparison.png,.png,264240,2025-11-19T11:04:31+08:00,CSI+SE-ResNet,image,prediction-vs-ground-truth figure
CSI+SE-ResNet/outputs/array_07/plots/analysis_candidates/candidate_Excellent_index_9495_comparison.png,candidate_Excellent_index_9495_comparison.png,.png,287272,2025-11-19T11:04:31+08:00,CSI+SE-ResNet,image,prediction-vs-ground-truth figure
CSI+SE-ResNet/outputs/array_07/plots/analysis_candidates/candidate_Good_index_10703_comparison.png,candidate_Good_index_10703_comparison.png,.png,278786,2025-11-19T11:04:31+08:00,CSI+SE-ResNet,image,prediction-vs-ground-truth figure
CSI+SE-ResNet/outputs/array_07/plots/analysis_candidates/candidate_Good_index_15781_comparison.png,candidate_Good_index_15781_comparison.png,.png,278145,2025-11-19T11:04:31+08:00,CSI+SE-ResNet,image,prediction-vs-ground-truth figure
CSI+SE-ResNet/outputs/array_07/plots/analysis_candidates/candidate_Good_index_1668_comparison.png,candidate_Good_index_1668_comparison.png,.png,292470,2025-11-19T11:04:31+08:00,CSI+SE-ResNet,image,prediction-vs-ground-truth figure
CSI+SE-ResNet/outputs/array_07/plots/analysis_candidates/candidate_Good_index_2708_comparison.png,candidate_Good_index_2708_comparison.png,.png,266149,2025-11-19T11:04:31+08:00,CSI+SE-ResNet,image,prediction-vs-ground-truth figure
CSI+SE-ResNet/outputs/array_07/plots/analysis_candidates/candidate_Good_index_2951_comparison.png,candidate_Good_index_2951_comparison.png,.png,286381,2025-11-19T11:04:31+08:00,CSI+SE-ResNet,image,prediction-vs-ground-truth figure
CSI+SE-ResNet/outputs/array_07/plots/analysis_candidates/candidate_Good_index_3731_comparison.png,candidate_Good_index_3731_comparison.png,.png,278932,2025-11-19T11:04:31+08:00,CSI+SE-ResNet,image,prediction-vs-ground-truth figure
CSI+SE-ResNet/outputs/array_07/plots/analysis_candidates/candidate_Good_index_537_comparison.png,candidate_Good_index_537_comparison.png,.png,279377,2025-11-19T11:04:31+08:00,CSI+SE-ResNet,image,prediction-vs-ground-truth figure
CSI+SE-ResNet/outputs/array_07/plots/analysis_candidates/candidate_Good_index_6913_comparison.png,candidate_Good_index_6913_comparison.png,.png,265239,2025-11-19T11:04:31+08:00,CSI+SE-ResNet,image,prediction-vs-ground-truth figure
CSI+SE-ResNet/outputs/array_07/plots/analysis_candidates/candidate_Good_index_8144_comparison.png,candidate_Good_index_8144_comparison.png,.png,277840,2025-11-19T11:04:31+08:00,CSI+SE-ResNet,image,prediction-vs-ground-truth figure
CSI+SE-ResNet/outputs/array_07/plots/analysis_candidates/candidate_Good_index_8794_comparison.png,candidate_Good_index_8794_comparison.png,.png,274988,2025-11-19T11:04:31+08:00,CSI+SE-ResNet,image,prediction-vs-ground-truth figure
CSI+SE-ResNet/outputs/array_07/plots/analysis_candidates/candidate_Poor_index_1628_comparison.png,candidate_Poor_index_1628_comparison.png,.png,273079,2025-11-19T11:04:31+08:00,CSI+SE-ResNet,image,prediction-vs-ground-truth figure
CSI+SE-ResNet/outputs/array_07/plots/analysis_candidates/candidate_Poor_index_2578_comparison.png,candidate_Poor_index_2578_comparison.png,.png,315711,2025-11-19T11:04:31+08:00,CSI+SE-ResNet,image,prediction-vs-ground-truth figure
CSI+SE-ResNet/outputs/array_07/plots/analysis_candidates/candidate_Poor_index_4000_comparison.png,candidate_Poor_index_4000_comparison.png,.png,302671,2025-11-19T11:04:31+08:00,CSI+SE-ResNet,image,prediction-vs-ground-truth figure
CSI+SE-ResNet/outputs/array_07/plots/analysis_candidates/candidate_Poor_index_4125_comparison.png,candidate_Poor_index_4125_comparison.png,.png,269509,2025-11-19T11:04:31+08:00,CSI+SE-ResNet,image,prediction-vs-ground-truth figure
CSI+SE-ResNet/outputs/array_07/plots/analysis_candidates/candidate_Poor_index_4548_comparison.png,candidate_Poor_index_4548_comparison.png,.png,294423,2025-11-19T11:04:31+08:00,CSI+SE-ResNet,image,prediction-vs-ground-truth figure
CSI+SE-ResNet/outputs/array_07/plots/analysis_candidates/candidate_Poor_index_5293_comparison.png,candidate_Poor_index_5293_comparison.png,.png,282321,2025-11-19T11:04:31+08:00,CSI+SE-ResNet,image,prediction-vs-ground-truth figure
CSI+SE-ResNet/outputs/array_07/plots/analysis_candidates/candidate_Poor_index_5399_comparison.png,candidate_Poor_index_5399_comparison.png,.png,282657,2025-11-19T11:04:31+08:00,CSI+SE-ResNet,image,prediction-vs-ground-truth figure
CSI+SE-ResNet/outputs/array_07/plots/analysis_candidates/candidate_Poor_index_6986_comparison.png,candidate_Poor_index_6986_comparison.png,.png,286779,2025-11-19T11:04:31+08:00,CSI+SE-ResNet,image,prediction-vs-ground-truth figure
CSI+SE-ResNet/outputs/array_07/plots/analysis_candidates/candidate_Poor_index_7017_comparison.png,candidate_Poor_index_7017_comparison.png,.png,279423,2025-11-19T11:04:31+08:00,CSI+SE-ResNet,image,prediction-vs-ground-truth figure
CSI+SE-ResNet/outputs/array_07/plots/analysis_candidates/candidate_Poor_index_8184_comparison.png,candidate_Poor_index_8184_comparison.png,.png,281875,2025-11-19T11:04:31+08:00,CSI+SE-ResNet,image,prediction-vs-ground-truth figure
CSI+SE-ResNet/outputs/array_07/plots/analysis_candidates/candidate_Very Poor_index_15565_comparison.png,candidate_Very Poor_index_15565_comparison.png,.png,277734,2025-11-19T11:04:31+08:00,CSI+SE-ResNet,image,prediction-vs-ground-truth figure
CSI+SE-ResNet/outputs/array_07/plots/analysis_candidates/candidate_Very Poor_index_2351_comparison.png,candidate_Very Poor_index_2351_comparison.png,.png,281363,2025-11-19T11:04:31+08:00,CSI+SE-ResNet,image,prediction-vs-ground-truth figure
CSI+SE-ResNet/outputs/array_07/plots/analysis_candidates/candidate_Very Poor_index_2360_comparison.png,candidate_Very Poor_index_2360_comparison.png,.png,295158,2025-11-19T11:04:31+08:00,CSI+SE-ResNet,image,prediction-vs-ground-truth figure
CSI+SE-ResNet/outputs/array_07/plots/analysis_candidates/candidate_Very Poor_index_4087_comparison.png,candidate_Very Poor_index_4087_comparison.png,.png,303258,2025-11-19T11:04:31+08:00,CSI+SE-ResNet,image,prediction-vs-ground-truth figure
CSI+SE-ResNet/outputs/array_07/plots/analysis_candidates/candidate_Very Poor_index_4622_comparison.png,candidate_Very Poor_index_4622_comparison.png,.png,279445,2025-11-19T11:04:31+08:00,CSI+SE-ResNet,image,prediction-vs-ground-truth figure
CSI+SE-ResNet/outputs/array_07/plots/analysis_candidates/candidate_Very Poor_index_4903_comparison.png,candidate_Very Poor_index_4903_comparison.png,.png,283930,2025-11-19T11:04:31+08:00,CSI+SE-ResNet,image,prediction-vs-ground-truth figure
CSI+SE-ResNet/outputs/array_07/plots/analysis_candidates/candidate_Very Poor_index_4960_comparison.png,candidate_Very Poor_index_4960_comparison.png,.png,289929,2025-11-19T11:04:31+08:00,CSI+SE-ResNet,image,prediction-vs-ground-truth figure
CSI+SE-ResNet/outputs/array_07/plots/analysis_candidates/candidate_Very Poor_index_5125_comparison.png,candidate_Very Poor_index_5125_comparison.png,.png,287108,2025-11-19T11:04:31+08:00,CSI+SE-ResNet,image,prediction-vs-ground-truth figure
CSI+SE-ResNet/outputs/array_07/plots/analysis_candidates/candidate_Very Poor_index_8150_comparison.png,candidate_Very Poor_index_8150_comparison.png,.png,286309,2025-11-19T11:04:31+08:00,CSI+SE-ResNet,image,prediction-vs-ground-truth figure
CSI+SE-ResNet/outputs/array_07/plots/analysis_candidates/candidate_Very Poor_index_8169_comparison.png,candidate_Very Poor_index_8169_comparison.png,.png,279593,2025-11-19T11:04:31+08:00,CSI+SE-ResNet,image,prediction-vs-ground-truth figure
CSI+SE-ResNet/outputs/array_07/plots/attention_mean_variance.png,attention_mean_variance.png,.png,263880,2025-11-19T11:04:28+08:00,CSI+SE-ResNet,image,resnet; se-resnet
CSI+SE-ResNet/outputs/array_07/plots/class_conditional_attention_analysis.png,class_conditional_attention_analysis.png,.png,628942,2025-11-19T11:04:31+08:00,CSI+SE-ResNet,image,resnet; se-resnet
CSI+SE-ResNet/outputs/array_07/plots/multi_dimension_sample_analysis.png,multi_dimension_sample_analysis.png,.png,2866683,2025-11-19T11:04:35+08:00,CSI+SE-ResNet,image,resnet; se-resnet
CSI+SE-ResNet/outputs/array_07/plots/performance_summary_plots.png,performance_summary_plots.png,.png,2452096,2025-11-19T11:04:35+08:00,CSI+SE-ResNet,image,performance/metric summary
CSI+SE-ResNet/outputs/array_11/models/best_model.keras,best_model.keras,.keras,31003216,2025-11-19T11:04:41+08:00,CSI+SE-ResNet,model_checkpoint,model weight/checkpoint metadata only
CSI+SE-ResNet/outputs/array_11/plots/analysis_candidates/candidate_Excellent_index_11346_comparison.png,candidate_Excellent_index_11346_comparison.png,.png,257484,2025-11-19T11:04:30+08:00,CSI+SE-ResNet,image,prediction-vs-ground-truth figure
CSI+SE-ResNet/outputs/array_11/plots/analysis_candidates/candidate_Excellent_index_11656_comparison.png,candidate_Excellent_index_11656_comparison.png,.png,268124,2025-11-19T11:04:31+08:00,CSI+SE-ResNet,image,prediction-vs-ground-truth figure
CSI+SE-ResNet/outputs/array_11/plots/analysis_candidates/candidate_Excellent_index_1398_comparison.png,candidate_Excellent_index_1398_comparison.png,.png,277179,2025-11-19T11:04:31+08:00,CSI+SE-ResNet,image,prediction-vs-ground-truth figure
CSI+SE-ResNet/outputs/array_11/plots/analysis_candidates/candidate_Excellent_index_14648_comparison.png,candidate_Excellent_index_14648_comparison.png,.png,274374,2025-11-19T11:04:32+08:00,CSI+SE-ResNet,image,prediction-vs-ground-truth figure
CSI+SE-ResNet/outputs/array_11/plots/analysis_candidates/candidate_Excellent_index_15183_comparison.png,candidate_Excellent_index_15183_comparison.png,.png,266083,2025-11-19T11:04:31+08:00,CSI+SE-ResNet,image,prediction-vs-ground-truth figure
CSI+SE-ResNet/outputs/array_11/plots/analysis_candidates/candidate_Excellent_index_3199_comparison.png,candidate_Excellent_index_3199_comparison.png,.png,309693,2025-11-19T11:04:32+08:00,CSI+SE-ResNet,image,prediction-vs-ground-truth figure
CSI+SE-ResNet/outputs/array_11/plots/analysis_candidates/candidate_Excellent_index_3258_comparison.png,candidate_Excellent_index_3258_comparison.png,.png,276226,2025-11-19T11:04:31+08:00,CSI+SE-ResNet,image,prediction-vs-ground-truth figure
CSI+SE-ResNet/outputs/array_11/plots/analysis_candidates/candidate_Excellent_index_4801_comparison.png,candidate_Excellent_index_4801_comparison.png,.png,254198,2025-11-19T11:04:30+08:00,CSI+SE-ResNet,image,prediction-vs-ground-truth figure
CSI+SE-ResNet/outputs/array_11/plots/analysis_candidates/candidate_Excellent_index_8844_comparison.png,candidate_Excellent_index_8844_comparison.png,.png,264601,2025-11-19T11:04:32+08:00,CSI+SE-ResNet,image,prediction-vs-ground-truth figure
CSI+SE-ResNet/outputs/array_11/plots/analysis_candidates/candidate_Excellent_index_9495_comparison.png,candidate_Excellent_index_9495_comparison.png,.png,279923,2025-11-19T11:04:32+08:00,CSI+SE-ResNet,image,prediction-vs-ground-truth figure
CSI+SE-ResNet/outputs/array_11/plots/analysis_candidates/candidate_Good_index_10703_comparison.png,candidate_Good_index_10703_comparison.png,.png,280244,2025-11-19T11:04:32+08:00,CSI+SE-ResNet,image,prediction-vs-ground-truth figure
CSI+SE-ResNet/outputs/array_11/plots/analysis_candidates/candidate_Good_index_15781_comparison.png,candidate_Good_index_15781_comparison.png,.png,286653,2025-11-19T11:04:32+08:00,CSI+SE-ResNet,image,prediction-vs-ground-truth figure
CSI+SE-ResNet/outputs/array_11/plots/analysis_candidates/candidate_Good_index_1668_comparison.png,candidate_Good_index_1668_comparison.png,.png,290130,2025-11-19T11:04:32+08:00,CSI+SE-ResNet,image,prediction-vs-ground-truth figure
CSI+SE-ResNet/outputs/array_11/plots/analysis_candidates/candidate_Good_index_2708_comparison.png,candidate_Good_index_2708_comparison.png,.png,266451,2025-11-19T11:04:32+08:00,CSI+SE-ResNet,image,prediction-vs-ground-truth figure
CSI+SE-ResNet/outputs/array_11/plots/analysis_candidates/candidate_Good_index_2951_comparison.png,candidate_Good_index_2951_comparison.png,.png,282820,2025-11-19T11:04:32+08:00,CSI+SE-ResNet,image,prediction-vs-ground-truth figure
CSI+SE-ResNet/outputs/array_11/plots/analysis_candidates/candidate_Good_index_3731_comparison.png,candidate_Good_index_3731_comparison.png,.png,294684,2025-11-19T11:04:32+08:00,CSI+SE-ResNet,image,prediction-vs-ground-truth figure
CSI+SE-ResNet/outputs/array_11/plots/analysis_candidates/candidate_Good_index_537_comparison.png,candidate_Good_index_537_comparison.png,.png,293989,2025-11-19T11:04:32+08:00,CSI+SE-ResNet,image,prediction-vs-ground-truth figure
CSI+SE-ResNet/outputs/array_11/plots/analysis_candidates/candidate_Good_index_6913_comparison.png,candidate_Good_index_6913_comparison.png,.png,300356,2025-11-19T11:04:32+08:00,CSI+SE-ResNet,image,prediction-vs-ground-truth figure
CSI+SE-ResNet/outputs/array_11/plots/analysis_candidates/candidate_Good_index_8144_comparison.png,candidate_Good_index_8144_comparison.png,.png,290377,2025-11-19T11:04:32+08:00,CSI+SE-ResNet,image,prediction-vs-ground-truth figure
CSI+SE-ResNet/outputs/array_11/plots/analysis_candidates/candidate_Good_index_8794_comparison.png,candidate_Good_index_8794_comparison.png,.png,266120,2025-11-19T11:04:32+08:00,CSI+SE-ResNet,image,prediction-vs-ground-truth figure
CSI+SE-ResNet/outputs/array_11/plots/analysis_candidates/candidate_Poor_index_1628_comparison.png,candidate_Poor_index_1628_comparison.png,.png,273342,2025-11-19T11:04:32+08:00,CSI+SE-ResNet,image,prediction-vs-ground-truth figure
CSI+SE-ResNet/outputs/array_11/plots/analysis_candidates/candidate_Poor_index_2578_comparison.png,candidate_Poor_index_2578_comparison.png,.png,292686,2025-11-19T11:04:32+08:00,CSI+SE-ResNet,image,prediction-vs-ground-truth figure
CSI+SE-ResNet/outputs/array_11/plots/analysis_candidates/candidate_Poor_index_4000_comparison.png,candidate_Poor_index_4000_comparison.png,.png,299948,2025-11-19T11:04:32+08:00,CSI+SE-ResNet,image,prediction-vs-ground-truth figure
CSI+SE-ResNet/outputs/array_11/plots/analysis_candidates/candidate_Poor_index_4125_comparison.png,candidate_Poor_index_4125_comparison.png,.png,293466,2025-11-19T11:04:32+08:00,CSI+SE-ResNet,image,prediction-vs-ground-truth figure
CSI+SE-ResNet/outputs/array_11/plots/analysis_candidates/candidate_Poor_index_4548_comparison.png,candidate_Poor_index_4548_comparison.png,.png,294617,2025-11-19T11:04:32+08:00,CSI+SE-ResNet,image,prediction-vs-ground-truth figure
CSI+SE-ResNet/outputs/array_11/plots/analysis_candidates/candidate_Poor_index_5293_comparison.png,candidate_Poor_index_5293_comparison.png,.png,290426,2025-11-19T11:04:32+08:00,CSI+SE-ResNet,image,prediction-vs-ground-truth figure
CSI+SE-ResNet/outputs/array_11/plots/analysis_candidates/candidate_Poor_index_5399_comparison.png,candidate_Poor_index_5399_comparison.png,.png,280332,2025-11-19T11:04:32+08:00,CSI+SE-ResNet,image,prediction-vs-ground-truth figure
CSI+SE-ResNet/outputs/array_11/plots/analysis_candidates/candidate_Poor_index_6986_comparison.png,candidate_Poor_index_6986_comparison.png,.png,304624,2025-11-19T11:04:32+08:00,CSI+SE-ResNet,image,prediction-vs-ground-truth figure
CSI+SE-ResNet/outputs/array_11/plots/analysis_candidates/candidate_Poor_index_7017_comparison.png,candidate_Poor_index_7017_comparison.png,.png,298047,2025-11-19T11:04:32+08:00,CSI+SE-ResNet,image,prediction-vs-ground-truth figure
CSI+SE-ResNet/outputs/array_11/plots/analysis_candidates/candidate_Poor_index_8184_comparison.png,candidate_Poor_index_8184_comparison.png,.png,296066,2025-11-19T11:04:32+08:00,CSI+SE-ResNet,image,prediction-vs-ground-truth figure
CSI+SE-ResNet/outputs/array_11/plots/analysis_candidates/candidate_Very Poor_index_15565_comparison.png,candidate_Very Poor_index_15565_comparison.png,.png,296786,2025-11-19T11:04:32+08:00,CSI+SE-ResNet,image,prediction-vs-ground-truth figure
CSI+SE-ResNet/outputs/array_11/plots/analysis_candidates/candidate_Very Poor_index_2351_comparison.png,candidate_Very Poor_index_2351_comparison.png,.png,309491,2025-11-19T11:04:32+08:00,CSI+SE-ResNet,image,prediction-vs-ground-truth figure
CSI+SE-ResNet/outputs/array_11/plots/analysis_candidates/candidate_Very Poor_index_2360_comparison.png,candidate_Very Poor_index_2360_comparison.png,.png,318431,2025-11-19T11:04:32+08:00,CSI+SE-ResNet,image,prediction-vs-ground-truth figure
CSI+SE-ResNet/outputs/array_11/plots/analysis_candidates/candidate_Very Poor_index_4087_comparison.png,candidate_Very Poor_index_4087_comparison.png,.png,301632,2025-11-19T11:04:32+08:00,CSI+SE-ResNet,image,prediction-vs-ground-truth figure
CSI+SE-ResNet/outputs/array_11/plots/analysis_candidates/candidate_Very Poor_index_4622_comparison.png,candidate_Very Poor_index_4622_comparison.png,.png,297776,2025-11-19T11:04:32+08:00,CSI+SE-ResNet,image,prediction-vs-ground-truth figure
CSI+SE-ResNet/outputs/array_11/plots/analysis_candidates/candidate_Very Poor_index_4903_comparison.png,candidate_Very Poor_index_4903_comparison.png,.png,348716,2025-11-19T11:04:32+08:00,CSI+SE-ResNet,image,prediction-vs-ground-truth figure
CSI+SE-ResNet/outputs/array_11/plots/analysis_candidates/candidate_Very Poor_index_4960_comparison.png,candidate_Very Poor_index_4960_comparison.png,.png,288595,2025-11-19T11:04:32+08:00,CSI+SE-ResNet,image,prediction-vs-ground-truth figure
CSI+SE-ResNet/outputs/array_11/plots/analysis_candidates/candidate_Very Poor_index_5125_comparison.png,candidate_Very Poor_index_5125_comparison.png,.png,299621,2025-11-19T11:04:32+08:00,CSI+SE-ResNet,image,prediction-vs-ground-truth figure
CSI+SE-ResNet/outputs/array_11/plots/analysis_candidates/candidate_Very Poor_index_8150_comparison.png,candidate_Very Poor_index_8150_comparison.png,.png,288954,2025-11-19T11:04:32+08:00,CSI+SE-ResNet,image,prediction-vs-ground-truth figure
CSI+SE-ResNet/outputs/array_11/plots/analysis_candidates/candidate_Very Poor_index_8169_comparison.png,candidate_Very Poor_index_8169_comparison.png,.png,306169,2025-11-19T11:04:32+08:00,CSI+SE-ResNet,image,prediction-vs-ground-truth figure
CSI+SE-ResNet/outputs/array_11/plots/attention_mean_variance.png,attention_mean_variance.png,.png,249224,2025-11-19T11:04:27+08:00,CSI+SE-ResNet,image,resnet; se-resnet
CSI+SE-ResNet/outputs/array_11/plots/class_conditional_attention_analysis.png,class_conditional_attention_analysis.png,.png,636972,2025-11-19T11:04:31+08:00,CSI+SE-ResNet,image,resnet; se-resnet
CSI+SE-ResNet/outputs/array_11/plots/multi_dimension_sample_analysis.png,multi_dimension_sample_analysis.png,.png,3067657,2025-11-19T11:04:35+08:00,CSI+SE-ResNet,image,resnet; se-resnet
CSI+SE-ResNet/outputs/array_11/plots/performance_summary_plots.png,performance_summary_plots.png,.png,2360615,2025-11-19T11:04:35+08:00,CSI+SE-ResNet,image,performance/metric summary
FFT_EfficientNet/output/fft_regression/array_03/logs/train/events.out.tfevents.1763108333.ubuntusrv.27762.0.v2,events.out.tfevents.1763108333.ubuntusrv.27762.0.v2,.v2,1484455,2025-11-17T09:32:02+08:00,FFT_EfficientNet,tensorboard_log,FFT-related artifact
FFT_EfficientNet/output/fft_regression/array_03/logs/train/events.out.tfevents.1763118266.ubuntusrv.25944.0.v2,events.out.tfevents.1763118266.ubuntusrv.25944.0.v2,.v2,1484455,2025-11-17T09:32:02+08:00,FFT_EfficientNet,tensorboard_log,FFT-related artifact
FFT_EfficientNet/output/fft_regression/array_03/logs/train/events.out.tfevents.1763120172.ubuntusrv.21651.0.v2,events.out.tfevents.1763120172.ubuntusrv.21651.0.v2,.v2,1484590,2025-11-17T09:32:02+08:00,FFT_EfficientNet,tensorboard_log,FFT-related artifact
FFT_EfficientNet/output/fft_regression/array_03/logs/train/events.out.tfevents.1763296520.ubuntusrv.12528.0.v2,events.out.tfevents.1763296520.ubuntusrv.12528.0.v2,.v2,1486480,2025-11-17T09:32:02+08:00,FFT_EfficientNet,tensorboard_log,FFT-related artifact
FFT_EfficientNet/output/fft_regression/array_03/logs/training_history_fft.pkl,training_history_fft.pkl,.pkl,4495,2025-11-17T09:30:52+08:00,FFT_EfficientNet,tensorboard_log,training history; FFT-related artifact
FFT_EfficientNet/output/fft_regression/array_03/logs/validation/events.out.tfevents.1763108362.ubuntusrv.27762.1.v2,events.out.tfevents.1763108362.ubuntusrv.27762.1.v2,.v2,21724,2025-11-17T09:30:53+08:00,FFT_EfficientNet,tensorboard_log,FFT-related artifact
FFT_EfficientNet/output/fft_regression/array_03/logs/validation/events.out.tfevents.1763118289.ubuntusrv.25944.1.v2,events.out.tfevents.1763118289.ubuntusrv.25944.1.v2,.v2,21724,2025-11-17T09:30:52+08:00,FFT_EfficientNet,tensorboard_log,FFT-related artifact
FFT_EfficientNet/output/fft_regression/array_03/logs/validation/events.out.tfevents.1763120194.ubuntusrv.21651.1.v2,events.out.tfevents.1763120194.ubuntusrv.21651.1.v2,.v2,22034,2025-11-17T09:30:53+08:00,FFT_EfficientNet,tensorboard_log,FFT-related artifact
FFT_EfficientNet/output/fft_regression/array_03/logs/validation/events.out.tfevents.1763296542.ubuntusrv.12528.1.v2,events.out.tfevents.1763296542.ubuntusrv.12528.1.v2,.v2,26374,2025-11-17T09:30:52+08:00,FFT_EfficientNet,tensorboard_log,FFT-related artifact
FFT_EfficientNet/output/fft_regression/array_03/models/best_fft_regressor_model.h5,best_fft_regressor_model.h5,.h5,104175808,2025-11-17T09:32:23+08:00,FFT_EfficientNet,model_checkpoint,FFT-related artifact; model weight/checkpoint metadata only
FFT_EfficientNet/output/fft_regression/array_03/results/fft_model_analysis_plots/_overall_performance_scatter.png,_overall_performance_scatter.png,.png,251039,2025-11-17T09:30:52+08:00,FFT_EfficientNet,image,FFT-related artifact; performance/metric summary
FFT_EfficientNet/output/fft_regression/array_03/results/fft_model_analysis_plots/_virtual_log_comparison.png,_virtual_log_comparison.png,.png,1266813,2025-11-17T09:31:46+08:00,FFT_EfficientNet,image,prediction-vs-ground-truth figure; FFT-related artifact
FFT_EfficientNet/output/fft_regression/array_03/results/fft_model_analysis_plots/combo_plots_High_Severity/combo_sample_1717.png,combo_sample_1717.png,.png,319519,2025-11-17T09:31:23+08:00,FFT_EfficientNet,image,FFT-related artifact
FFT_EfficientNet/output/fft_regression/array_03/results/fft_model_analysis_plots/combo_plots_High_Severity/combo_sample_312.png,combo_sample_312.png,.png,322945,2025-11-17T09:31:23+08:00,FFT_EfficientNet,image,FFT-related artifact
FFT_EfficientNet/output/fft_regression/array_03/results/fft_model_analysis_plots/combo_plots_High_Severity/combo_sample_314.png,combo_sample_314.png,.png,320924,2025-11-17T09:31:23+08:00,FFT_EfficientNet,image,FFT-related artifact
FFT_EfficientNet/output/fft_regression/array_03/results/fft_model_analysis_plots/combo_plots_High_Severity/combo_sample_650.png,combo_sample_650.png,.png,332543,2025-11-17T09:31:23+08:00,FFT_EfficientNet,image,FFT-related artifact
FFT_EfficientNet/output/fft_regression/array_03/results/fft_model_analysis_plots/combo_plots_High_Severity/combo_sample_655.png,combo_sample_655.png,.png,323707,2025-11-17T09:31:23+08:00,FFT_EfficientNet,image,FFT-related artifact
FFT_EfficientNet/output/fft_regression/array_03/results/fft_model_analysis_plots/combo_plots_High_Severity/combo_sample_658.png,combo_sample_658.png,.png,318420,2025-11-17T09:31:23+08:00,FFT_EfficientNet,image,FFT-related artifact
FFT_EfficientNet/output/fft_regression/array_03/results/fft_model_analysis_plots/combo_plots_High_Severity/combo_sample_768.png,combo_sample_768.png,.png,331120,2025-11-17T09:31:23+08:00,FFT_EfficientNet,image,FFT-related artifact
FFT_EfficientNet/output/fft_regression/array_03/results/fft_model_analysis_plots/combo_plots_High_Severity/combo_sample_769.png,combo_sample_769.png,.png,304092,2025-11-17T09:31:23+08:00,FFT_EfficientNet,image,FFT-related artifact
FFT_EfficientNet/output/fft_regression/array_03/results/fft_model_analysis_plots/combo_plots_High_Severity/combo_sample_836.png,combo_sample_836.png,.png,324712,2025-11-17T09:31:23+08:00,FFT_EfficientNet,image,FFT-related artifact
FFT_EfficientNet/output/fft_regression/array_03/results/fft_model_analysis_plots/combo_plots_High_Severity/combo_sample_837.png,combo_sample_837.png,.png,318068,2025-11-17T09:31:23+08:00,FFT_EfficientNet,image,FFT-related artifact
FFT_EfficientNet/output/fft_regression/array_03/results/fft_model_analysis_plots/combo_plots_High_Severity/combo_sample_847.png,combo_sample_847.png,.png,327350,2025-11-17T09:31:23+08:00,FFT_EfficientNet,image,FFT-related artifact
FFT_EfficientNet/output/fft_regression/array_03/results/fft_model_analysis_plots/combo_plots_High_Severity/combo_sample_891.png,combo_sample_891.png,.png,311906,2025-11-17T09:31:23+08:00,FFT_EfficientNet,image,FFT-related artifact
FFT_EfficientNet/output/fft_regression/array_03/results/fft_model_analysis_plots/combo_plots_High_Severity/combo_sample_894.png,combo_sample_894.png,.png,344484,2025-11-17T09:31:23+08:00,FFT_EfficientNet,image,FFT-related artifact
FFT_EfficientNet/output/fft_regression/array_03/results/fft_model_analysis_plots/combo_plots_Low_Severity/combo_sample_100.png,combo_sample_100.png,.png,320334,2025-11-17T09:31:23+08:00,FFT_EfficientNet,image,FFT-related artifact
FFT_EfficientNet/output/fft_regression/array_03/results/fft_model_analysis_plots/combo_plots_Low_Severity/combo_sample_1044.png,combo_sample_1044.png,.png,314442,2025-11-17T09:31:23+08:00,FFT_EfficientNet,image,FFT-related artifact
FFT_EfficientNet/output/fft_regression/array_03/results/fft_model_analysis_plots/combo_plots_Low_Severity/combo_sample_115.png,combo_sample_115.png,.png,302139,2025-11-17T09:31:23+08:00,FFT_EfficientNet,image,FFT-related artifact
FFT_EfficientNet/output/fft_regression/array_03/results/fft_model_analysis_plots/combo_plots_Low_Severity/combo_sample_1416.png,combo_sample_1416.png,.png,337285,2025-11-17T09:31:23+08:00,FFT_EfficientNet,image,FFT-related artifact
FFT_EfficientNet/output/fft_regression/array_03/results/fft_model_analysis_plots/combo_plots_Low_Severity/combo_sample_1600.png,combo_sample_1600.png,.png,322976,2025-11-17T09:31:23+08:00,FFT_EfficientNet,image,FFT-related artifact
FFT_EfficientNet/output/fft_regression/array_03/results/fft_model_analysis_plots/combo_plots_Low_Severity/combo_sample_2378.png,combo_sample_2378.png,.png,303852,2025-11-17T09:31:23+08:00,FFT_EfficientNet,image,FFT-related artifact
FFT_EfficientNet/output/fft_regression/array_03/results/fft_model_analysis_plots/combo_plots_Low_Severity/combo_sample_275.png,combo_sample_275.png,.png,306248,2025-11-17T09:31:23+08:00,FFT_EfficientNet,image,FFT-related artifact
FFT_EfficientNet/output/fft_regression/array_03/results/fft_model_analysis_plots/combo_plots_Low_Severity/combo_sample_277.png,combo_sample_277.png,.png,314267,2025-11-17T09:31:23+08:00,FFT_EfficientNet,image,FFT-related artifact
FFT_EfficientNet/output/fft_regression/array_03/results/fft_model_analysis_plots/combo_plots_Low_Severity/combo_sample_289.png,combo_sample_289.png,.png,317211,2025-11-17T09:31:23+08:00,FFT_EfficientNet,image,FFT-related artifact
FFT_EfficientNet/output/fft_regression/array_03/results/fft_model_analysis_plots/combo_plots_Low_Severity/combo_sample_291.png,combo_sample_291.png,.png,342827,2025-11-17T09:31:23+08:00,FFT_EfficientNet,image,FFT-related artifact
FFT_EfficientNet/output/fft_regression/array_03/results/fft_model_analysis_plots/combo_plots_Low_Severity/combo_sample_296.png,combo_sample_296.png,.png,333058,2025-11-17T09:31:23+08:00,FFT_EfficientNet,image,FFT-related artifact
FFT_EfficientNet/output/fft_regression/array_03/results/fft_model_analysis_plots/combo_plots_Low_Severity/combo_sample_299.png,combo_sample_299.png,.png,321844,2025-11-17T09:31:23+08:00,FFT_EfficientNet,image,FFT-related artifact
FFT_EfficientNet/output/fft_regression/array_03/results/fft_model_analysis_plots/combo_plots_Low_Severity/combo_sample_47.png,combo_sample_47.png,.png,293966,2025-11-17T09:31:23+08:00,FFT_EfficientNet,image,FFT-related artifact
FFT_EfficientNet/output/fft_regression/array_03/results/fft_model_analysis_plots/combo_plots_Low_Severity/combo_sample_547.png,combo_sample_547.png,.png,316624,2025-11-17T09:31:23+08:00,FFT_EfficientNet,image,FFT-related artifact
FFT_EfficientNet/output/fft_regression/array_03/results/fft_model_analysis_plots/combo_plots_Low_Severity/combo_sample_67.png,combo_sample_67.png,.png,345313,2025-11-17T09:31:23+08:00,FFT_EfficientNet,image,FFT-related artifact
FFT_EfficientNet/output/fft_regression/array_03/results/fft_model_analysis_plots/combo_plots_Low_Severity/combo_sample_91.png,combo_sample_91.png,.png,331585,2025-11-17T09:31:23+08:00,FFT_EfficientNet,image,FFT-related artifact
FFT_EfficientNet/output/fft_regression/array_03/results/fft_model_analysis_plots/combo_plots_Medium_Severity/combo_sample_1237.png,combo_sample_1237.png,.png,334683,2025-11-17T09:31:24+08:00,FFT_EfficientNet,image,FFT-related artifact
FFT_EfficientNet/output/fft_regression/array_03/results/fft_model_analysis_plots/combo_plots_Medium_Severity/combo_sample_1242.png,combo_sample_1242.png,.png,323698,2025-11-17T09:31:23+08:00,FFT_EfficientNet,image,FFT-related artifact
FFT_EfficientNet/output/fft_regression/array_03/results/fft_model_analysis_plots/combo_plots_Medium_Severity/combo_sample_1765.png,combo_sample_1765.png,.png,322402,2025-11-17T09:31:23+08:00,FFT_EfficientNet,image,FFT-related artifact
FFT_EfficientNet/output/fft_regression/array_03/results/fft_model_analysis_plots/combo_plots_Medium_Severity/combo_sample_2495.png,combo_sample_2495.png,.png,329140,2025-11-17T09:31:24+08:00,FFT_EfficientNet,image,FFT-related artifact
FFT_EfficientNet/output/fft_regression/array_03/results/fft_model_analysis_plots/combo_plots_Medium_Severity/combo_sample_2771.png,combo_sample_2771.png,.png,308854,2025-11-17T09:31:23+08:00,FFT_EfficientNet,image,FFT-related artifact
FFT_EfficientNet/output/fft_regression/array_03/results/fft_model_analysis_plots/combo_plots_Medium_Severity/combo_sample_416.png,combo_sample_416.png,.png,311425,2025-11-17T09:31:23+08:00,FFT_EfficientNet,image,FFT-related artifact
FFT_EfficientNet/output/fft_regression/array_03/results/fft_model_analysis_plots/combo_plots_Medium_Severity/combo_sample_426.png,combo_sample_426.png,.png,332681,2025-11-17T09:31:23+08:00,FFT_EfficientNet,image,FFT-related artifact
FFT_EfficientNet/output/fft_regression/array_03/results/fft_model_analysis_plots/combo_plots_Medium_Severity/combo_sample_598.png,combo_sample_598.png,.png,323978,2025-11-17T09:31:24+08:00,FFT_EfficientNet,image,FFT-related artifact
FFT_EfficientNet/output/fft_regression/array_03/results/fft_model_analysis_plots/combo_plots_Medium_Severity/combo_sample_646.png,combo_sample_646.png,.png,334970,2025-11-17T09:31:23+08:00,FFT_EfficientNet,image,FFT-related artifact
FFT_EfficientNet/output/fft_regression/array_03/results/fft_model_analysis_plots/combo_plots_Medium_Severity/combo_sample_763.png,combo_sample_763.png,.png,307938,2025-11-17T09:31:24+08:00,FFT_EfficientNet,image,FFT-related artifact
FFT_EfficientNet/output/fft_regression/array_03/results/fft_model_analysis_plots/combo_plots_Medium_Severity/combo_sample_856.png,combo_sample_856.png,.png,335062,2025-11-17T09:31:24+08:00,FFT_EfficientNet,image,FFT-related artifact
FFT_EfficientNet/output/fft_regression/array_03/results/fft_model_analysis_plots/combo_plots_Medium_Severity/combo_sample_859.png,combo_sample_859.png,.png,347088,2025-11-17T09:31:24+08:00,FFT_EfficientNet,image,FFT-related artifact
FFT_EfficientNet/output/fft_regression/array_03/results/fft_model_analysis_plots/combo_plots_Medium_Severity/combo_sample_862.png,combo_sample_862.png,.png,340948,2025-11-17T09:31:24+08:00,FFT_EfficientNet,image,FFT-related artifact
FFT_EfficientNet/output/fft_regression/array_03/results/fft_model_analysis_plots/combo_plots_Medium_Severity/combo_sample_870.png,combo_sample_870.png,.png,335726,2025-11-17T09:31:24+08:00,FFT_EfficientNet,image,FFT-related artifact
FFT_EfficientNet/output/fft_regression/array_03/results/fft_model_analysis_plots/combo_plots_Medium_Severity/combo_sample_903.png,combo_sample_903.png,.png,346086,2025-11-17T09:31:24+08:00,FFT_EfficientNet,image,FFT-related artifact
FFT_EfficientNet/output/fft_regression/array_03/results/fft_model_analysis_plots/combo_plots_Medium_Severity/combo_sample_929.png,combo_sample_929.png,.png,306803,2025-11-17T09:31:24+08:00,FFT_EfficientNet,image,FFT-related artifact
FFT_EfficientNet/output/fft_regression/array_03/results/fft_model_analysis_plots/combo_plots_Negligible/combo_sample_120.png,combo_sample_120.png,.png,297561,2025-11-17T09:31:24+08:00,FFT_EfficientNet,image,FFT-related artifact
FFT_EfficientNet/output/fft_regression/array_03/results/fft_model_analysis_plots/combo_plots_Negligible/combo_sample_1340.png,combo_sample_1340.png,.png,297760,2025-11-17T09:31:24+08:00,FFT_EfficientNet,image,FFT-related artifact
FFT_EfficientNet/output/fft_regression/array_03/results/fft_model_analysis_plots/combo_plots_Negligible/combo_sample_156.png,combo_sample_156.png,.png,329922,2025-11-17T09:31:24+08:00,FFT_EfficientNet,image,FFT-related artifact
FFT_EfficientNet/output/fft_regression/array_03/results/fft_model_analysis_plots/combo_plots_Negligible/combo_sample_1776.png,combo_sample_1776.png,.png,332331,2025-11-17T09:31:24+08:00,FFT_EfficientNet,image,FFT-related artifact
FFT_EfficientNet/output/fft_regression/array_03/results/fft_model_analysis_plots/combo_plots_Negligible/combo_sample_1934.png,combo_sample_1934.png,.png,315450,2025-11-17T09:31:24+08:00,FFT_EfficientNet,image,FFT-related artifact
FFT_EfficientNet/output/fft_regression/array_03/results/fft_model_analysis_plots/combo_plots_Negligible/combo_sample_1938.png,combo_sample_1938.png,.png,326797,2025-11-17T09:31:24+08:00,FFT_EfficientNet,image,FFT-related artifact
FFT_EfficientNet/output/fft_regression/array_03/results/fft_model_analysis_plots/combo_plots_Negligible/combo_sample_1957.png,combo_sample_1957.png,.png,306757,2025-11-17T09:31:24+08:00,FFT_EfficientNet,image,FFT-related artifact
FFT_EfficientNet/output/fft_regression/array_03/results/fft_model_analysis_plots/combo_plots_Negligible/combo_sample_2053.png,combo_sample_2053.png,.png,294477,2025-11-17T09:31:24+08:00,FFT_EfficientNet,image,FFT-related artifact
FFT_EfficientNet/output/fft_regression/array_03/results/fft_model_analysis_plots/combo_plots_Negligible/combo_sample_2078.png,combo_sample_2078.png,.png,314646,2025-11-17T09:31:24+08:00,FFT_EfficientNet,image,FFT-related artifact
FFT_EfficientNet/output/fft_regression/array_03/results/fft_model_analysis_plots/combo_plots_Negligible/combo_sample_2111.png,combo_sample_2111.png,.png,297468,2025-11-17T09:31:24+08:00,FFT_EfficientNet,image,FFT-related artifact
FFT_EfficientNet/output/fft_regression/array_03/results/fft_model_analysis_plots/combo_plots_Negligible/combo_sample_2115.png,combo_sample_2115.png,.png,313825,2025-11-17T09:31:24+08:00,FFT_EfficientNet,image,FFT-related artifact
FFT_EfficientNet/output/fft_regression/array_03/results/fft_model_analysis_plots/combo_plots_Negligible/combo_sample_2177.png,combo_sample_2177.png,.png,337118,2025-11-17T09:31:24+08:00,FFT_EfficientNet,image,FFT-related artifact
FFT_EfficientNet/output/fft_regression/array_03/results/fft_model_analysis_plots/combo_plots_Negligible/combo_sample_2331.png,combo_sample_2331.png,.png,282481,2025-11-17T09:31:24+08:00,FFT_EfficientNet,image,FFT-related artifact
FFT_EfficientNet/output/fft_regression/array_03/results/fft_model_analysis_plots/combo_plots_Negligible/combo_sample_2462.png,combo_sample_2462.png,.png,321169,2025-11-17T09:31:24+08:00,FFT_EfficientNet,image,FFT-related artifact
FFT_EfficientNet/output/fft_regression/array_03/results/fft_model_analysis_plots/combo_plots_Negligible/combo_sample_2626.png,combo_sample_2626.png,.png,331998,2025-11-17T09:31:24+08:00,FFT_EfficientNet,image,FFT-related artifact
FFT_EfficientNet/output/fft_regression/array_03/results/fft_model_analysis_plots/combo_plots_Negligible/combo_sample_2742.png,combo_sample_2742.png,.png,299530,2025-11-17T09:31:24+08:00,FFT_EfficientNet,image,FFT-related artifact
FFT_EfficientNet/output/image_translation/array_03/logs/train/events.out.tfevents.1758782241.ubuntusrv.22102.0.v2,events.out.tfevents.1758782241.ubuntusrv.22102.0.v2,.v2,7925,2025-11-17T09:30:53+08:00,FFT_EfficientNet,tensorboard_log,FFT-related artifact
FFT_EfficientNet/output/image_translation/array_03/logs/train/events.out.tfevents.1758782488.ubuntusrv.3728.0.v2,events.out.tfevents.1758782488.ubuntusrv.3728.0.v2,.v2,7925,2025-11-17T09:30:53+08:00,FFT_EfficientNet,tensorboard_log,FFT-related artifact
FFT_EfficientNet/output/image_translation/array_03/logs/train/events.out.tfevents.1758782660.ubuntusrv.39349.0.v2,events.out.tfevents.1758782660.ubuntusrv.39349.0.v2,.v2,137431,2025-11-17T09:30:53+08:00,FFT_EfficientNet,tensorboard_log,FFT-related artifact
FFT_EfficientNet/output/image_translation/array_03/logs/train/events.out.tfevents.1758873492.ubuntusrv.31976.0.v2,events.out.tfevents.1758873492.ubuntusrv.31976.0.v2,.v2,1675563,2025-11-17T09:32:03+08:00,FFT_EfficientNet,tensorboard_log,FFT-related artifact
FFT_EfficientNet/output/image_translation/array_03/logs/train/events.out.tfevents.1758878579.ubuntusrv.13912.0.v2,events.out.tfevents.1758878579.ubuntusrv.13912.0.v2,.v2,1479591,2025-11-17T09:32:02+08:00,FFT_EfficientNet,tensorboard_log,FFT-related artifact
FFT_EfficientNet/output/image_translation/array_03/logs/train/events.out.tfevents.1759026243.ubuntusrv.4459.0.v2,events.out.tfevents.1759026243.ubuntusrv.4459.0.v2,.v2,1485936,2025-11-17T09:32:02+08:00,FFT_EfficientNet,tensorboard_log,FFT-related artifact
FFT_EfficientNet/output/image_translation/array_03/logs/training_history.pkl,training_history.pkl,.pkl,5162,2025-11-17T09:30:52+08:00,FFT_EfficientNet,tensorboard_log,training history; FFT-related artifact
FFT_EfficientNet/output/image_translation/array_03/logs/training_history_advanced.pkl,training_history_advanced.pkl,.pkl,5260,2025-11-17T09:30:52+08:00,FFT_EfficientNet,tensorboard_log,training history; FFT-related artifact
FFT_EfficientNet/output/image_translation/array_03/logs/validation/events.out.tfevents.1758782669.ubuntusrv.39349.1.v2,events.out.tfevents.1758782669.ubuntusrv.39349.1.v2,.v2,34144,2025-11-17T09:30:53+08:00,FFT_EfficientNet,tensorboard_log,FFT-related artifact
FFT_EfficientNet/output/image_translation/array_03/logs/validation/events.out.tfevents.1758873522.ubuntusrv.31976.1.v2,events.out.tfevents.1758873522.ubuntusrv.31976.1.v2,.v2,28854,2025-11-17T09:30:53+08:00,FFT_EfficientNet,tensorboard_log,FFT-related artifact
FFT_EfficientNet/output/image_translation/array_03/logs/validation/events.out.tfevents.1758878607.ubuntusrv.13912.1.v2,events.out.tfevents.1758878607.ubuntusrv.13912.1.v2,.v2,16454,2025-11-17T09:30:53+08:00,FFT_EfficientNet,tensorboard_log,FFT-related artifact
FFT_EfficientNet/output/image_translation/array_03/logs/validation/events.out.tfevents.1759026265.ubuntusrv.4459.1.v2,events.out.tfevents.1759026265.ubuntusrv.4459.1.v2,.v2,31024,2025-11-17T09:30:53+08:00,FFT_EfficientNet,tensorboard_log,FFT-related artifact
FFT_EfficientNet/output/image_translation/array_03/models/best_advanced_regressor_model.h5,best_advanced_regressor_model.h5,.h5,72969256,2025-11-17T09:32:19+08:00,FFT_EfficientNet,model_checkpoint,FFT-related artifact; model weight/checkpoint metadata only
FFT_EfficientNet/output/image_translation/array_03/results/final_analysis_plots/_conditional_mean_map_High_Severity.png,_conditional_mean_map_High_Severity.png,.png,111141,2025-11-17T09:30:53+08:00,FFT_EfficientNet,image,FFT-related artifact
FFT_EfficientNet/output/image_translation/array_03/results/final_analysis_plots/_conditional_mean_map_Low_Severity.png,_conditional_mean_map_Low_Severity.png,.png,111367,2025-11-17T09:30:53+08:00,FFT_EfficientNet,image,FFT-related artifact
FFT_EfficientNet/output/image_translation/array_03/results/final_analysis_plots/_conditional_mean_map_Medium_Severity.png,_conditional_mean_map_Medium_Severity.png,.png,112392,2025-11-17T09:30:53+08:00,FFT_EfficientNet,image,FFT-related artifact
FFT_EfficientNet/output/image_translation/array_03/results/final_analysis_plots/_conditional_mean_map_Negligible.png,_conditional_mean_map_Negligible.png,.png,109807,2025-11-17T09:30:53+08:00,FFT_EfficientNet,image,FFT-related artifact
FFT_EfficientNet/output/image_translation/array_03/results/final_analysis_plots/_error_distribution_by_category.png,_error_distribution_by_category.png,.png,99062,2025-11-17T09:30:53+08:00,FFT_EfficientNet,image,FFT-related artifact
FFT_EfficientNet/output/image_translation/array_03/results/final_analysis_plots/_overall_mean_attention_map.png,_overall_mean_attention_map.png,.png,102805,2025-11-17T09:30:53+08:00,FFT_EfficientNet,image,FFT-related artifact
FFT_EfficientNet/output/image_translation/array_03/results/final_analysis_plots/_overall_performance_scatter.png,_overall_performance_scatter.png,.png,425567,2025-11-17T09:30:56+08:00,FFT_EfficientNet,image,FFT-related artifact; performance/metric summary
FFT_EfficientNet/output/image_translation/array_03/results/final_analysis_plots/gradcam_sample_312.png,gradcam_sample_312.png,.png,105232,2025-11-17T09:30:53+08:00,FFT_EfficientNet,image,Grad-CAM/attention visualization; FFT-related artifact
FFT_EfficientNet/output/image_translation/array_03/results/final_analysis_plots/gradcam_sample_313.png,gradcam_sample_313.png,.png,104988,2025-11-17T09:30:53+08:00,FFT_EfficientNet,image,Grad-CAM/attention visualization; FFT-related artifact
FFT_EfficientNet/output/image_translation/array_03/results/final_analysis_plots/gradcam_sample_314.png,gradcam_sample_314.png,.png,104991,2025-11-17T09:30:53+08:00,FFT_EfficientNet,image,Grad-CAM/attention visualization; FFT-related artifact
FFT_EfficientNet/output/image_translation/array_03/results/final_analysis_plots/gradcam_sample_315.png,gradcam_sample_315.png,.png,107513,2025-11-17T09:30:53+08:00,FFT_EfficientNet,image,Grad-CAM/attention visualization; FFT-related artifact
FFT_EfficientNet/output/image_translation/array_03/results/final_analysis_plots/gradcam_sample_362.png,gradcam_sample_362.png,.png,111185,2025-11-17T09:30:53+08:00,FFT_EfficientNet,image,Grad-CAM/attention visualization; FFT-related artifact
FFT_EfficientNet/output/image_translation/array_03/results/final_analysis_plots/gradcam_sample_363.png,gradcam_sample_363.png,.png,111581,2025-11-17T09:30:53+08:00,FFT_EfficientNet,image,Grad-CAM/attention visualization; FFT-related artifact
FFT_EfficientNet/output/image_translation/array_03/results/final_analysis_plots/gradcam_sample_382.png,gradcam_sample_382.png,.png,106165,2025-11-17T09:30:53+08:00,FFT_EfficientNet,image,Grad-CAM/attention visualization; FFT-related artifact
FFT_EfficientNet/output/image_translation/array_03/results/final_analysis_plots/gradcam_sample_383.png,gradcam_sample_383.png,.png,102148,2025-11-17T09:30:53+08:00,FFT_EfficientNet,image,Grad-CAM/attention visualization; FFT-related artifact
FFT_EfficientNet/output/image_translation/array_03/results/final_analysis_plots/gradcam_sample_384.png,gradcam_sample_384.png,.png,97708,2025-11-17T09:30:53+08:00,FFT_EfficientNet,image,Grad-CAM/attention visualization; FFT-related artifact
FFT_EfficientNet/output/image_translation/array_03/results/final_analysis_plots/gradcam_sample_385.png,gradcam_sample_385.png,.png,106333,2025-11-17T09:30:53+08:00,FFT_EfficientNet,image,Grad-CAM/attention visualization; FFT-related artifact
FFT_EfficientNet/output/image_translation/array_03/results/final_analysis_plots/gradcam_sample_386.png,gradcam_sample_386.png,.png,105890,2025-11-17T09:30:53+08:00,FFT_EfficientNet,image,Grad-CAM/attention visualization; FFT-related artifact
FFT_EfficientNet/output/image_translation/array_03/results/final_analysis_plots/gradcam_sample_387.png,gradcam_sample_387.png,.png,127915,2025-11-17T09:30:53+08:00,FFT_EfficientNet,image,Grad-CAM/attention visualization; FFT-related artifact
FFT_EfficientNet/output/image_translation/array_03/results/final_analysis_plots/gradcam_sample_388.png,gradcam_sample_388.png,.png,117942,2025-11-17T09:30:53+08:00,FFT_EfficientNet,image,Grad-CAM/attention visualization; FFT-related artifact
FFT_EfficientNet/output/image_translation/array_03/results/final_analysis_plots/gradcam_sample_389.png,gradcam_sample_389.png,.png,113090,2025-11-17T09:30:53+08:00,FFT_EfficientNet,image,Grad-CAM/attention visualization; FFT-related artifact
FFT_EfficientNet/output/image_translation/array_03/results/final_analysis_plots/gradcam_sample_420.png,gradcam_sample_420.png,.png,114659,2025-11-17T09:30:53+08:00,FFT_EfficientNet,image,Grad-CAM/attention visualization; FFT-related artifact
FFT_EfficientNet/output/image_translation/array_03/results/final_analysis_plots/gradcam_sample_428.png,gradcam_sample_428.png,.png,115285,2025-11-17T09:30:53+08:00,FFT_EfficientNet,image,Grad-CAM/attention visualization; FFT-related artifact
FFT_EfficientNet/output/image_translation/array_03/results/final_analysis_plots/gradcam_sample_429.png,gradcam_sample_429.png,.png,115345,2025-11-17T09:30:53+08:00,FFT_EfficientNet,image,Grad-CAM/attention visualization; FFT-related artifact
FFT_EfficientNet/output/image_translation/array_03/results/final_analysis_plots/gradcam_sample_885.png,gradcam_sample_885.png,.png,106849,2025-11-17T09:30:53+08:00,FFT_EfficientNet,image,Grad-CAM/attention visualization; FFT-related artifact
FFT_EfficientNet/output/image_translation/array_03/results/final_analysis_plots/gradcam_sample_893.png,gradcam_sample_893.png,.png,114378,2025-11-17T09:30:53+08:00,FFT_EfficientNet,image,Grad-CAM/attention visualization; FFT-related artifact
FFT_EfficientNet/output/image_translation/array_03/results/final_analysis_plots/gradcam_sample_894.png,gradcam_sample_894.png,.png,114893,2025-11-17T09:30:53+08:00,FFT_EfficientNet,image,Grad-CAM/attention visualization; FFT-related artifact
FFT_EfficientNet/output/image_translation/array_03/results/original_model_analysis_plots/_virtual_log_comparison.png,_virtual_log_comparison.png,.png,1237659,2025-11-17T09:32:02+08:00,FFT_EfficientNet,image,prediction-vs-ground-truth figure; FFT-related artifact
FFT_EfficientNet/output/image_translation/array_03/results/original_model_analysis_plots/combo_plots_High_Severity/combo_sample_1056.png,combo_sample_1056.png,.png,349960,2025-11-17T09:31:24+08:00,FFT_EfficientNet,image,FFT-related artifact
FFT_EfficientNet/output/image_translation/array_03/results/original_model_analysis_plots/combo_plots_High_Severity/combo_sample_1059.png,combo_sample_1059.png,.png,333342,2025-11-17T09:31:24+08:00,FFT_EfficientNet,image,FFT-related artifact
FFT_EfficientNet/output/image_translation/array_03/results/original_model_analysis_plots/combo_plots_High_Severity/combo_sample_1061.png,combo_sample_1061.png,.png,322440,2025-11-17T09:31:24+08:00,FFT_EfficientNet,image,FFT-related artifact
FFT_EfficientNet/output/image_translation/array_03/results/original_model_analysis_plots/combo_plots_High_Severity/combo_sample_1062.png,combo_sample_1062.png,.png,333862,2025-11-17T09:31:24+08:00,FFT_EfficientNet,image,FFT-related artifact
FFT_EfficientNet/output/image_translation/array_03/results/original_model_analysis_plots/combo_plots_High_Severity/combo_sample_1064.png,combo_sample_1064.png,.png,336264,2025-11-17T09:31:24+08:00,FFT_EfficientNet,image,FFT-related artifact
FFT_EfficientNet/output/image_translation/array_03/results/original_model_analysis_plots/combo_plots_High_Severity/combo_sample_1065.png,combo_sample_1065.png,.png,333633,2025-11-17T09:31:24+08:00,FFT_EfficientNet,image,FFT-related artifact
FFT_EfficientNet/output/image_translation/array_03/results/original_model_analysis_plots/combo_plots_High_Severity/combo_sample_1158.png,combo_sample_1158.png,.png,340097,2025-11-17T09:31:24+08:00,FFT_EfficientNet,image,FFT-related artifact
FFT_EfficientNet/output/image_translation/array_03/results/original_model_analysis_plots/combo_plots_High_Severity/combo_sample_1161.png,combo_sample_1161.png,.png,354567,2025-11-17T09:31:24+08:00,FFT_EfficientNet,image,FFT-related artifact
FFT_EfficientNet/output/image_translation/array_03/results/original_model_analysis_plots/combo_plots_High_Severity/combo_sample_1165.png,combo_sample_1165.png,.png,326546,2025-11-17T09:31:24+08:00,FFT_EfficientNet,image,FFT-related artifact
FFT_EfficientNet/output/image_translation/array_03/results/original_model_analysis_plots/combo_plots_High_Severity/combo_sample_1166.png,combo_sample_1166.png,.png,324468,2025-11-17T09:31:24+08:00,FFT_EfficientNet,image,FFT-related artifact
FFT_EfficientNet/output/image_translation/array_03/results/original_model_analysis_plots/combo_plots_High_Severity/combo_sample_1174.png,combo_sample_1174.png,.png,311993,2025-11-17T09:31:24+08:00,FFT_EfficientNet,image,FFT-related artifact
FFT_EfficientNet/output/image_translation/array_03/results/original_model_analysis_plots/combo_plots_High_Severity/combo_sample_1176.png,combo_sample_1176.png,.png,320205,2025-11-17T09:31:24+08:00,FFT_EfficientNet,image,FFT-related artifact
FFT_EfficientNet/output/image_translation/array_03/results/original_model_analysis_plots/combo_plots_High_Severity/combo_sample_1192.png,combo_sample_1192.png,.png,351153,2025-11-17T09:31:25+08:00,FFT_EfficientNet,image,FFT-related artifact
FFT_EfficientNet/output/image_translation/array_03/results/original_model_analysis_plots/combo_plots_High_Severity/combo_sample_1236.png,combo_sample_1236.png,.png,337202,2025-11-17T09:31:24+08:00,FFT_EfficientNet,image,FFT-related artifact
FFT_EfficientNet/output/image_translation/array_03/results/original_model_analysis_plots/combo_plots_High_Severity/combo_sample_1237.png,combo_sample_1237.png,.png,333789,2025-11-17T09:31:25+08:00,FFT_EfficientNet,image,FFT-related artifact
FFT_EfficientNet/output/image_translation/array_03/results/original_model_analysis_plots/combo_plots_High_Severity/combo_sample_1239.png,combo_sample_1239.png,.png,322876,2025-11-17T09:31:25+08:00,FFT_EfficientNet,image,FFT-related artifact
FFT_EfficientNet/output/image_translation/array_03/results/original_model_analysis_plots/combo_plots_High_Severity/combo_sample_1240.png,combo_sample_1240.png,.png,324491,2025-11-17T09:31:25+08:00,FFT_EfficientNet,image,FFT-related artifact
FFT_EfficientNet/output/image_translation/array_03/results/original_model_analysis_plots/combo_plots_High_Severity/combo_sample_1244.png,combo_sample_1244.png,.png,324572,2025-11-17T09:31:25+08:00,FFT_EfficientNet,image,FFT-related artifact
FFT_EfficientNet/output/image_translation/array_03/results/original_model_analysis_plots/combo_plots_High_Severity/combo_sample_1324.png,combo_sample_1324.png,.png,318092,2025-11-17T09:31:25+08:00,FFT_EfficientNet,image,FFT-related artifact
FFT_EfficientNet/output/image_translation/array_03/results/original_model_analysis_plots/combo_plots_High_Severity/combo_sample_1386.png,combo_sample_1386.png,.png,346848,2025-11-17T09:31:25+08:00,FFT_EfficientNet,image,FFT-related artifact
FFT_EfficientNet/output/image_translation/array_03/results/original_model_analysis_plots/combo_plots_High_Severity/combo_sample_1403.png,combo_sample_1403.png,.png,305455,2025-11-17T09:31:25+08:00,FFT_EfficientNet,image,FFT-related artifact
FFT_EfficientNet/output/image_translation/array_03/results/original_model_analysis_plots/combo_plots_High_Severity/combo_sample_1404.png,combo_sample_1404.png,.png,310033,2025-11-17T09:31:25+08:00,FFT_EfficientNet,image,FFT-related artifact
FFT_EfficientNet/output/image_translation/array_03/results/original_model_analysis_plots/combo_plots_High_Severity/combo_sample_1410.png,combo_sample_1410.png,.png,318020,2025-11-17T09:31:25+08:00,FFT_EfficientNet,image,FFT-related artifact
FFT_EfficientNet/output/image_translation/array_03/results/original_model_analysis_plots/combo_plots_High_Severity/combo_sample_1418.png,combo_sample_1418.png,.png,364738,2025-11-17T09:31:25+08:00,FFT_EfficientNet,image,FFT-related artifact
FFT_EfficientNet/output/image_translation/array_03/results/original_model_analysis_plots/combo_plots_High_Severity/combo_sample_1422.png,combo_sample_1422.png,.png,349388,2025-11-17T09:31:25+08:00,FFT_EfficientNet,image,FFT-related artifact
FFT_EfficientNet/output/image_translation/array_03/results/original_model_analysis_plots/combo_plots_High_Severity/combo_sample_1458.png,combo_sample_1458.png,.png,333823,2025-11-17T09:31:25+08:00,FFT_EfficientNet,image,FFT-related artifact
FFT_EfficientNet/output/image_translation/array_03/results/original_model_analysis_plots/combo_plots_High_Severity/combo_sample_1460.png,combo_sample_1460.png,.png,319667,2025-11-17T09:31:25+08:00,FFT_EfficientNet,image,FFT-related artifact
FFT_EfficientNet/output/image_translation/array_03/results/original_model_analysis_plots/combo_plots_High_Severity/combo_sample_1493.png,combo_sample_1493.png,.png,325519,2025-11-17T09:31:25+08:00,FFT_EfficientNet,image,FFT-related artifact
FFT_EfficientNet/output/image_translation/array_03/results/original_model_analysis_plots/combo_plots_High_Severity/combo_sample_1494.png,combo_sample_1494.png,.png,325418,2025-11-17T09:31:25+08:00,FFT_EfficientNet,image,FFT-related artifact
FFT_EfficientNet/output/image_translation/array_03/results/original_model_analysis_plots/combo_plots_High_Severity/combo_sample_1496.png,combo_sample_1496.png,.png,317665,2025-11-17T09:31:25+08:00,FFT_EfficientNet,image,FFT-related artifact
FFT_EfficientNet/output/image_translation/array_03/results/original_model_analysis_plots/combo_plots_High_Severity/combo_sample_1498.png,combo_sample_1498.png,.png,332696,2025-11-17T09:31:25+08:00,FFT_EfficientNet,image,FFT-related artifact
FFT_EfficientNet/output/image_translation/array_03/results/original_model_analysis_plots/combo_plots_High_Severity/combo_sample_1502.png,combo_sample_1502.png,.png,318204,2025-11-17T09:31:25+08:00,FFT_EfficientNet,image,FFT-related artifact
FFT_EfficientNet/output/image_translation/array_03/results/original_model_analysis_plots/combo_plots_High_Severity/combo_sample_1507.png,combo_sample_1507.png,.png,377085,2025-11-17T09:31:25+08:00,FFT_EfficientNet,image,FFT-related artifact
FFT_EfficientNet/output/image_translation/array_03/results/original_model_analysis_plots/combo_plots_High_Severity/combo_sample_1508.png,combo_sample_1508.png,.png,354546,2025-11-17T09:31:25+08:00,FFT_EfficientNet,image,FFT-related artifact
FFT_EfficientNet/output/image_translation/array_03/results/original_model_analysis_plots/combo_plots_High_Severity/combo_sample_1717.png,combo_sample_1717.png,.png,301197,2025-11-17T09:31:25+08:00,FFT_EfficientNet,image,FFT-related artifact
FFT_EfficientNet/output/image_translation/array_03/results/original_model_analysis_plots/combo_plots_High_Severity/combo_sample_1750.png,combo_sample_1750.png,.png,335616,2025-11-17T09:31:25+08:00,FFT_EfficientNet,image,FFT-related artifact
FFT_EfficientNet/output/image_translation/array_03/results/original_model_analysis_plots/combo_plots_High_Severity/combo_sample_1751.png,combo_sample_1751.png,.png,342467,2025-11-17T09:31:25+08:00,FFT_EfficientNet,image,FFT-related artifact
FFT_EfficientNet/output/image_translation/array_03/results/original_model_analysis_plots/combo_plots_High_Severity/combo_sample_1755.png,combo_sample_1755.png,.png,347854,2025-11-17T09:31:25+08:00,FFT_EfficientNet,image,FFT-related artifact
FFT_EfficientNet/output/image_translation/array_03/results/original_model_analysis_plots/combo_plots_High_Severity/combo_sample_1765.png,combo_sample_1765.png,.png,327114,2025-11-17T09:31:25+08:00,FFT_EfficientNet,image,FFT-related artifact
FFT_EfficientNet/output/image_translation/array_03/results/original_model_analysis_plots/combo_plots_High_Severity/combo_sample_2163.png,combo_sample_2163.png,.png,299713,2025-11-17T09:31:25+08:00,FFT_EfficientNet,image,FFT-related artifact
FFT_EfficientNet/output/image_translation/array_03/results/original_model_analysis_plots/combo_plots_High_Severity/combo_sample_228.png,combo_sample_228.png,.png,381783,2025-11-17T09:31:25+08:00,FFT_EfficientNet,image,FFT-related artifact
FFT_EfficientNet/output/image_translation/array_03/results/original_model_analysis_plots/combo_plots_High_Severity/combo_sample_233.png,combo_sample_233.png,.png,328131,2025-11-17T09:31:25+08:00,FFT_EfficientNet,image,FFT-related artifact
FFT_EfficientNet/output/image_translation/array_03/results/original_model_analysis_plots/combo_plots_High_Severity/combo_sample_238.png,combo_sample_238.png,.png,326006,2025-11-17T09:31:25+08:00,FFT_EfficientNet,image,FFT-related artifact
FFT_EfficientNet/output/image_translation/array_03/results/original_model_analysis_plots/combo_plots_High_Severity/combo_sample_244.png,combo_sample_244.png,.png,333024,2025-11-17T09:31:25+08:00,FFT_EfficientNet,image,FFT-related artifact
FFT_EfficientNet/output/image_translation/array_03/results/original_model_analysis_plots/combo_plots_High_Severity/combo_sample_245.png,combo_sample_245.png,.png,340788,2025-11-17T09:31:25+08:00,FFT_EfficientNet,image,FFT-related artifact
FFT_EfficientNet/output/image_translation/array_03/results/original_model_analysis_plots/combo_plots_High_Severity/combo_sample_246.png,combo_sample_246.png,.png,349937,2025-11-17T09:31:25+08:00,FFT_EfficientNet,image,FFT-related artifact
FFT_EfficientNet/output/image_translation/array_03/results/original_model_analysis_plots/combo_plots_High_Severity/combo_sample_247.png,combo_sample_247.png,.png,341717,2025-11-17T09:31:26+08:00,FFT_EfficientNet,image,FFT-related artifact
FFT_EfficientNet/output/image_translation/array_03/results/original_model_analysis_plots/combo_plots_High_Severity/combo_sample_259.png,combo_sample_259.png,.png,319121,2025-11-17T09:31:25+08:00,FFT_EfficientNet,image,FFT-related artifact
FFT_EfficientNet/output/image_translation/array_03/results/original_model_analysis_plots/combo_plots_High_Severity/combo_sample_260.png,combo_sample_260.png,.png,321738,2025-11-17T09:31:25+08:00,FFT_EfficientNet,image,FFT-related artifact
FFT_EfficientNet/output/image_translation/array_03/results/original_model_analysis_plots/combo_plots_High_Severity/combo_sample_262.png,combo_sample_262.png,.png,322928,2025-11-17T09:31:25+08:00,FFT_EfficientNet,image,FFT-related artifact
FFT_EfficientNet/output/image_translation/array_03/results/original_model_analysis_plots/combo_plots_High_Severity/combo_sample_264.png,combo_sample_264.png,.png,330306,2025-11-17T09:31:25+08:00,FFT_EfficientNet,image,FFT-related artifact
FFT_EfficientNet/output/image_translation/array_03/results/original_model_analysis_plots/combo_plots_High_Severity/combo_sample_265.png,combo_sample_265.png,.png,332283,2025-11-17T09:31:25+08:00,FFT_EfficientNet,image,FFT-related artifact
FFT_EfficientNet/output/image_translation/array_03/results/original_model_analysis_plots/combo_plots_High_Severity/combo_sample_269.png,combo_sample_269.png,.png,326542,2025-11-17T09:31:25+08:00,FFT_EfficientNet,image,FFT-related artifact
FFT_EfficientNet/output/image_translation/array_03/results/original_model_analysis_plots/combo_plots_High_Severity/combo_sample_273.png,combo_sample_273.png,.png,317142,2025-11-17T09:31:26+08:00,FFT_EfficientNet,image,FFT-related artifact
FFT_EfficientNet/output/image_translation/array_03/results/original_model_analysis_plots/combo_plots_High_Severity/combo_sample_2773.png,combo_sample_2773.png,.png,313135,2025-11-17T09:31:25+08:00,FFT_EfficientNet,image,FFT-related artifact
FFT_EfficientNet/output/image_translation/array_03/results/original_model_analysis_plots/combo_plots_High_Severity/combo_sample_278.png,combo_sample_278.png,.png,320736,2025-11-17T09:31:26+08:00,FFT_EfficientNet,image,FFT-related artifact
FFT_EfficientNet/output/image_translation/array_03/results/original_model_analysis_plots/combo_plots_High_Severity/combo_sample_281.png,combo_sample_281.png,.png,318572,2025-11-17T09:31:26+08:00,FFT_EfficientNet,image,FFT-related artifact
FFT_EfficientNet/output/image_translation/array_03/results/original_model_analysis_plots/combo_plots_High_Severity/combo_sample_283.png,combo_sample_283.png,.png,320307,2025-11-17T09:31:26+08:00,FFT_EfficientNet,image,FFT-related artifact
FFT_EfficientNet/output/image_translation/array_03/results/original_model_analysis_plots/combo_plots_High_Severity/combo_sample_285.png,combo_sample_285.png,.png,313939,2025-11-17T09:31:26+08:00,FFT_EfficientNet,image,FFT-related artifact
FFT_EfficientNet/output/image_translation/array_03/results/original_model_analysis_plots/combo_plots_High_Severity/combo_sample_291.png,combo_sample_291.png,.png,348500,2025-11-17T09:31:26+08:00,FFT_EfficientNet,image,FFT-related artifact
FFT_EfficientNet/output/image_translation/array_03/results/original_model_analysis_plots/combo_plots_High_Severity/combo_sample_315.png,combo_sample_315.png,.png,317868,2025-11-17T09:31:26+08:00,FFT_EfficientNet,image,FFT-related artifact
FFT_EfficientNet/output/image_translation/array_03/results/original_model_analysis_plots/combo_plots_High_Severity/combo_sample_316.png,combo_sample_316.png,.png,326090,2025-11-17T09:31:26+08:00,FFT_EfficientNet,image,FFT-related artifact
FFT_EfficientNet/output/image_translation/array_03/results/original_model_analysis_plots/combo_plots_High_Severity/combo_sample_317.png,combo_sample_317.png,.png,335355,2025-11-17T09:31:26+08:00,FFT_EfficientNet,image,FFT-related artifact
FFT_EfficientNet/output/image_translation/array_03/results/original_model_analysis_plots/combo_plots_High_Severity/combo_sample_337.png,combo_sample_337.png,.png,315459,2025-11-17T09:31:26+08:00,FFT_EfficientNet,image,FFT-related artifact
FFT_EfficientNet/output/image_translation/array_03/results/original_model_analysis_plots/combo_plots_High_Severity/combo_sample_338.png,combo_sample_338.png,.png,308346,2025-11-17T09:31:26+08:00,FFT_EfficientNet,image,FFT-related artifact
FFT_EfficientNet/output/image_translation/array_03/results/original_model_analysis_plots/combo_plots_High_Severity/combo_sample_341.png,combo_sample_341.png,.png,313606,2025-11-17T09:31:26+08:00,FFT_EfficientNet,image,FFT-related artifact
FFT_EfficientNet/output/image_translation/array_03/results/original_model_analysis_plots/combo_plots_High_Severity/combo_sample_342.png,combo_sample_342.png,.png,306385,2025-11-17T09:31:26+08:00,FFT_EfficientNet,image,FFT-related artifact
FFT_EfficientNet/output/image_translation/array_03/results/original_model_analysis_plots/combo_plots_High_Severity/combo_sample_343.png,combo_sample_343.png,.png,306629,2025-11-17T09:31:26+08:00,FFT_EfficientNet,image,FFT-related artifact
FFT_EfficientNet/output/image_translation/array_03/results/original_model_analysis_plots/combo_plots_High_Severity/combo_sample_344.png,combo_sample_344.png,.png,307381,2025-11-17T09:31:26+08:00,FFT_EfficientNet,image,FFT-related artifact
FFT_EfficientNet/output/image_translation/array_03/results/original_model_analysis_plots/combo_plots_High_Severity/combo_sample_347.png,combo_sample_347.png,.png,307983,2025-11-17T09:31:26+08:00,FFT_EfficientNet,image,FFT-related artifact
FFT_EfficientNet/output/image_translation/array_03/results/original_model_analysis_plots/combo_plots_High_Severity/combo_sample_349.png,combo_sample_349.png,.png,315560,2025-11-17T09:31:26+08:00,FFT_EfficientNet,image,FFT-related artifact
FFT_EfficientNet/output/image_translation/array_03/results/original_model_analysis_plots/combo_plots_High_Severity/combo_sample_350.png,combo_sample_350.png,.png,318291,2025-11-17T09:31:26+08:00,FFT_EfficientNet,image,FFT-related artifact
FFT_EfficientNet/output/image_translation/array_03/results/original_model_analysis_plots/combo_plots_High_Severity/combo_sample_355.png,combo_sample_355.png,.png,328768,2025-11-17T09:31:26+08:00,FFT_EfficientNet,image,FFT-related artifact
FFT_EfficientNet/output/image_translation/array_03/results/original_model_analysis_plots/combo_plots_High_Severity/combo_sample_357.png,combo_sample_357.png,.png,319976,2025-11-17T09:31:26+08:00,FFT_EfficientNet,image,FFT-related artifact
FFT_EfficientNet/output/image_translation/array_03/results/original_model_analysis_plots/combo_plots_High_Severity/combo_sample_359.png,combo_sample_359.png,.png,322733,2025-11-17T09:31:26+08:00,FFT_EfficientNet,image,FFT-related artifact
FFT_EfficientNet/output/image_translation/array_03/results/original_model_analysis_plots/combo_plots_High_Severity/combo_sample_36.png,combo_sample_36.png,.png,300713,2025-11-17T09:31:26+08:00,FFT_EfficientNet,image,FFT-related artifact
FFT_EfficientNet/output/image_translation/array_03/results/original_model_analysis_plots/combo_plots_High_Severity/combo_sample_365.png,combo_sample_365.png,.png,309960,2025-11-17T09:31:26+08:00,FFT_EfficientNet,image,FFT-related artifact
FFT_EfficientNet/output/image_translation/array_03/results/original_model_analysis_plots/combo_plots_High_Severity/combo_sample_366.png,combo_sample_366.png,.png,299019,2025-11-17T09:31:26+08:00,FFT_EfficientNet,image,FFT-related artifact
FFT_EfficientNet/output/image_translation/array_03/results/original_model_analysis_plots/combo_plots_High_Severity/combo_sample_369.png,combo_sample_369.png,.png,312810,2025-11-17T09:31:26+08:00,FFT_EfficientNet,image,FFT-related artifact
FFT_EfficientNet/output/image_translation/array_03/results/original_model_analysis_plots/combo_plots_High_Severity/combo_sample_371.png,combo_sample_371.png,.png,326087,2025-11-17T09:31:26+08:00,FFT_EfficientNet,image,FFT-related artifact
FFT_EfficientNet/output/image_translation/array_03/results/original_model_analysis_plots/combo_plots_High_Severity/combo_sample_372.png,combo_sample_372.png,.png,326262,2025-11-17T09:31:26+08:00,FFT_EfficientNet,image,FFT-related artifact
FFT_EfficientNet/output/image_translation/array_03/results/original_model_analysis_plots/combo_plots_High_Severity/combo_sample_379.png,combo_sample_379.png,.png,320126,2025-11-17T09:31:26+08:00,FFT_EfficientNet,image,FFT-related artifact
FFT_EfficientNet/output/image_translation/array_03/results/original_model_analysis_plots/combo_plots_High_Severity/combo_sample_382.png,combo_sample_382.png,.png,322943,2025-11-17T09:31:26+08:00,FFT_EfficientNet,image,FFT-related artifact
FFT_EfficientNet/output/image_translation/array_03/results/original_model_analysis_plots/combo_plots_High_Severity/combo_sample_385.png,combo_sample_385.png,.png,332178,2025-11-17T09:31:26+08:00,FFT_EfficientNet,image,FFT-related artifact
FFT_EfficientNet/output/image_translation/array_03/results/original_model_analysis_plots/combo_plots_High_Severity/combo_sample_386.png,combo_sample_386.png,.png,337497,2025-11-17T09:31:26+08:00,FFT_EfficientNet,image,FFT-related artifact
FFT_EfficientNet/output/image_translation/array_03/results/original_model_analysis_plots/combo_plots_High_Severity/combo_sample_389.png,combo_sample_389.png,.png,338068,2025-11-17T09:31:26+08:00,FFT_EfficientNet,image,FFT-related artifact
FFT_EfficientNet/output/image_translation/array_03/results/original_model_analysis_plots/combo_plots_High_Severity/combo_sample_391.png,combo_sample_391.png,.png,347939,2025-11-17T09:31:26+08:00,FFT_EfficientNet,image,FFT-related artifact
FFT_EfficientNet/output/image_translation/array_03/results/original_model_analysis_plots/combo_plots_High_Severity/combo_sample_392.png,combo_sample_392.png,.png,333475,2025-11-17T09:31:26+08:00,FFT_EfficientNet,image,FFT-related artifact
FFT_EfficientNet/output/image_translation/array_03/results/original_model_analysis_plots/combo_plots_High_Severity/combo_sample_393.png,combo_sample_393.png,.png,335358,2025-11-17T09:31:26+08:00,FFT_EfficientNet,image,FFT-related artifact
FFT_EfficientNet/output/image_translation/array_03/results/original_model_analysis_plots/combo_plots_High_Severity/combo_sample_396.png,combo_sample_396.png,.png,339254,2025-11-17T09:31:26+08:00,FFT_EfficientNet,image,FFT-related artifact
FFT_EfficientNet/output/image_translation/array_03/results/original_model_analysis_plots/combo_plots_High_Severity/combo_sample_397.png,combo_sample_397.png,.png,336049,2025-11-17T09:31:26+08:00,FFT_EfficientNet,image,FFT-related artifact
FFT_EfficientNet/output/image_translation/array_03/results/original_model_analysis_plots/combo_plots_High_Severity/combo_sample_398.png,combo_sample_398.png,.png,333091,2025-11-17T09:31:26+08:00,FFT_EfficientNet,image,FFT-related artifact
FFT_EfficientNet/output/image_translation/array_03/results/original_model_analysis_plots/combo_plots_High_Severity/combo_sample_412.png,combo_sample_412.png,.png,332182,2025-11-17T09:31:26+08:00,FFT_EfficientNet,image,FFT-related artifact
FFT_EfficientNet/output/image_translation/array_03/results/original_model_analysis_plots/combo_plots_High_Severity/combo_sample_413.png,combo_sample_413.png,.png,331444,2025-11-17T09:31:26+08:00,FFT_EfficientNet,image,FFT-related artifact
FFT_EfficientNet/output/image_translation/array_03/results/original_model_analysis_plots/combo_plots_High_Severity/combo_sample_414.png,combo_sample_414.png,.png,308227,2025-11-17T09:31:27+08:00,FFT_EfficientNet,image,FFT-related artifact
FFT_EfficientNet/output/image_translation/array_03/results/original_model_analysis_plots/combo_plots_High_Severity/combo_sample_417.png,combo_sample_417.png,.png,324105,2025-11-17T09:31:26+08:00,FFT_EfficientNet,image,FFT-related artifact
FFT_EfficientNet/output/image_translation/array_03/results/original_model_analysis_plots/combo_plots_High_Severity/combo_sample_422.png,combo_sample_422.png,.png,322680,2025-11-17T09:31:27+08:00,FFT_EfficientNet,image,FFT-related artifact
FFT_EfficientNet/output/image_translation/array_03/results/original_model_analysis_plots/combo_plots_High_Severity/combo_sample_424.png,combo_sample_424.png,.png,335827,2025-11-17T09:31:26+08:00,FFT_EfficientNet,image,FFT-related artifact
FFT_EfficientNet/output/image_translation/array_03/results/original_model_analysis_plots/combo_plots_High_Severity/combo_sample_426.png,combo_sample_426.png,.png,339592,2025-11-17T09:31:27+08:00,FFT_EfficientNet,image,FFT-related artifact
FFT_EfficientNet/output/image_translation/array_03/results/original_model_analysis_plots/combo_plots_High_Severity/combo_sample_427.png,combo_sample_427.png,.png,334708,2025-11-17T09:31:26+08:00,FFT_EfficientNet,image,FFT-related artifact
FFT_EfficientNet/output/image_translation/array_03/results/original_model_analysis_plots/combo_plots_High_Severity/combo_sample_437.png,combo_sample_437.png,.png,342803,2025-11-17T09:31:27+08:00,FFT_EfficientNet,image,FFT-related artifact
FFT_EfficientNet/output/image_translation/array_03/results/original_model_analysis_plots/combo_plots_High_Severity/combo_sample_439.png,combo_sample_439.png,.png,330494,2025-11-17T09:31:27+08:00,FFT_EfficientNet,image,FFT-related artifact
FFT_EfficientNet/output/image_translation/array_03/results/original_model_analysis_plots/combo_plots_High_Severity/combo_sample_442.png,combo_sample_442.png,.png,324965,2025-11-17T09:31:27+08:00,FFT_EfficientNet,image,FFT-related artifact
FFT_EfficientNet/output/image_translation/array_03/results/original_model_analysis_plots/combo_plots_High_Severity/combo_sample_447.png,combo_sample_447.png,.png,305969,2025-11-17T09:31:27+08:00,FFT_EfficientNet,image,FFT-related artifact
FFT_EfficientNet/output/image_translation/array_03/results/original_model_analysis_plots/combo_plots_High_Severity/combo_sample_448.png,combo_sample_448.png,.png,305668,2025-11-17T09:31:27+08:00,FFT_EfficientNet,image,FFT-related artifact
FFT_EfficientNet/output/image_translation/array_03/results/original_model_analysis_plots/combo_plots_High_Severity/combo_sample_449.png,combo_sample_449.png,.png,335530,2025-11-17T09:31:27+08:00,FFT_EfficientNet,image,FFT-related artifact
FFT_EfficientNet/output/image_translation/array_03/results/original_model_analysis_plots/combo_plots_High_Severity/combo_sample_466.png,combo_sample_466.png,.png,315178,2025-11-17T09:31:27+08:00,FFT_EfficientNet,image,FFT-related artifact
FFT_EfficientNet/output/image_translation/array_03/results/original_model_analysis_plots/combo_plots_High_Severity/combo_sample_467.png,combo_sample_467.png,.png,317335,2025-11-17T09:31:27+08:00,FFT_EfficientNet,image,FFT-related artifact
FFT_EfficientNet/output/image_translation/array_03/results/original_model_analysis_plots/combo_plots_High_Severity/combo_sample_471.png,combo_sample_471.png,.png,317688,2025-11-17T09:31:27+08:00,FFT_EfficientNet,image,FFT-related artifact
FFT_EfficientNet/output/image_translation/array_03/results/original_model_analysis_plots/combo_plots_High_Severity/combo_sample_475.png,combo_sample_475.png,.png,333157,2025-11-17T09:31:27+08:00,FFT_EfficientNet,image,FFT-related artifact
FFT_EfficientNet/output/image_translation/array_03/results/original_model_analysis_plots/combo_plots_High_Severity/combo_sample_476.png,combo_sample_476.png,.png,340817,2025-11-17T09:31:27+08:00,FFT_EfficientNet,image,FFT-related artifact
FFT_EfficientNet/output/image_translation/array_03/results/original_model_analysis_plots/combo_plots_High_Severity/combo_sample_480.png,combo_sample_480.png,.png,338029,2025-11-17T09:31:27+08:00,FFT_EfficientNet,image,FFT-related artifact
FFT_EfficientNet/output/image_translation/array_03/results/original_model_analysis_plots/combo_plots_High_Severity/combo_sample_481.png,combo_sample_481.png,.png,339286,2025-11-17T09:31:27+08:00,FFT_EfficientNet,image,FFT-related artifact
FFT_EfficientNet/output/image_translation/array_03/results/original_model_analysis_plots/combo_plots_High_Severity/combo_sample_482.png,combo_sample_482.png,.png,340994,2025-11-17T09:31:27+08:00,FFT_EfficientNet,image,FFT-related artifact
FFT_EfficientNet/output/image_translation/array_03/results/original_model_analysis_plots/combo_plots_High_Severity/combo_sample_520.png,combo_sample_520.png,.png,306059,2025-11-17T09:31:27+08:00,FFT_EfficientNet,image,FFT-related artifact
FFT_EfficientNet/output/image_translation/array_03/results/original_model_analysis_plots/combo_plots_High_Severity/combo_sample_526.png,combo_sample_526.png,.png,293370,2025-11-17T09:31:27+08:00,FFT_EfficientNet,image,FFT-related artifact
FFT_EfficientNet/output/image_translation/array_03/results/original_model_analysis_plots/combo_plots_High_Severity/combo_sample_560.png,combo_sample_560.png,.png,325026,2025-11-17T09:31:27+08:00,FFT_EfficientNet,image,FFT-related artifact
FFT_EfficientNet/output/image_translation/array_03/results/original_model_analysis_plots/combo_plots_High_Severity/combo_sample_574.png,combo_sample_574.png,.png,311577,2025-11-17T09:31:27+08:00,FFT_EfficientNet,image,FFT-related artifact
FFT_EfficientNet/output/image_translation/array_03/results/original_model_analysis_plots/combo_plots_High_Severity/combo_sample_576.png,combo_sample_576.png,.png,314508,2025-11-17T09:31:27+08:00,FFT_EfficientNet,image,FFT-related artifact
FFT_EfficientNet/output/image_translation/array_03/results/original_model_analysis_plots/combo_plots_High_Severity/combo_sample_591.png,combo_sample_591.png,.png,321071,2025-11-17T09:31:27+08:00,FFT_EfficientNet,image,FFT-related artifact
FFT_EfficientNet/output/image_translation/array_03/results/original_model_analysis_plots/combo_plots_High_Severity/combo_sample_596.png,combo_sample_596.png,.png,325428,2025-11-17T09:31:27+08:00,FFT_EfficientNet,image,FFT-related artifact
FFT_EfficientNet/output/image_translation/array_03/results/original_model_analysis_plots/combo_plots_High_Severity/combo_sample_598.png,combo_sample_598.png,.png,329327,2025-11-17T09:31:27+08:00,FFT_EfficientNet,image,FFT-related artifact
FFT_EfficientNet/output/image_translation/array_03/results/original_model_analysis_plots/combo_plots_High_Severity/combo_sample_602.png,combo_sample_602.png,.png,322823,2025-11-17T09:31:27+08:00,FFT_EfficientNet,image,FFT-related artifact
FFT_EfficientNet/output/image_translation/array_03/results/original_model_analysis_plots/combo_plots_High_Severity/combo_sample_603.png,combo_sample_603.png,.png,322878,2025-11-17T09:31:27+08:00,FFT_EfficientNet,image,FFT-related artifact
FFT_EfficientNet/output/image_translation/array_03/results/original_model_analysis_plots/combo_plots_High_Severity/combo_sample_605.png,combo_sample_605.png,.png,342177,2025-11-17T09:31:27+08:00,FFT_EfficientNet,image,FFT-related artifact
FFT_EfficientNet/output/image_translation/array_03/results/original_model_analysis_plots/combo_plots_High_Severity/combo_sample_61.png,combo_sample_61.png,.png,339629,2025-11-17T09:31:27+08:00,FFT_EfficientNet,image,FFT-related artifact
FFT_EfficientNet/output/image_translation/array_03/results/original_model_analysis_plots/combo_plots_High_Severity/combo_sample_635.png,combo_sample_635.png,.png,330226,2025-11-17T09:31:28+08:00,FFT_EfficientNet,image,FFT-related artifact
FFT_EfficientNet/output/image_translation/array_03/results/original_model_analysis_plots/combo_plots_High_Severity/combo_sample_637.png,combo_sample_637.png,.png,316151,2025-11-17T09:31:27+08:00,FFT_EfficientNet,image,FFT-related artifact
FFT_EfficientNet/output/image_translation/array_03/results/original_model_analysis_plots/combo_plots_High_Severity/combo_sample_639.png,combo_sample_639.png,.png,316957,2025-11-17T09:31:27+08:00,FFT_EfficientNet,image,FFT-related artifact
FFT_EfficientNet/output/image_translation/array_03/results/original_model_analysis_plots/combo_plots_High_Severity/combo_sample_640.png,combo_sample_640.png,.png,320063,2025-11-17T09:31:27+08:00,FFT_EfficientNet,image,FFT-related artifact
FFT_EfficientNet/output/image_translation/array_03/results/original_model_analysis_plots/combo_plots_High_Severity/combo_sample_643.png,combo_sample_643.png,.png,332049,2025-11-17T09:31:27+08:00,FFT_EfficientNet,image,FFT-related artifact
FFT_EfficientNet/output/image_translation/array_03/results/original_model_analysis_plots/combo_plots_High_Severity/combo_sample_645.png,combo_sample_645.png,.png,333805,2025-11-17T09:31:27+08:00,FFT_EfficientNet,image,FFT-related artifact
FFT_EfficientNet/output/image_translation/array_03/results/original_model_analysis_plots/combo_plots_High_Severity/combo_sample_649.png,combo_sample_649.png,.png,320510,2025-11-17T09:31:27+08:00,FFT_EfficientNet,image,FFT-related artifact
FFT_EfficientNet/output/image_translation/array_03/results/original_model_analysis_plots/combo_plots_High_Severity/combo_sample_653.png,combo_sample_653.png,.png,341342,2025-11-17T09:31:27+08:00,FFT_EfficientNet,image,FFT-related artifact
FFT_EfficientNet/output/image_translation/array_03/results/original_model_analysis_plots/combo_plots_High_Severity/combo_sample_654.png,combo_sample_654.png,.png,325210,2025-11-17T09:31:27+08:00,FFT_EfficientNet,image,FFT-related artifact
FFT_EfficientNet/output/image_translation/array_03/results/original_model_analysis_plots/combo_plots_High_Severity/combo_sample_656.png,combo_sample_656.png,.png,321311,2025-11-17T09:31:27+08:00,FFT_EfficientNet,image,FFT-related artifact
FFT_EfficientNet/output/image_translation/array_03/results/original_model_analysis_plots/combo_plots_High_Severity/combo_sample_657.png,combo_sample_657.png,.png,319709,2025-11-17T09:31:27+08:00,FFT_EfficientNet,image,FFT-related artifact
FFT_EfficientNet/output/image_translation/array_03/results/original_model_analysis_plots/combo_plots_High_Severity/combo_sample_665.png,combo_sample_665.png,.png,331640,2025-11-17T09:31:28+08:00,FFT_EfficientNet,image,FFT-related artifact
FFT_EfficientNet/output/image_translation/array_03/results/original_model_analysis_plots/combo_plots_High_Severity/combo_sample_672.png,combo_sample_672.png,.png,333729,2025-11-17T09:31:27+08:00,FFT_EfficientNet,image,FFT-related artifact
FFT_EfficientNet/output/image_translation/array_03/results/original_model_analysis_plots/combo_plots_High_Severity/combo_sample_674.png,combo_sample_674.png,.png,322131,2025-11-17T09:31:27+08:00,FFT_EfficientNet,image,FFT-related artifact
FFT_EfficientNet/output/image_translation/array_03/results/original_model_analysis_plots/combo_plots_High_Severity/combo_sample_676.png,combo_sample_676.png,.png,336983,2025-11-17T09:31:28+08:00,FFT_EfficientNet,image,FFT-related artifact
FFT_EfficientNet/output/image_translation/array_03/results/original_model_analysis_plots/combo_plots_High_Severity/combo_sample_677.png,combo_sample_677.png,.png,333032,2025-11-17T09:31:28+08:00,FFT_EfficientNet,image,FFT-related artifact
FFT_EfficientNet/output/image_translation/array_03/results/original_model_analysis_plots/combo_plots_High_Severity/combo_sample_682.png,combo_sample_682.png,.png,339826,2025-11-17T09:31:27+08:00,FFT_EfficientNet,image,FFT-related artifact
FFT_EfficientNet/output/image_translation/array_03/results/original_model_analysis_plots/combo_plots_High_Severity/combo_sample_684.png,combo_sample_684.png,.png,347115,2025-11-17T09:31:28+08:00,FFT_EfficientNet,image,FFT-related artifact
FFT_EfficientNet/output/image_translation/array_03/results/original_model_analysis_plots/combo_plots_High_Severity/combo_sample_686.png,combo_sample_686.png,.png,342416,2025-11-17T09:31:28+08:00,FFT_EfficientNet,image,FFT-related artifact
FFT_EfficientNet/output/image_translation/array_03/results/original_model_analysis_plots/combo_plots_High_Severity/combo_sample_688.png,combo_sample_688.png,.png,332103,2025-11-17T09:31:28+08:00,FFT_EfficientNet,image,FFT-related artifact
FFT_EfficientNet/output/image_translation/array_03/results/original_model_analysis_plots/combo_plots_High_Severity/combo_sample_690.png,combo_sample_690.png,.png,341899,2025-11-17T09:31:28+08:00,FFT_EfficientNet,image,FFT-related artifact
FFT_EfficientNet/output/image_translation/array_03/results/original_model_analysis_plots/combo_plots_High_Severity/combo_sample_701.png,combo_sample_701.png,.png,317418,2025-11-17T09:31:28+08:00,FFT_EfficientNet,image,FFT-related artifact
FFT_EfficientNet/output/image_translation/array_03/results/original_model_analysis_plots/combo_plots_High_Severity/combo_sample_706.png,combo_sample_706.png,.png,336160,2025-11-17T09:31:28+08:00,FFT_EfficientNet,image,FFT-related artifact
FFT_EfficientNet/output/image_translation/array_03/results/original_model_analysis_plots/combo_plots_High_Severity/combo_sample_707.png,combo_sample_707.png,.png,326884,2025-11-17T09:31:28+08:00,FFT_EfficientNet,image,FFT-related artifact
FFT_EfficientNet/output/image_translation/array_03/results/original_model_analysis_plots/combo_plots_High_Severity/combo_sample_711.png,combo_sample_711.png,.png,325782,2025-11-17T09:31:28+08:00,FFT_EfficientNet,image,FFT-related artifact
FFT_EfficientNet/output/image_translation/array_03/results/original_model_analysis_plots/combo_plots_High_Severity/combo_sample_712.png,combo_sample_712.png,.png,341082,2025-11-17T09:31:28+08:00,FFT_EfficientNet,image,FFT-related artifact
FFT_EfficientNet/output/image_translation/array_03/results/original_model_analysis_plots/combo_plots_High_Severity/combo_sample_720.png,combo_sample_720.png,.png,326188,2025-11-17T09:31:28+08:00,FFT_EfficientNet,image,FFT-related artifact
FFT_EfficientNet/output/image_translation/array_03/results/original_model_analysis_plots/combo_plots_High_Severity/combo_sample_725.png,combo_sample_725.png,.png,326626,2025-11-17T09:31:28+08:00,FFT_EfficientNet,image,FFT-related artifact
FFT_EfficientNet/output/image_translation/array_03/results/original_model_analysis_plots/combo_plots_High_Severity/combo_sample_726.png,combo_sample_726.png,.png,315933,2025-11-17T09:31:28+08:00,FFT_EfficientNet,image,FFT-related artifact
FFT_EfficientNet/output/image_translation/array_03/results/original_model_analysis_plots/combo_plots_High_Severity/combo_sample_727.png,combo_sample_727.png,.png,318556,2025-11-17T09:31:28+08:00,FFT_EfficientNet,image,FFT-related artifact
FFT_EfficientNet/output/image_translation/array_03/results/original_model_analysis_plots/combo_plots_High_Severity/combo_sample_730.png,combo_sample_730.png,.png,313975,2025-11-17T09:31:28+08:00,FFT_EfficientNet,image,FFT-related artifact
FFT_EfficientNet/output/image_translation/array_03/results/original_model_analysis_plots/combo_plots_High_Severity/combo_sample_733.png,combo_sample_733.png,.png,325712,2025-11-17T09:31:28+08:00,FFT_EfficientNet,image,FFT-related artifact
FFT_EfficientNet/output/image_translation/array_03/results/original_model_analysis_plots/combo_plots_High_Severity/combo_sample_744.png,combo_sample_744.png,.png,345787,2025-11-17T09:31:28+08:00,FFT_EfficientNet,image,FFT-related artifact
FFT_EfficientNet/output/image_translation/array_03/results/original_model_analysis_plots/combo_plots_High_Severity/combo_sample_747.png,combo_sample_747.png,.png,330321,2025-11-17T09:31:28+08:00,FFT_EfficientNet,image,FFT-related artifact
FFT_EfficientNet/output/image_translation/array_03/results/original_model_analysis_plots/combo_plots_High_Severity/combo_sample_749.png,combo_sample_749.png,.png,327712,2025-11-17T09:31:28+08:00,FFT_EfficientNet,image,FFT-related artifact
FFT_EfficientNet/output/image_translation/array_03/results/original_model_analysis_plots/combo_plots_High_Severity/combo_sample_750.png,combo_sample_750.png,.png,326369,2025-11-17T09:31:28+08:00,FFT_EfficientNet,image,FFT-related artifact
FFT_EfficientNet/output/image_translation/array_03/results/original_model_analysis_plots/combo_plots_High_Severity/combo_sample_753.png,combo_sample_753.png,.png,335520,2025-11-17T09:31:28+08:00,FFT_EfficientNet,image,FFT-related artifact
FFT_EfficientNet/output/image_translation/array_03/results/original_model_analysis_plots/combo_plots_High_Severity/combo_sample_756.png,combo_sample_756.png,.png,315059,2025-11-17T09:31:28+08:00,FFT_EfficientNet,image,FFT-related artifact
FFT_EfficientNet/output/image_translation/array_03/results/original_model_analysis_plots/combo_plots_High_Severity/combo_sample_764.png,combo_sample_764.png,.png,311965,2025-11-17T09:31:28+08:00,FFT_EfficientNet,image,FFT-related artifact
FFT_EfficientNet/output/image_translation/array_03/results/original_model_analysis_plots/combo_plots_High_Severity/combo_sample_765.png,combo_sample_765.png,.png,334199,2025-11-17T09:31:28+08:00,FFT_EfficientNet,image,FFT-related artifact
FFT_EfficientNet/output/image_translation/array_03/results/original_model_analysis_plots/combo_plots_High_Severity/combo_sample_770.png,combo_sample_770.png,.png,303201,2025-11-17T09:31:28+08:00,FFT_EfficientNet,image,FFT-related artifact
FFT_EfficientNet/output/image_translation/array_03/results/original_model_analysis_plots/combo_plots_High_Severity/combo_sample_771.png,combo_sample_771.png,.png,302974,2025-11-17T09:31:28+08:00,FFT_EfficientNet,image,FFT-related artifact
FFT_EfficientNet/output/image_translation/array_03/results/original_model_analysis_plots/combo_plots_High_Severity/combo_sample_772.png,combo_sample_772.png,.png,310120,2025-11-17T09:31:28+08:00,FFT_EfficientNet,image,FFT-related artifact
FFT_EfficientNet/output/image_translation/array_03/results/original_model_analysis_plots/combo_plots_High_Severity/combo_sample_774.png,combo_sample_774.png,.png,300459,2025-11-17T09:31:28+08:00,FFT_EfficientNet,image,FFT-related artifact
FFT_EfficientNet/output/image_translation/array_03/results/original_model_analysis_plots/combo_plots_High_Severity/combo_sample_782.png,combo_sample_782.png,.png,352008,2025-11-17T09:31:28+08:00,FFT_EfficientNet,image,FFT-related artifact
FFT_EfficientNet/output/image_translation/array_03/results/original_model_analysis_plots/combo_plots_High_Severity/combo_sample_783.png,combo_sample_783.png,.png,349685,2025-11-17T09:31:28+08:00,FFT_EfficientNet,image,FFT-related artifact
FFT_EfficientNet/output/image_translation/array_03/results/original_model_analysis_plots/combo_plots_High_Severity/combo_sample_797.png,combo_sample_797.png,.png,339692,2025-11-17T09:31:28+08:00,FFT_EfficientNet,image,FFT-related artifact
FFT_EfficientNet/output/image_translation/array_03/results/original_model_analysis_plots/combo_plots_High_Severity/combo_sample_798.png,combo_sample_798.png,.png,329349,2025-11-17T09:31:28+08:00,FFT_EfficientNet,image,FFT-related artifact
FFT_EfficientNet/output/image_translation/array_03/results/original_model_analysis_plots/combo_plots_High_Severity/combo_sample_81.png,combo_sample_81.png,.png,333737,2025-11-17T09:31:28+08:00,FFT_EfficientNet,image,FFT-related artifact
FFT_EfficientNet/output/image_translation/array_03/results/original_model_analysis_plots/combo_plots_High_Severity/combo_sample_827.png,combo_sample_827.png,.png,332431,2025-11-17T09:31:28+08:00,FFT_EfficientNet,image,FFT-related artifact
FFT_EfficientNet/output/image_translation/array_03/results/original_model_analysis_plots/combo_plots_High_Severity/combo_sample_829.png,combo_sample_829.png,.png,310737,2025-11-17T09:31:29+08:00,FFT_EfficientNet,image,FFT-related artifact
FFT_EfficientNet/output/image_translation/array_03/results/original_model_analysis_plots/combo_plots_High_Severity/combo_sample_83.png,combo_sample_83.png,.png,345647,2025-11-17T09:31:28+08:00,FFT_EfficientNet,image,FFT-related artifact
FFT_EfficientNet/output/image_translation/array_03/results/original_model_analysis_plots/combo_plots_High_Severity/combo_sample_832.png,combo_sample_832.png,.png,316140,2025-11-17T09:31:28+08:00,FFT_EfficientNet,image,FFT-related artifact
FFT_EfficientNet/output/image_translation/array_03/results/original_model_analysis_plots/combo_plots_High_Severity/combo_sample_833.png,combo_sample_833.png,.png,319717,2025-11-17T09:31:28+08:00,FFT_EfficientNet,image,FFT-related artifact
FFT_EfficientNet/output/image_translation/array_03/results/original_model_analysis_plots/combo_plots_High_Severity/combo_sample_834.png,combo_sample_834.png,.png,315154,2025-11-17T09:31:28+08:00,FFT_EfficientNet,image,FFT-related artifact
FFT_EfficientNet/output/image_translation/array_03/results/original_model_analysis_plots/combo_plots_High_Severity/combo_sample_835.png,combo_sample_835.png,.png,320356,2025-11-17T09:31:29+08:00,FFT_EfficientNet,image,FFT-related artifact
FFT_EfficientNet/output/image_translation/array_03/results/original_model_analysis_plots/combo_plots_High_Severity/combo_sample_838.png,combo_sample_838.png,.png,316938,2025-11-17T09:31:29+08:00,FFT_EfficientNet,image,FFT-related artifact
FFT_EfficientNet/output/image_translation/array_03/results/original_model_analysis_plots/combo_plots_High_Severity/combo_sample_841.png,combo_sample_841.png,.png,326701,2025-11-17T09:31:29+08:00,FFT_EfficientNet,image,FFT-related artifact
FFT_EfficientNet/output/image_translation/array_03/results/original_model_analysis_plots/combo_plots_High_Severity/combo_sample_842.png,combo_sample_842.png,.png,319937,2025-11-17T09:31:29+08:00,FFT_EfficientNet,image,FFT-related artifact
FFT_EfficientNet/output/image_translation/array_03/results/original_model_analysis_plots/combo_plots_High_Severity/combo_sample_847.png,combo_sample_847.png,.png,333652,2025-11-17T09:31:29+08:00,FFT_EfficientNet,image,FFT-related artifact
FFT_EfficientNet/output/image_translation/array_03/results/original_model_analysis_plots/combo_plots_High_Severity/combo_sample_848.png,combo_sample_848.png,.png,316629,2025-11-17T09:31:29+08:00,FFT_EfficientNet,image,FFT-related artifact
FFT_EfficientNet/output/image_translation/array_03/results/original_model_analysis_plots/combo_plots_High_Severity/combo_sample_850.png,combo_sample_850.png,.png,293133,2025-11-17T09:31:29+08:00,FFT_EfficientNet,image,FFT-related artifact
FFT_EfficientNet/output/image_translation/array_03/results/original_model_analysis_plots/combo_plots_High_Severity/combo_sample_854.png,combo_sample_854.png,.png,312855,2025-11-17T09:31:29+08:00,FFT_EfficientNet,image,FFT-related artifact
FFT_EfficientNet/output/image_translation/array_03/results/original_model_analysis_plots/combo_plots_High_Severity/combo_sample_855.png,combo_sample_855.png,.png,325284,2025-11-17T09:31:29+08:00,FFT_EfficientNet,image,FFT-related artifact
FFT_EfficientNet/output/image_translation/array_03/results/original_model_analysis_plots/combo_plots_High_Severity/combo_sample_856.png,combo_sample_856.png,.png,337667,2025-11-17T09:31:29+08:00,FFT_EfficientNet,image,FFT-related artifact
FFT_EfficientNet/output/image_translation/array_03/results/original_model_analysis_plots/combo_plots_High_Severity/combo_sample_857.png,combo_sample_857.png,.png,345373,2025-11-17T09:31:29+08:00,FFT_EfficientNet,image,FFT-related artifact
FFT_EfficientNet/output/image_translation/array_03/results/original_model_analysis_plots/combo_plots_High_Severity/combo_sample_863.png,combo_sample_863.png,.png,343164,2025-11-17T09:31:29+08:00,FFT_EfficientNet,image,FFT-related artifact
FFT_EfficientNet/output/image_translation/array_03/results/original_model_analysis_plots/combo_plots_High_Severity/combo_sample_864.png,combo_sample_864.png,.png,359936,2025-11-17T09:31:29+08:00,FFT_EfficientNet,image,FFT-related artifact
FFT_EfficientNet/output/image_translation/array_03/results/original_model_analysis_plots/combo_plots_High_Severity/combo_sample_865.png,combo_sample_865.png,.png,355446,2025-11-17T09:31:29+08:00,FFT_EfficientNet,image,FFT-related artifact
FFT_EfficientNet/output/image_translation/array_03/results/original_model_analysis_plots/combo_plots_High_Severity/combo_sample_87.png,combo_sample_87.png,.png,339601,2025-11-17T09:31:29+08:00,FFT_EfficientNet,image,FFT-related artifact
FFT_EfficientNet/output/image_translation/array_03/results/original_model_analysis_plots/combo_plots_High_Severity/combo_sample_872.png,combo_sample_872.png,.png,343062,2025-11-17T09:31:29+08:00,FFT_EfficientNet,image,FFT-related artifact
FFT_EfficientNet/output/image_translation/array_03/results/original_model_analysis_plots/combo_plots_High_Severity/combo_sample_873.png,combo_sample_873.png,.png,344473,2025-11-17T09:31:29+08:00,FFT_EfficientNet,image,FFT-related artifact
FFT_EfficientNet/output/image_translation/array_03/results/original_model_analysis_plots/combo_plots_High_Severity/combo_sample_874.png,combo_sample_874.png,.png,344383,2025-11-17T09:31:29+08:00,FFT_EfficientNet,image,FFT-related artifact
FFT_EfficientNet/output/image_translation/array_03/results/original_model_analysis_plots/combo_plots_High_Severity/combo_sample_879.png,combo_sample_879.png,.png,330511,2025-11-17T09:31:29+08:00,FFT_EfficientNet,image,FFT-related artifact
FFT_EfficientNet/output/image_translation/array_03/results/original_model_analysis_plots/combo_plots_High_Severity/combo_sample_880.png,combo_sample_880.png,.png,322166,2025-11-17T09:31:29+08:00,FFT_EfficientNet,image,FFT-related artifact
FFT_EfficientNet/output/image_translation/array_03/results/original_model_analysis_plots/combo_plots_High_Severity/combo_sample_883.png,combo_sample_883.png,.png,317144,2025-11-17T09:31:29+08:00,FFT_EfficientNet,image,FFT-related artifact
FFT_EfficientNet/output/image_translation/array_03/results/original_model_analysis_plots/combo_plots_High_Severity/combo_sample_888.png,combo_sample_888.png,.png,335057,2025-11-17T09:31:29+08:00,FFT_EfficientNet,image,FFT-related artifact
FFT_EfficientNet/output/image_translation/array_03/results/original_model_analysis_plots/combo_plots_High_Severity/combo_sample_892.png,combo_sample_892.png,.png,323371,2025-11-17T09:31:29+08:00,FFT_EfficientNet,image,FFT-related artifact
FFT_EfficientNet/output/image_translation/array_03/results/original_model_analysis_plots/combo_plots_High_Severity/combo_sample_893.png,combo_sample_893.png,.png,326772,2025-11-17T09:31:29+08:00,FFT_EfficientNet,image,FFT-related artifact
FFT_EfficientNet/output/image_translation/array_03/results/original_model_analysis_plots/combo_plots_High_Severity/combo_sample_894.png,combo_sample_894.png,.png,343778,2025-11-17T09:31:29+08:00,FFT_EfficientNet,image,FFT-related artifact
FFT_EfficientNet/output/image_translation/array_03/results/original_model_analysis_plots/combo_plots_High_Severity/combo_sample_898.png,combo_sample_898.png,.png,326667,2025-11-17T09:31:29+08:00,FFT_EfficientNet,image,FFT-related artifact
FFT_EfficientNet/output/image_translation/array_03/results/original_model_analysis_plots/combo_plots_High_Severity/combo_sample_902.png,combo_sample_902.png,.png,347389,2025-11-17T09:31:29+08:00,FFT_EfficientNet,image,FFT-related artifact
FFT_EfficientNet/output/image_translation/array_03/results/original_model_analysis_plots/combo_plots_High_Severity/combo_sample_905.png,combo_sample_905.png,.png,330213,2025-11-17T09:31:29+08:00,FFT_EfficientNet,image,FFT-related artifact
FFT_EfficientNet/output/image_translation/array_03/results/original_model_analysis_plots/combo_plots_High_Severity/combo_sample_909.png,combo_sample_909.png,.png,342353,2025-11-17T09:31:29+08:00,FFT_EfficientNet,image,FFT-related artifact
FFT_EfficientNet/output/image_translation/array_03/results/original_model_analysis_plots/combo_plots_High_Severity/combo_sample_912.png,combo_sample_912.png,.png,341418,2025-11-17T09:31:29+08:00,FFT_EfficientNet,image,FFT-related artifact
FFT_EfficientNet/output/image_translation/array_03/results/original_model_analysis_plots/combo_plots_High_Severity/combo_sample_914.png,combo_sample_914.png,.png,330462,2025-11-17T09:31:29+08:00,FFT_EfficientNet,image,FFT-related artifact
FFT_EfficientNet/output/image_translation/array_03/results/original_model_analysis_plots/combo_plots_High_Severity/combo_sample_918.png,combo_sample_918.png,.png,322169,2025-11-17T09:31:29+08:00,FFT_EfficientNet,image,FFT-related artifact
FFT_EfficientNet/output/image_translation/array_03/results/original_model_analysis_plots/combo_plots_High_Severity/combo_sample_921.png,combo_sample_921.png,.png,320170,2025-11-17T09:31:29+08:00,FFT_EfficientNet,image,FFT-related artifact
FFT_EfficientNet/output/image_translation/array_03/results/original_model_analysis_plots/combo_plots_High_Severity/combo_sample_928.png,combo_sample_928.png,.png,311157,2025-11-17T09:31:29+08:00,FFT_EfficientNet,image,FFT-related artifact
FFT_EfficientNet/output/image_translation/array_03/results/original_model_analysis_plots/combo_plots_High_Severity/combo_sample_929.png,combo_sample_929.png,.png,309534,2025-11-17T09:31:29+08:00,FFT_EfficientNet,image,FFT-related artifact
FFT_EfficientNet/output/image_translation/array_03/results/original_model_analysis_plots/combo_plots_High_Severity/combo_sample_934.png,combo_sample_934.png,.png,321031,2025-11-17T09:31:29+08:00,FFT_EfficientNet,image,FFT-related artifact
FFT_EfficientNet/output/image_translation/array_03/results/original_model_analysis_plots/combo_plots_Low_Severity/combo_sample_1030.png,combo_sample_1030.png,.png,288056,2025-11-17T09:31:29+08:00,FFT_EfficientNet,image,FFT-related artifact
FFT_EfficientNet/output/image_translation/array_03/results/original_model_analysis_plots/combo_plots_Low_Severity/combo_sample_1031.png,combo_sample_1031.png,.png,300283,2025-11-17T09:31:29+08:00,FFT_EfficientNet,image,FFT-related artifact
FFT_EfficientNet/output/image_translation/array_03/results/original_model_analysis_plots/combo_plots_Low_Severity/combo_sample_1035.png,combo_sample_1035.png,.png,297120,2025-11-17T09:31:29+08:00,FFT_EfficientNet,image,FFT-related artifact
FFT_EfficientNet/output/image_translation/array_03/results/original_model_analysis_plots/combo_plots_Low_Severity/combo_sample_1037.png,combo_sample_1037.png,.png,296284,2025-11-17T09:31:29+08:00,FFT_EfficientNet,image,FFT-related artifact
FFT_EfficientNet/output/image_translation/array_03/results/original_model_analysis_plots/combo_plots_Low_Severity/combo_sample_1041.png,combo_sample_1041.png,.png,296661,2025-11-17T09:31:30+08:00,FFT_EfficientNet,image,FFT-related artifact
FFT_EfficientNet/output/image_translation/array_03/results/original_model_analysis_plots/combo_plots_Low_Severity/combo_sample_106.png,combo_sample_106.png,.png,326818,2025-11-17T09:31:30+08:00,FFT_EfficientNet,image,FFT-related artifact
FFT_EfficientNet/output/image_translation/array_03/results/original_model_analysis_plots/combo_plots_Low_Severity/combo_sample_1068.png,combo_sample_1068.png,.png,326778,2025-11-17T09:31:30+08:00,FFT_EfficientNet,image,FFT-related artifact
FFT_EfficientNet/output/image_translation/array_03/results/original_model_analysis_plots/combo_plots_Low_Severity/combo_sample_1070.png,combo_sample_1070.png,.png,328560,2025-11-17T09:31:30+08:00,FFT_EfficientNet,image,FFT-related artifact
FFT_EfficientNet/output/image_translation/array_03/results/original_model_analysis_plots/combo_plots_Low_Severity/combo_sample_1071.png,combo_sample_1071.png,.png,320131,2025-11-17T09:31:30+08:00,FFT_EfficientNet,image,FFT-related artifact
FFT_EfficientNet/output/image_translation/array_03/results/original_model_analysis_plots/combo_plots_Low_Severity/combo_sample_1074.png,combo_sample_1074.png,.png,318156,2025-11-17T09:31:30+08:00,FFT_EfficientNet,image,FFT-related artifact
FFT_EfficientNet/output/image_translation/array_03/results/original_model_analysis_plots/combo_plots_Low_Severity/combo_sample_1097.png,combo_sample_1097.png,.png,297806,2025-11-17T09:31:30+08:00,FFT_EfficientNet,image,FFT-related artifact
FFT_EfficientNet/output/image_translation/array_03/results/original_model_analysis_plots/combo_plots_Low_Severity/combo_sample_1099.png,combo_sample_1099.png,.png,296040,2025-11-17T09:31:30+08:00,FFT_EfficientNet,image,FFT-related artifact
FFT_EfficientNet/output/image_translation/array_03/results/original_model_analysis_plots/combo_plots_Low_Severity/combo_sample_1107.png,combo_sample_1107.png,.png,310230,2025-11-17T09:31:30+08:00,FFT_EfficientNet,image,FFT-related artifact
FFT_EfficientNet/output/image_translation/array_03/results/original_model_analysis_plots/combo_plots_Low_Severity/combo_sample_1110.png,combo_sample_1110.png,.png,306311,2025-11-17T09:31:30+08:00,FFT_EfficientNet,image,FFT-related artifact
FFT_EfficientNet/output/image_translation/array_03/results/original_model_analysis_plots/combo_plots_Low_Severity/combo_sample_1111.png,combo_sample_1111.png,.png,307004,2025-11-17T09:31:30+08:00,FFT_EfficientNet,image,FFT-related artifact
FFT_EfficientNet/output/image_translation/array_03/results/original_model_analysis_plots/combo_plots_Low_Severity/combo_sample_1116.png,combo_sample_1116.png,.png,312521,2025-11-17T09:31:30+08:00,FFT_EfficientNet,image,FFT-related artifact
FFT_EfficientNet/output/image_translation/array_03/results/original_model_analysis_plots/combo_plots_Low_Severity/combo_sample_1119.png,combo_sample_1119.png,.png,311972,2025-11-17T09:31:30+08:00,FFT_EfficientNet,image,FFT-related artifact
FFT_EfficientNet/output/image_translation/array_03/results/original_model_analysis_plots/combo_plots_Low_Severity/combo_sample_1123.png,combo_sample_1123.png,.png,293863,2025-11-17T09:31:30+08:00,FFT_EfficientNet,image,FFT-related artifact
FFT_EfficientNet/output/image_translation/array_03/results/original_model_analysis_plots/combo_plots_Low_Severity/combo_sample_1126.png,combo_sample_1126.png,.png,291819,2025-11-17T09:31:30+08:00,FFT_EfficientNet,image,FFT-related artifact
FFT_EfficientNet/output/image_translation/array_03/results/original_model_analysis_plots/combo_plots_Low_Severity/combo_sample_1135.png,combo_sample_1135.png,.png,290449,2025-11-17T09:31:30+08:00,FFT_EfficientNet,image,FFT-related artifact
FFT_EfficientNet/output/image_translation/array_03/results/original_model_analysis_plots/combo_plots_Low_Severity/combo_sample_1136.png,combo_sample_1136.png,.png,297123,2025-11-17T09:31:30+08:00,FFT_EfficientNet,image,FFT-related artifact
FFT_EfficientNet/output/image_translation/array_03/results/original_model_analysis_plots/combo_plots_Low_Severity/combo_sample_1139.png,combo_sample_1139.png,.png,302479,2025-11-17T09:31:30+08:00,FFT_EfficientNet,image,FFT-related artifact
FFT_EfficientNet/output/image_translation/array_03/results/original_model_analysis_plots/combo_plots_Low_Severity/combo_sample_1140.png,combo_sample_1140.png,.png,307591,2025-11-17T09:31:30+08:00,FFT_EfficientNet,image,FFT-related artifact
FFT_EfficientNet/output/image_translation/array_03/results/original_model_analysis_plots/combo_plots_Low_Severity/combo_sample_118.png,combo_sample_118.png,.png,297311,2025-11-17T09:31:30+08:00,FFT_EfficientNet,image,FFT-related artifact
FFT_EfficientNet/output/image_translation/array_03/results/original_model_analysis_plots/combo_plots_Low_Severity/combo_sample_120.png,combo_sample_120.png,.png,280664,2025-11-17T09:31:30+08:00,FFT_EfficientNet,image,FFT-related artifact
FFT_EfficientNet/output/image_translation/array_03/results/original_model_analysis_plots/combo_plots_Low_Severity/combo_sample_121.png,combo_sample_121.png,.png,283825,2025-11-17T09:31:30+08:00,FFT_EfficientNet,image,FFT-related artifact
FFT_EfficientNet/output/image_translation/array_03/results/original_model_analysis_plots/combo_plots_Low_Severity/combo_sample_1215.png,combo_sample_1215.png,.png,289492,2025-11-17T09:31:30+08:00,FFT_EfficientNet,image,FFT-related artifact
FFT_EfficientNet/output/image_translation/array_03/results/original_model_analysis_plots/combo_plots_Low_Severity/combo_sample_1222.png,combo_sample_1222.png,.png,333241,2025-11-17T09:31:30+08:00,FFT_EfficientNet,image,FFT-related artifact
FFT_EfficientNet/output/image_translation/array_03/results/original_model_analysis_plots/combo_plots_Low_Severity/combo_sample_1223.png,combo_sample_1223.png,.png,332608,2025-11-17T09:31:30+08:00,FFT_EfficientNet,image,FFT-related artifact
FFT_EfficientNet/output/image_translation/array_03/results/original_model_analysis_plots/combo_plots_Low_Severity/combo_sample_1224.png,combo_sample_1224.png,.png,329454,2025-11-17T09:31:30+08:00,FFT_EfficientNet,image,FFT-related artifact
FFT_EfficientNet/output/image_translation/array_03/results/original_model_analysis_plots/combo_plots_Low_Severity/combo_sample_1257.png,combo_sample_1257.png,.png,311203,2025-11-17T09:31:30+08:00,FFT_EfficientNet,image,FFT-related artifact
FFT_EfficientNet/output/image_translation/array_03/results/original_model_analysis_plots/combo_plots_Low_Severity/combo_sample_1259.png,combo_sample_1259.png,.png,335924,2025-11-17T09:31:30+08:00,FFT_EfficientNet,image,FFT-related artifact
FFT_EfficientNet/output/image_translation/array_03/results/original_model_analysis_plots/combo_plots_Low_Severity/combo_sample_1279.png,combo_sample_1279.png,.png,305769,2025-11-17T09:31:30+08:00,FFT_EfficientNet,image,FFT-related artifact
FFT_EfficientNet/output/image_translation/array_03/results/original_model_analysis_plots/combo_plots_Low_Severity/combo_sample_1281.png,combo_sample_1281.png,.png,280457,2025-11-17T09:31:30+08:00,FFT_EfficientNet,image,FFT-related artifact
FFT_EfficientNet/output/image_translation/array_03/results/original_model_analysis_plots/combo_plots_Low_Severity/combo_sample_1312.png,combo_sample_1312.png,.png,305603,2025-11-17T09:31:30+08:00,FFT_EfficientNet,image,FFT-related artifact
FFT_EfficientNet/output/image_translation/array_03/results/original_model_analysis_plots/combo_plots_Low_Severity/combo_sample_1317.png,combo_sample_1317.png,.png,332956,2025-11-17T09:31:30+08:00,FFT_EfficientNet,image,FFT-related artifact
FFT_EfficientNet/output/image_translation/array_03/results/original_model_analysis_plots/combo_plots_Low_Severity/combo_sample_132.png,combo_sample_132.png,.png,308572,2025-11-17T09:31:30+08:00,FFT_EfficientNet,image,FFT-related artifact
FFT_EfficientNet/output/image_translation/array_03/results/original_model_analysis_plots/combo_plots_Low_Severity/combo_sample_133.png,combo_sample_133.png,.png,285172,2025-11-17T09:31:30+08:00,FFT_EfficientNet,image,FFT-related artifact
FFT_EfficientNet/output/image_translation/array_03/results/original_model_analysis_plots/combo_plots_Low_Severity/combo_sample_134.png,combo_sample_134.png,.png,314554,2025-11-17T09:31:30+08:00,FFT_EfficientNet,image,FFT-related artifact
FFT_EfficientNet/output/image_translation/array_03/results/original_model_analysis_plots/combo_plots_Low_Severity/combo_sample_135.png,combo_sample_135.png,.png,292733,2025-11-17T09:31:30+08:00,FFT_EfficientNet,image,FFT-related artifact
FFT_EfficientNet/output/image_translation/array_03/results/original_model_analysis_plots/combo_plots_Low_Severity/combo_sample_1353.png,combo_sample_1353.png,.png,304089,2025-11-17T09:31:30+08:00,FFT_EfficientNet,image,FFT-related artifact
FFT_EfficientNet/output/image_translation/array_03/results/original_model_analysis_plots/combo_plots_Low_Severity/combo_sample_1354.png,combo_sample_1354.png,.png,292851,2025-11-17T09:31:30+08:00,FFT_EfficientNet,image,FFT-related artifact
FFT_EfficientNet/output/image_translation/array_03/results/original_model_analysis_plots/combo_plots_Low_Severity/combo_sample_1358.png,combo_sample_1358.png,.png,299504,2025-11-17T09:31:30+08:00,FFT_EfficientNet,image,FFT-related artifact
FFT_EfficientNet/output/image_translation/array_03/results/original_model_analysis_plots/combo_plots_Low_Severity/combo_sample_1366.png,combo_sample_1366.png,.png,301971,2025-11-17T09:31:30+08:00,FFT_EfficientNet,image,FFT-related artifact
FFT_EfficientNet/output/image_translation/array_03/results/original_model_analysis_plots/combo_plots_Low_Severity/combo_sample_1367.png,combo_sample_1367.png,.png,315809,2025-11-17T09:31:31+08:00,FFT_EfficientNet,image,FFT-related artifact
FFT_EfficientNet/output/image_translation/array_03/results/original_model_analysis_plots/combo_plots_Low_Severity/combo_sample_1368.png,combo_sample_1368.png,.png,308343,2025-11-17T09:31:31+08:00,FFT_EfficientNet,image,FFT-related artifact
FFT_EfficientNet/output/image_translation/array_03/results/original_model_analysis_plots/combo_plots_Low_Severity/combo_sample_138.png,combo_sample_138.png,.png,295040,2025-11-17T09:31:30+08:00,FFT_EfficientNet,image,FFT-related artifact
FFT_EfficientNet/output/image_translation/array_03/results/original_model_analysis_plots/combo_plots_Low_Severity/combo_sample_139.png,combo_sample_139.png,.png,316343,2025-11-17T09:31:31+08:00,FFT_EfficientNet,image,FFT-related artifact
FFT_EfficientNet/output/image_translation/array_03/results/original_model_analysis_plots/combo_plots_Low_Severity/combo_sample_143.png,combo_sample_143.png,.png,319959,2025-11-17T09:31:31+08:00,FFT_EfficientNet,image,FFT-related artifact
FFT_EfficientNet/output/image_translation/array_03/results/original_model_analysis_plots/combo_plots_Low_Severity/combo_sample_1432.png,combo_sample_1432.png,.png,341518,2025-11-17T09:31:31+08:00,FFT_EfficientNet,image,FFT-related artifact
FFT_EfficientNet/output/image_translation/array_03/results/original_model_analysis_plots/combo_plots_Low_Severity/combo_sample_1433.png,combo_sample_1433.png,.png,332710,2025-11-17T09:31:31+08:00,FFT_EfficientNet,image,FFT-related artifact
FFT_EfficientNet/output/image_translation/array_03/results/original_model_analysis_plots/combo_plots_Low_Severity/combo_sample_1442.png,combo_sample_1442.png,.png,276024,2025-11-17T09:31:31+08:00,FFT_EfficientNet,image,FFT-related artifact
FFT_EfficientNet/output/image_translation/array_03/results/original_model_analysis_plots/combo_plots_Low_Severity/combo_sample_145.png,combo_sample_145.png,.png,298693,2025-11-17T09:31:31+08:00,FFT_EfficientNet,image,FFT-related artifact
FFT_EfficientNet/output/image_translation/array_03/results/original_model_analysis_plots/combo_plots_Low_Severity/combo_sample_1464.png,combo_sample_1464.png,.png,316142,2025-11-17T09:31:31+08:00,FFT_EfficientNet,image,FFT-related artifact
FFT_EfficientNet/output/image_translation/array_03/results/original_model_analysis_plots/combo_plots_Low_Severity/combo_sample_1465.png,combo_sample_1465.png,.png,336163,2025-11-17T09:31:31+08:00,FFT_EfficientNet,image,FFT-related artifact
FFT_EfficientNet/output/image_translation/array_03/results/original_model_analysis_plots/combo_plots_Low_Severity/combo_sample_1468.png,combo_sample_1468.png,.png,285804,2025-11-17T09:31:31+08:00,FFT_EfficientNet,image,FFT-related artifact
FFT_EfficientNet/output/image_translation/array_03/results/original_model_analysis_plots/combo_plots_Low_Severity/combo_sample_1489.png,combo_sample_1489.png,.png,312335,2025-11-17T09:31:31+08:00,FFT_EfficientNet,image,FFT-related artifact
FFT_EfficientNet/output/image_translation/array_03/results/original_model_analysis_plots/combo_plots_Low_Severity/combo_sample_1526.png,combo_sample_1526.png,.png,285131,2025-11-17T09:31:31+08:00,FFT_EfficientNet,image,FFT-related artifact
FFT_EfficientNet/output/image_translation/array_03/results/original_model_analysis_plots/combo_plots_Low_Severity/combo_sample_1527.png,combo_sample_1527.png,.png,295002,2025-11-17T09:31:31+08:00,FFT_EfficientNet,image,FFT-related artifact
FFT_EfficientNet/output/image_translation/array_03/results/original_model_analysis_plots/combo_plots_Low_Severity/combo_sample_153.png,combo_sample_153.png,.png,308977,2025-11-17T09:31:31+08:00,FFT_EfficientNet,image,FFT-related artifact
FFT_EfficientNet/output/image_translation/array_03/results/original_model_analysis_plots/combo_plots_Low_Severity/combo_sample_154.png,combo_sample_154.png,.png,305634,2025-11-17T09:31:31+08:00,FFT_EfficientNet,image,FFT-related artifact
FFT_EfficientNet/output/image_translation/array_03/results/original_model_analysis_plots/combo_plots_Low_Severity/combo_sample_1540.png,combo_sample_1540.png,.png,246638,2025-11-17T09:31:06+08:00,FFT_EfficientNet,image,FFT-related artifact
FFT_EfficientNet/output/image_translation/array_03/results/original_model_analysis_plots/combo_plots_Low_Severity/combo_sample_1542.png,combo_sample_1542.png,.png,249100,2025-11-17T09:31:06+08:00,FFT_EfficientNet,image,FFT-related artifact
FFT_EfficientNet/output/image_translation/array_03/results/original_model_analysis_plots/combo_plots_Low_Severity/combo_sample_1543.png,combo_sample_1543.png,.png,247994,2025-11-17T09:31:06+08:00,FFT_EfficientNet,image,FFT-related artifact
FFT_EfficientNet/output/image_translation/array_03/results/original_model_analysis_plots/combo_plots_Low_Severity/combo_sample_1545.png,combo_sample_1545.png,.png,249272,2025-11-17T09:31:06+08:00,FFT_EfficientNet,image,FFT-related artifact
FFT_EfficientNet/output/image_translation/array_03/results/original_model_analysis_plots/combo_plots_Low_Severity/combo_sample_1546.png,combo_sample_1546.png,.png,250716,2025-11-17T09:31:06+08:00,FFT_EfficientNet,image,FFT-related artifact
FFT_EfficientNet/output/image_translation/array_03/results/original_model_analysis_plots/combo_plots_Low_Severity/combo_sample_1548.png,combo_sample_1548.png,.png,253767,2025-11-17T09:31:06+08:00,FFT_EfficientNet,image,FFT-related artifact
FFT_EfficientNet/output/image_translation/array_03/results/original_model_analysis_plots/combo_plots_Low_Severity/combo_sample_159.png,combo_sample_159.png,.png,297466,2025-11-17T09:31:31+08:00,FFT_EfficientNet,image,FFT-related artifact
FFT_EfficientNet/output/image_translation/array_03/results/original_model_analysis_plots/combo_plots_Low_Severity/combo_sample_1606.png,combo_sample_1606.png,.png,290374,2025-11-17T09:31:31+08:00,FFT_EfficientNet,image,FFT-related artifact
FFT_EfficientNet/output/image_translation/array_03/results/original_model_analysis_plots/combo_plots_Low_Severity/combo_sample_1608.png,combo_sample_1608.png,.png,293240,2025-11-17T09:31:31+08:00,FFT_EfficientNet,image,FFT-related artifact
FFT_EfficientNet/output/image_translation/array_03/results/original_model_analysis_plots/combo_plots_Low_Severity/combo_sample_1609.png,combo_sample_1609.png,.png,330109,2025-11-17T09:31:31+08:00,FFT_EfficientNet,image,FFT-related artifact
FFT_EfficientNet/output/image_translation/array_03/results/original_model_analysis_plots/combo_plots_Low_Severity/combo_sample_1610.png,combo_sample_1610.png,.png,278686,2025-11-17T09:31:31+08:00,FFT_EfficientNet,image,FFT-related artifact
FFT_EfficientNet/output/image_translation/array_03/results/original_model_analysis_plots/combo_plots_Low_Severity/combo_sample_1642.png,combo_sample_1642.png,.png,297978,2025-11-17T09:31:31+08:00,FFT_EfficientNet,image,FFT-related artifact
FFT_EfficientNet/output/image_translation/array_03/results/original_model_analysis_plots/combo_plots_Low_Severity/combo_sample_1645.png,combo_sample_1645.png,.png,293521,2025-11-17T09:31:31+08:00,FFT_EfficientNet,image,FFT-related artifact
FFT_EfficientNet/output/image_translation/array_03/results/original_model_analysis_plots/combo_plots_Low_Severity/combo_sample_1646.png,combo_sample_1646.png,.png,304167,2025-11-17T09:31:31+08:00,FFT_EfficientNet,image,FFT-related artifact
FFT_EfficientNet/output/image_translation/array_03/results/original_model_analysis_plots/combo_plots_Low_Severity/combo_sample_1650.png,combo_sample_1650.png,.png,320364,2025-11-17T09:31:31+08:00,FFT_EfficientNet,image,FFT-related artifact
FFT_EfficientNet/output/image_translation/array_03/results/original_model_analysis_plots/combo_plots_Low_Severity/combo_sample_166.png,combo_sample_166.png,.png,300244,2025-11-17T09:31:31+08:00,FFT_EfficientNet,image,FFT-related artifact
FFT_EfficientNet/output/image_translation/array_03/results/original_model_analysis_plots/combo_plots_Low_Severity/combo_sample_1662.png,combo_sample_1662.png,.png,304116,2025-11-17T09:31:31+08:00,FFT_EfficientNet,image,FFT-related artifact
FFT_EfficientNet/output/image_translation/array_03/results/original_model_analysis_plots/combo_plots_Low_Severity/combo_sample_1663.png,combo_sample_1663.png,.png,304780,2025-11-17T09:31:31+08:00,FFT_EfficientNet,image,FFT-related artifact
FFT_EfficientNet/output/image_translation/array_03/results/original_model_analysis_plots/combo_plots_Low_Severity/combo_sample_1666.png,combo_sample_1666.png,.png,303159,2025-11-17T09:31:31+08:00,FFT_EfficientNet,image,FFT-related artifact
FFT_EfficientNet/output/image_translation/array_03/results/original_model_analysis_plots/combo_plots_Low_Severity/combo_sample_170.png,combo_sample_170.png,.png,327979,2025-11-17T09:31:31+08:00,FFT_EfficientNet,image,FFT-related artifact
FFT_EfficientNet/output/image_translation/array_03/results/original_model_analysis_plots/combo_plots_Low_Severity/combo_sample_1713.png,combo_sample_1713.png,.png,320364,2025-11-17T09:31:31+08:00,FFT_EfficientNet,image,FFT-related artifact
FFT_EfficientNet/output/image_translation/array_03/results/original_model_analysis_plots/combo_plots_Low_Severity/combo_sample_1723.png,combo_sample_1723.png,.png,307579,2025-11-17T09:31:31+08:00,FFT_EfficientNet,image,FFT-related artifact
FFT_EfficientNet/output/image_translation/array_03/results/original_model_analysis_plots/combo_plots_Low_Severity/combo_sample_1724.png,combo_sample_1724.png,.png,309905,2025-11-17T09:31:31+08:00,FFT_EfficientNet,image,FFT-related artifact
FFT_EfficientNet/output/image_translation/array_03/results/original_model_analysis_plots/combo_plots_Low_Severity/combo_sample_1731.png,combo_sample_1731.png,.png,299159,2025-11-17T09:31:31+08:00,FFT_EfficientNet,image,FFT-related artifact
FFT_EfficientNet/output/image_translation/array_03/results/original_model_analysis_plots/combo_plots_Low_Severity/combo_sample_1732.png,combo_sample_1732.png,.png,295322,2025-11-17T09:31:31+08:00,FFT_EfficientNet,image,FFT-related artifact
FFT_EfficientNet/output/image_translation/array_03/results/original_model_analysis_plots/combo_plots_Low_Severity/combo_sample_1734.png,combo_sample_1734.png,.png,309900,2025-11-17T09:31:31+08:00,FFT_EfficientNet,image,FFT-related artifact
FFT_EfficientNet/output/image_translation/array_03/results/original_model_analysis_plots/combo_plots_Low_Severity/combo_sample_1735.png,combo_sample_1735.png,.png,320946,2025-11-17T09:31:31+08:00,FFT_EfficientNet,image,FFT-related artifact
FFT_EfficientNet/output/image_translation/array_03/results/original_model_analysis_plots/combo_plots_Low_Severity/combo_sample_1739.png,combo_sample_1739.png,.png,335953,2025-11-17T09:31:31+08:00,FFT_EfficientNet,image,FFT-related artifact
FFT_EfficientNet/output/image_translation/array_03/results/original_model_analysis_plots/combo_plots_Low_Severity/combo_sample_1780.png,combo_sample_1780.png,.png,274008,2025-11-17T09:31:31+08:00,FFT_EfficientNet,image,FFT-related artifact
FFT_EfficientNet/output/image_translation/array_03/results/original_model_analysis_plots/combo_plots_Low_Severity/combo_sample_1794.png,combo_sample_1794.png,.png,325587,2025-11-17T09:31:31+08:00,FFT_EfficientNet,image,FFT-related artifact
FFT_EfficientNet/output/image_translation/array_03/results/original_model_analysis_plots/combo_plots_Low_Severity/combo_sample_1796.png,combo_sample_1796.png,.png,320386,2025-11-17T09:31:31+08:00,FFT_EfficientNet,image,FFT-related artifact
FFT_EfficientNet/output/image_translation/array_03/results/original_model_analysis_plots/combo_plots_Low_Severity/combo_sample_1797.png,combo_sample_1797.png,.png,319600,2025-11-17T09:31:31+08:00,FFT_EfficientNet,image,FFT-related artifact
FFT_EfficientNet/output/image_translation/array_03/results/original_model_analysis_plots/combo_plots_Low_Severity/combo_sample_1798.png,combo_sample_1798.png,.png,320222,2025-11-17T09:31:31+08:00,FFT_EfficientNet,image,FFT-related artifact
FFT_EfficientNet/output/image_translation/array_03/results/original_model_analysis_plots/combo_plots_Low_Severity/combo_sample_180.png,combo_sample_180.png,.png,310152,2025-11-17T09:31:31+08:00,FFT_EfficientNet,image,FFT-related artifact
FFT_EfficientNet/output/image_translation/array_03/results/original_model_analysis_plots/combo_plots_Low_Severity/combo_sample_1819.png,combo_sample_1819.png,.png,313021,2025-11-17T09:31:32+08:00,FFT_EfficientNet,image,FFT-related artifact
FFT_EfficientNet/output/image_translation/array_03/results/original_model_analysis_plots/combo_plots_Low_Severity/combo_sample_1820.png,combo_sample_1820.png,.png,303411,2025-11-17T09:31:31+08:00,FFT_EfficientNet,image,FFT-related artifact
FFT_EfficientNet/output/image_translation/array_03/results/original_model_analysis_plots/combo_plots_Low_Severity/combo_sample_1822.png,combo_sample_1822.png,.png,304765,2025-11-17T09:31:32+08:00,FFT_EfficientNet,image,FFT-related artifact
FFT_EfficientNet/output/image_translation/array_03/results/original_model_analysis_plots/combo_plots_Low_Severity/combo_sample_1824.png,combo_sample_1824.png,.png,326790,2025-11-17T09:31:32+08:00,FFT_EfficientNet,image,FFT-related artifact
FFT_EfficientNet/output/image_translation/array_03/results/original_model_analysis_plots/combo_plots_Low_Severity/combo_sample_1828.png,combo_sample_1828.png,.png,332074,2025-11-17T09:31:32+08:00,FFT_EfficientNet,image,FFT-related artifact
FFT_EfficientNet/output/image_translation/array_03/results/original_model_analysis_plots/combo_plots_Low_Severity/combo_sample_1829.png,combo_sample_1829.png,.png,312246,2025-11-17T09:31:32+08:00,FFT_EfficientNet,image,FFT-related artifact
FFT_EfficientNet/output/image_translation/array_03/results/original_model_analysis_plots/combo_plots_Low_Severity/combo_sample_1831.png,combo_sample_1831.png,.png,325555,2025-11-17T09:31:32+08:00,FFT_EfficientNet,image,FFT-related artifact
FFT_EfficientNet/output/image_translation/array_03/results/original_model_analysis_plots/combo_plots_Low_Severity/combo_sample_184.png,combo_sample_184.png,.png,332819,2025-11-17T09:31:32+08:00,FFT_EfficientNet,image,FFT-related artifact
FFT_EfficientNet/output/image_translation/array_03/results/original_model_analysis_plots/combo_plots_Low_Severity/combo_sample_1842.png,combo_sample_1842.png,.png,322618,2025-11-17T09:31:32+08:00,FFT_EfficientNet,image,FFT-related artifact
FFT_EfficientNet/output/image_translation/array_03/results/original_model_analysis_plots/combo_plots_Low_Severity/combo_sample_1847.png,combo_sample_1847.png,.png,325533,2025-11-17T09:31:32+08:00,FFT_EfficientNet,image,FFT-related artifact
FFT_EfficientNet/output/image_translation/array_03/results/original_model_analysis_plots/combo_plots_Low_Severity/combo_sample_1848.png,combo_sample_1848.png,.png,324481,2025-11-17T09:31:32+08:00,FFT_EfficientNet,image,FFT-related artifact
FFT_EfficientNet/output/image_translation/array_03/results/original_model_analysis_plots/combo_plots_Low_Severity/combo_sample_185.png,combo_sample_185.png,.png,333694,2025-11-17T09:31:32+08:00,FFT_EfficientNet,image,FFT-related artifact
FFT_EfficientNet/output/image_translation/array_03/results/original_model_analysis_plots/combo_plots_Low_Severity/combo_sample_1850.png,combo_sample_1850.png,.png,334738,2025-11-17T09:31:32+08:00,FFT_EfficientNet,image,FFT-related artifact
FFT_EfficientNet/output/image_translation/array_03/results/original_model_analysis_plots/combo_plots_Low_Severity/combo_sample_1852.png,combo_sample_1852.png,.png,325879,2025-11-17T09:31:32+08:00,FFT_EfficientNet,image,FFT-related artifact
FFT_EfficientNet/output/image_translation/array_03/results/original_model_analysis_plots/combo_plots_Low_Severity/combo_sample_186.png,combo_sample_186.png,.png,312581,2025-11-17T09:31:32+08:00,FFT_EfficientNet,image,FFT-related artifact
FFT_EfficientNet/output/image_translation/array_03/results/original_model_analysis_plots/combo_plots_Low_Severity/combo_sample_187.png,combo_sample_187.png,.png,334165,2025-11-17T09:31:32+08:00,FFT_EfficientNet,image,FFT-related artifact
FFT_EfficientNet/output/image_translation/array_03/results/original_model_analysis_plots/combo_plots_Low_Severity/combo_sample_188.png,combo_sample_188.png,.png,304308,2025-11-17T09:31:32+08:00,FFT_EfficientNet,image,FFT-related artifact
FFT_EfficientNet/output/image_translation/array_03/results/original_model_analysis_plots/combo_plots_Low_Severity/combo_sample_190.png,combo_sample_190.png,.png,306833,2025-11-17T09:31:32+08:00,FFT_EfficientNet,image,FFT-related artifact
FFT_EfficientNet/output/image_translation/array_03/results/original_model_analysis_plots/combo_plots_Low_Severity/combo_sample_1916.png,combo_sample_1916.png,.png,305942,2025-11-17T09:31:32+08:00,FFT_EfficientNet,image,FFT-related artifact
FFT_EfficientNet/output/image_translation/array_03/results/original_model_analysis_plots/combo_plots_Low_Severity/combo_sample_1917.png,combo_sample_1917.png,.png,300174,2025-11-17T09:31:32+08:00,FFT_EfficientNet,image,FFT-related artifact
FFT_EfficientNet/output/image_translation/array_03/results/original_model_analysis_plots/combo_plots_Low_Severity/combo_sample_192.png,combo_sample_192.png,.png,327365,2025-11-17T09:31:32+08:00,FFT_EfficientNet,image,FFT-related artifact
FFT_EfficientNet/output/image_translation/array_03/results/original_model_analysis_plots/combo_plots_Low_Severity/combo_sample_193.png,combo_sample_193.png,.png,322915,2025-11-17T09:31:32+08:00,FFT_EfficientNet,image,FFT-related artifact
FFT_EfficientNet/output/image_translation/array_03/results/original_model_analysis_plots/combo_plots_Low_Severity/combo_sample_1932.png,combo_sample_1932.png,.png,310434,2025-11-17T09:31:32+08:00,FFT_EfficientNet,image,FFT-related artifact
FFT_EfficientNet/output/image_translation/array_03/results/original_model_analysis_plots/combo_plots_Low_Severity/combo_sample_1938.png,combo_sample_1938.png,.png,311971,2025-11-17T09:31:32+08:00,FFT_EfficientNet,image,FFT-related artifact
FFT_EfficientNet/output/image_translation/array_03/results/original_model_analysis_plots/combo_plots_Low_Severity/combo_sample_1941.png,combo_sample_1941.png,.png,309690,2025-11-17T09:31:32+08:00,FFT_EfficientNet,image,FFT-related artifact
FFT_EfficientNet/output/image_translation/array_03/results/original_model_analysis_plots/combo_plots_Low_Severity/combo_sample_1954.png,combo_sample_1954.png,.png,327199,2025-11-17T09:31:32+08:00,FFT_EfficientNet,image,FFT-related artifact
FFT_EfficientNet/output/image_translation/array_03/results/original_model_analysis_plots/combo_plots_Low_Severity/combo_sample_1956.png,combo_sample_1956.png,.png,300908,2025-11-17T09:31:32+08:00,FFT_EfficientNet,image,FFT-related artifact
FFT_EfficientNet/output/image_translation/array_03/results/original_model_analysis_plots/combo_plots_Low_Severity/combo_sample_1957.png,combo_sample_1957.png,.png,304082,2025-11-17T09:31:32+08:00,FFT_EfficientNet,image,FFT-related artifact
FFT_EfficientNet/output/image_translation/array_03/results/original_model_analysis_plots/combo_plots_Low_Severity/combo_sample_1958.png,combo_sample_1958.png,.png,298185,2025-11-17T09:31:32+08:00,FFT_EfficientNet,image,FFT-related artifact
FFT_EfficientNet/output/image_translation/array_03/results/original_model_analysis_plots/combo_plots_Low_Severity/combo_sample_1959.png,combo_sample_1959.png,.png,316130,2025-11-17T09:31:32+08:00,FFT_EfficientNet,image,FFT-related artifact
FFT_EfficientNet/output/image_translation/array_03/results/original_model_analysis_plots/combo_plots_Low_Severity/combo_sample_1960.png,combo_sample_1960.png,.png,320457,2025-11-17T09:31:32+08:00,FFT_EfficientNet,image,FFT-related artifact
FFT_EfficientNet/output/image_translation/array_03/results/original_model_analysis_plots/combo_plots_Low_Severity/combo_sample_197.png,combo_sample_197.png,.png,316673,2025-11-17T09:31:32+08:00,FFT_EfficientNet,image,FFT-related artifact
FFT_EfficientNet/output/image_translation/array_03/results/original_model_analysis_plots/combo_plots_Low_Severity/combo_sample_1979.png,combo_sample_1979.png,.png,330472,2025-11-17T09:31:32+08:00,FFT_EfficientNet,image,FFT-related artifact
FFT_EfficientNet/output/image_translation/array_03/results/original_model_analysis_plots/combo_plots_Low_Severity/combo_sample_1990.png,combo_sample_1990.png,.png,304940,2025-11-17T09:31:32+08:00,FFT_EfficientNet,image,FFT-related artifact
FFT_EfficientNet/output/image_translation/array_03/results/original_model_analysis_plots/combo_plots_Low_Severity/combo_sample_1993.png,combo_sample_1993.png,.png,326887,2025-11-17T09:31:32+08:00,FFT_EfficientNet,image,FFT-related artifact
FFT_EfficientNet/output/image_translation/array_03/results/original_model_analysis_plots/combo_plots_Low_Severity/combo_sample_1995.png,combo_sample_1995.png,.png,316365,2025-11-17T09:31:32+08:00,FFT_EfficientNet,image,FFT-related artifact
FFT_EfficientNet/output/image_translation/array_03/results/original_model_analysis_plots/combo_plots_Low_Severity/combo_sample_2023.png,combo_sample_2023.png,.png,292938,2025-11-17T09:31:32+08:00,FFT_EfficientNet,image,FFT-related artifact
FFT_EfficientNet/output/image_translation/array_03/results/original_model_analysis_plots/combo_plots_Low_Severity/combo_sample_2030.png,combo_sample_2030.png,.png,296268,2025-11-17T09:31:32+08:00,FFT_EfficientNet,image,FFT-related artifact
FFT_EfficientNet/output/image_translation/array_03/results/original_model_analysis_plots/combo_plots_Low_Severity/combo_sample_2031.png,combo_sample_2031.png,.png,289118,2025-11-17T09:31:32+08:00,FFT_EfficientNet,image,FFT-related artifact
FFT_EfficientNet/output/image_translation/array_03/results/original_model_analysis_plots/combo_plots_Low_Severity/combo_sample_2032.png,combo_sample_2032.png,.png,310545,2025-11-17T09:31:32+08:00,FFT_EfficientNet,image,FFT-related artifact
FFT_EfficientNet/output/image_translation/array_03/results/original_model_analysis_plots/combo_plots_Low_Severity/combo_sample_2041.png,combo_sample_2041.png,.png,312443,2025-11-17T09:31:32+08:00,FFT_EfficientNet,image,FFT-related artifact
FFT_EfficientNet/output/image_translation/array_03/results/original_model_analysis_plots/combo_plots_Low_Severity/combo_sample_2042.png,combo_sample_2042.png,.png,317646,2025-11-17T09:31:32+08:00,FFT_EfficientNet,image,FFT-related artifact
FFT_EfficientNet/output/image_translation/array_03/results/original_model_analysis_plots/combo_plots_Low_Severity/combo_sample_2044.png,combo_sample_2044.png,.png,308121,2025-11-17T09:31:32+08:00,FFT_EfficientNet,image,FFT-related artifact
FFT_EfficientNet/output/image_translation/array_03/results/original_model_analysis_plots/combo_plots_Low_Severity/combo_sample_2093.png,combo_sample_2093.png,.png,301937,2025-11-17T09:31:32+08:00,FFT_EfficientNet,image,FFT-related artifact
FFT_EfficientNet/output/image_translation/array_03/results/original_model_analysis_plots/combo_plots_Low_Severity/combo_sample_2094.png,combo_sample_2094.png,.png,311680,2025-11-17T09:31:33+08:00,FFT_EfficientNet,image,FFT-related artifact
FFT_EfficientNet/output/image_translation/array_03/results/original_model_analysis_plots/combo_plots_Low_Severity/combo_sample_2096.png,combo_sample_2096.png,.png,319288,2025-11-17T09:31:33+08:00,FFT_EfficientNet,image,FFT-related artifact
FFT_EfficientNet/output/image_translation/array_03/results/original_model_analysis_plots/combo_plots_Low_Severity/combo_sample_2100.png,combo_sample_2100.png,.png,304495,2025-11-17T09:31:33+08:00,FFT_EfficientNet,image,FFT-related artifact
FFT_EfficientNet/output/image_translation/array_03/results/original_model_analysis_plots/combo_plots_Low_Severity/combo_sample_2152.png,combo_sample_2152.png,.png,324636,2025-11-17T09:31:33+08:00,FFT_EfficientNet,image,FFT-related artifact
FFT_EfficientNet/output/image_translation/array_03/results/original_model_analysis_plots/combo_plots_Low_Severity/combo_sample_2154.png,combo_sample_2154.png,.png,315141,2025-11-17T09:31:33+08:00,FFT_EfficientNet,image,FFT-related artifact
FFT_EfficientNet/output/image_translation/array_03/results/original_model_analysis_plots/combo_plots_Low_Severity/combo_sample_2170.png,combo_sample_2170.png,.png,320329,2025-11-17T09:31:33+08:00,FFT_EfficientNet,image,FFT-related artifact
FFT_EfficientNet/output/image_translation/array_03/results/original_model_analysis_plots/combo_plots_Low_Severity/combo_sample_2171.png,combo_sample_2171.png,.png,302285,2025-11-17T09:31:33+08:00,FFT_EfficientNet,image,FFT-related artifact
FFT_EfficientNet/output/image_translation/array_03/results/original_model_analysis_plots/combo_plots_Low_Severity/combo_sample_2173.png,combo_sample_2173.png,.png,304562,2025-11-17T09:31:33+08:00,FFT_EfficientNet,image,FFT-related artifact
FFT_EfficientNet/output/image_translation/array_03/results/original_model_analysis_plots/combo_plots_Low_Severity/combo_sample_2199.png,combo_sample_2199.png,.png,327333,2025-11-17T09:31:33+08:00,FFT_EfficientNet,image,FFT-related artifact
FFT_EfficientNet/output/image_translation/array_03/results/original_model_analysis_plots/combo_plots_Low_Severity/combo_sample_2200.png,combo_sample_2200.png,.png,327751,2025-11-17T09:31:33+08:00,FFT_EfficientNet,image,FFT-related artifact
FFT_EfficientNet/output/image_translation/array_03/results/original_model_analysis_plots/combo_plots_Low_Severity/combo_sample_2201.png,combo_sample_2201.png,.png,352810,2025-11-17T09:31:33+08:00,FFT_EfficientNet,image,FFT-related artifact
FFT_EfficientNet/output/image_translation/array_03/results/original_model_analysis_plots/combo_plots_Low_Severity/combo_sample_2204.png,combo_sample_2204.png,.png,279414,2025-11-17T09:31:33+08:00,FFT_EfficientNet,image,FFT-related artifact
FFT_EfficientNet/output/image_translation/array_03/results/original_model_analysis_plots/combo_plots_Low_Severity/combo_sample_2206.png,combo_sample_2206.png,.png,339792,2025-11-17T09:31:33+08:00,FFT_EfficientNet,image,FFT-related artifact
FFT_EfficientNet/output/image_translation/array_03/results/original_model_analysis_plots/combo_plots_Low_Severity/combo_sample_2213.png,combo_sample_2213.png,.png,341518,2025-11-17T09:31:33+08:00,FFT_EfficientNet,image,FFT-related artifact
FFT_EfficientNet/output/image_translation/array_03/results/original_model_analysis_plots/combo_plots_Low_Severity/combo_sample_2228.png,combo_sample_2228.png,.png,312984,2025-11-17T09:31:33+08:00,FFT_EfficientNet,image,FFT-related artifact
FFT_EfficientNet/output/image_translation/array_03/results/original_model_analysis_plots/combo_plots_Low_Severity/combo_sample_2295.png,combo_sample_2295.png,.png,308108,2025-11-17T09:31:33+08:00,FFT_EfficientNet,image,FFT-related artifact
FFT_EfficientNet/output/image_translation/array_03/results/original_model_analysis_plots/combo_plots_Low_Severity/combo_sample_2314.png,combo_sample_2314.png,.png,300427,2025-11-17T09:31:33+08:00,FFT_EfficientNet,image,FFT-related artifact
FFT_EfficientNet/output/image_translation/array_03/results/original_model_analysis_plots/combo_plots_Low_Severity/combo_sample_2315.png,combo_sample_2315.png,.png,295597,2025-11-17T09:31:33+08:00,FFT_EfficientNet,image,FFT-related artifact
FFT_EfficientNet/output/image_translation/array_03/results/original_model_analysis_plots/combo_plots_Low_Severity/combo_sample_2317.png,combo_sample_2317.png,.png,303082,2025-11-17T09:31:33+08:00,FFT_EfficientNet,image,FFT-related artifact
FFT_EfficientNet/output/image_translation/array_03/results/original_model_analysis_plots/combo_plots_Low_Severity/combo_sample_2334.png,combo_sample_2334.png,.png,341070,2025-11-17T09:31:33+08:00,FFT_EfficientNet,image,FFT-related artifact
FFT_EfficientNet/output/image_translation/array_03/results/original_model_analysis_plots/combo_plots_Low_Severity/combo_sample_2335.png,combo_sample_2335.png,.png,310549,2025-11-17T09:31:33+08:00,FFT_EfficientNet,image,FFT-related artifact
FFT_EfficientNet/output/image_translation/array_03/results/original_model_analysis_plots/combo_plots_Low_Severity/combo_sample_2355.png,combo_sample_2355.png,.png,320822,2025-11-17T09:31:33+08:00,FFT_EfficientNet,image,FFT-related artifact
FFT_EfficientNet/output/image_translation/array_03/results/original_model_analysis_plots/combo_plots_Low_Severity/combo_sample_2363.png,combo_sample_2363.png,.png,307326,2025-11-17T09:31:33+08:00,FFT_EfficientNet,image,FFT-related artifact
FFT_EfficientNet/output/image_translation/array_03/results/original_model_analysis_plots/combo_plots_Low_Severity/combo_sample_2369.png,combo_sample_2369.png,.png,311945,2025-11-17T09:31:33+08:00,FFT_EfficientNet,image,FFT-related artifact
FFT_EfficientNet/output/image_translation/array_03/results/original_model_analysis_plots/combo_plots_Low_Severity/combo_sample_2387.png,combo_sample_2387.png,.png,281001,2025-11-17T09:31:33+08:00,FFT_EfficientNet,image,FFT-related artifact
FFT_EfficientNet/output/image_translation/array_03/results/original_model_analysis_plots/combo_plots_Low_Severity/combo_sample_2398.png,combo_sample_2398.png,.png,292412,2025-11-17T09:31:33+08:00,FFT_EfficientNet,image,FFT-related artifact
FFT_EfficientNet/output/image_translation/array_03/results/original_model_analysis_plots/combo_plots_Low_Severity/combo_sample_2399.png,combo_sample_2399.png,.png,289812,2025-11-17T09:31:33+08:00,FFT_EfficientNet,image,FFT-related artifact
FFT_EfficientNet/output/image_translation/array_03/results/original_model_analysis_plots/combo_plots_Low_Severity/combo_sample_2435.png,combo_sample_2435.png,.png,323884,2025-11-17T09:31:33+08:00,FFT_EfficientNet,image,FFT-related artifact
FFT_EfficientNet/output/image_translation/array_03/results/original_model_analysis_plots/combo_plots_Low_Severity/combo_sample_2438.png,combo_sample_2438.png,.png,323881,2025-11-17T09:31:33+08:00,FFT_EfficientNet,image,FFT-related artifact
FFT_EfficientNet/output/image_translation/array_03/results/original_model_analysis_plots/combo_plots_Low_Severity/combo_sample_2440.png,combo_sample_2440.png,.png,338165,2025-11-17T09:31:33+08:00,FFT_EfficientNet,image,FFT-related artifact
FFT_EfficientNet/output/image_translation/array_03/results/original_model_analysis_plots/combo_plots_Low_Severity/combo_sample_2443.png,combo_sample_2443.png,.png,309872,2025-11-17T09:31:33+08:00,FFT_EfficientNet,image,FFT-related artifact
FFT_EfficientNet/output/image_translation/array_03/results/original_model_analysis_plots/combo_plots_Low_Severity/combo_sample_2464.png,combo_sample_2464.png,.png,304003,2025-11-17T09:31:33+08:00,FFT_EfficientNet,image,FFT-related artifact
FFT_EfficientNet/output/image_translation/array_03/results/original_model_analysis_plots/combo_plots_Low_Severity/combo_sample_2510.png,combo_sample_2510.png,.png,321886,2025-11-17T09:31:33+08:00,FFT_EfficientNet,image,FFT-related artifact
FFT_EfficientNet/output/image_translation/array_03/results/original_model_analysis_plots/combo_plots_Low_Severity/combo_sample_2540.png,combo_sample_2540.png,.png,302495,2025-11-17T09:31:33+08:00,FFT_EfficientNet,image,FFT-related artifact
FFT_EfficientNet/output/image_translation/array_03/results/original_model_analysis_plots/combo_plots_Low_Severity/combo_sample_2555.png,combo_sample_2555.png,.png,329411,2025-11-17T09:31:33+08:00,FFT_EfficientNet,image,FFT-related artifact
FFT_EfficientNet/output/image_translation/array_03/results/original_model_analysis_plots/combo_plots_Low_Severity/combo_sample_2565.png,combo_sample_2565.png,.png,311133,2025-11-17T09:31:33+08:00,FFT_EfficientNet,image,FFT-related artifact
FFT_EfficientNet/output/image_translation/array_03/results/original_model_analysis_plots/combo_plots_Low_Severity/combo_sample_2587.png,combo_sample_2587.png,.png,334988,2025-11-17T09:31:33+08:00,FFT_EfficientNet,image,FFT-related artifact
FFT_EfficientNet/output/image_translation/array_03/results/original_model_analysis_plots/combo_plots_Low_Severity/combo_sample_2590.png,combo_sample_2590.png,.png,314456,2025-11-17T09:31:33+08:00,FFT_EfficientNet,image,FFT-related artifact
FFT_EfficientNet/output/image_translation/array_03/results/original_model_analysis_plots/combo_plots_Low_Severity/combo_sample_2610.png,combo_sample_2610.png,.png,336432,2025-11-17T09:31:33+08:00,FFT_EfficientNet,image,FFT-related artifact
FFT_EfficientNet/output/image_translation/array_03/results/original_model_analysis_plots/combo_plots_Low_Severity/combo_sample_2620.png,combo_sample_2620.png,.png,326100,2025-11-17T09:31:33+08:00,FFT_EfficientNet,image,FFT-related artifact
FFT_EfficientNet/output/image_translation/array_03/results/original_model_analysis_plots/combo_plots_Low_Severity/combo_sample_2621.png,combo_sample_2621.png,.png,349569,2025-11-17T09:31:33+08:00,FFT_EfficientNet,image,FFT-related artifact
FFT_EfficientNet/output/image_translation/array_03/results/original_model_analysis_plots/combo_plots_Low_Severity/combo_sample_2735.png,combo_sample_2735.png,.png,246089,2025-11-17T09:31:09+08:00,FFT_EfficientNet,image,FFT-related artifact
FFT_EfficientNet/output/image_translation/array_03/results/original_model_analysis_plots/combo_plots_Low_Severity/combo_sample_2747.png,combo_sample_2747.png,.png,327549,2025-11-17T09:31:34+08:00,FFT_EfficientNet,image,FFT-related artifact
FFT_EfficientNet/output/image_translation/array_03/results/original_model_analysis_plots/combo_plots_Low_Severity/combo_sample_2785.png,combo_sample_2785.png,.png,310904,2025-11-17T09:31:34+08:00,FFT_EfficientNet,image,FFT-related artifact
FFT_EfficientNet/output/image_translation/array_03/results/original_model_analysis_plots/combo_plots_Low_Severity/combo_sample_2791.png,combo_sample_2791.png,.png,314126,2025-11-17T09:31:33+08:00,FFT_EfficientNet,image,FFT-related artifact
FFT_EfficientNet/output/image_translation/array_03/results/original_model_analysis_plots/combo_plots_Low_Severity/combo_sample_2794.png,combo_sample_2794.png,.png,292112,2025-11-17T09:31:34+08:00,FFT_EfficientNet,image,FFT-related artifact
FFT_EfficientNet/output/image_translation/array_03/results/original_model_analysis_plots/combo_plots_Low_Severity/combo_sample_2799.png,combo_sample_2799.png,.png,307964,2025-11-17T09:31:34+08:00,FFT_EfficientNet,image,FFT-related artifact
FFT_EfficientNet/output/image_translation/array_03/results/original_model_analysis_plots/combo_plots_Low_Severity/combo_sample_2811.png,combo_sample_2811.png,.png,319935,2025-11-17T09:31:34+08:00,FFT_EfficientNet,image,FFT-related artifact
FFT_EfficientNet/output/image_translation/array_03/results/original_model_analysis_plots/combo_plots_Low_Severity/combo_sample_2812.png,combo_sample_2812.png,.png,334432,2025-11-17T09:31:34+08:00,FFT_EfficientNet,image,FFT-related artifact
FFT_EfficientNet/output/image_translation/array_03/results/original_model_analysis_plots/combo_plots_Low_Severity/combo_sample_2814.png,combo_sample_2814.png,.png,335018,2025-11-17T09:31:34+08:00,FFT_EfficientNet,image,FFT-related artifact
FFT_EfficientNet/output/image_translation/array_03/results/original_model_analysis_plots/combo_plots_Low_Severity/combo_sample_2818.png,combo_sample_2818.png,.png,329296,2025-11-17T09:31:34+08:00,FFT_EfficientNet,image,FFT-related artifact
FFT_EfficientNet/output/image_translation/array_03/results/original_model_analysis_plots/combo_plots_Low_Severity/combo_sample_2823.png,combo_sample_2823.png,.png,301146,2025-11-17T09:31:34+08:00,FFT_EfficientNet,image,FFT-related artifact
FFT_EfficientNet/output/image_translation/array_03/results/original_model_analysis_plots/combo_plots_Low_Severity/combo_sample_2832.png,combo_sample_2832.png,.png,284208,2025-11-17T09:31:34+08:00,FFT_EfficientNet,image,FFT-related artifact
FFT_EfficientNet/output/image_translation/array_03/results/original_model_analysis_plots/combo_plots_Low_Severity/combo_sample_2833.png,combo_sample_2833.png,.png,283916,2025-11-17T09:31:34+08:00,FFT_EfficientNet,image,FFT-related artifact
FFT_EfficientNet/output/image_translation/array_03/results/original_model_analysis_plots/combo_plots_Low_Severity/combo_sample_287.png,combo_sample_287.png,.png,348708,2025-11-17T09:31:34+08:00,FFT_EfficientNet,image,FFT-related artifact
FFT_EfficientNet/output/image_translation/array_03/results/original_model_analysis_plots/combo_plots_Low_Severity/combo_sample_298.png,combo_sample_298.png,.png,320795,2025-11-17T09:31:34+08:00,FFT_EfficientNet,image,FFT-related artifact
FFT_EfficientNet/output/image_translation/array_03/results/original_model_analysis_plots/combo_plots_Low_Severity/combo_sample_299.png,combo_sample_299.png,.png,326192,2025-11-17T09:31:34+08:00,FFT_EfficientNet,image,FFT-related artifact
FFT_EfficientNet/output/image_translation/array_03/results/original_model_analysis_plots/combo_plots_Low_Severity/combo_sample_491.png,combo_sample_491.png,.png,297757,2025-11-17T09:31:34+08:00,FFT_EfficientNet,image,FFT-related artifact
FFT_EfficientNet/output/image_translation/array_03/results/original_model_analysis_plots/combo_plots_Low_Severity/combo_sample_499.png,combo_sample_499.png,.png,310565,2025-11-17T09:31:34+08:00,FFT_EfficientNet,image,FFT-related artifact
FFT_EfficientNet/output/image_translation/array_03/results/original_model_analysis_plots/combo_plots_Low_Severity/combo_sample_507.png,combo_sample_507.png,.png,320223,2025-11-17T09:31:34+08:00,FFT_EfficientNet,image,FFT-related artifact
FFT_EfficientNet/output/image_translation/array_03/results/original_model_analysis_plots/combo_plots_Low_Severity/combo_sample_511.png,combo_sample_511.png,.png,318346,2025-11-17T09:31:34+08:00,FFT_EfficientNet,image,FFT-related artifact
FFT_EfficientNet/output/image_translation/array_03/results/original_model_analysis_plots/combo_plots_Low_Severity/combo_sample_512.png,combo_sample_512.png,.png,307115,2025-11-17T09:31:34+08:00,FFT_EfficientNet,image,FFT-related artifact
FFT_EfficientNet/output/image_translation/array_03/results/original_model_analysis_plots/combo_plots_Low_Severity/combo_sample_513.png,combo_sample_513.png,.png,314058,2025-11-17T09:31:34+08:00,FFT_EfficientNet,image,FFT-related artifact
FFT_EfficientNet/output/image_translation/array_03/results/original_model_analysis_plots/combo_plots_Low_Severity/combo_sample_515.png,combo_sample_515.png,.png,317609,2025-11-17T09:31:34+08:00,FFT_EfficientNet,image,FFT-related artifact
FFT_EfficientNet/output/image_translation/array_03/results/original_model_analysis_plots/combo_plots_Low_Severity/combo_sample_55.png,combo_sample_55.png,.png,326904,2025-11-17T09:31:34+08:00,FFT_EfficientNet,image,FFT-related artifact
FFT_EfficientNet/output/image_translation/array_03/results/original_model_analysis_plots/combo_plots_Low_Severity/combo_sample_6.png,combo_sample_6.png,.png,287846,2025-11-17T09:31:34+08:00,FFT_EfficientNet,image,FFT-related artifact
FFT_EfficientNet/output/image_translation/array_03/results/original_model_analysis_plots/combo_plots_Low_Severity/combo_sample_939.png,combo_sample_939.png,.png,306296,2025-11-17T09:31:34+08:00,FFT_EfficientNet,image,FFT-related artifact
FFT_EfficientNet/output/image_translation/array_03/results/original_model_analysis_plots/combo_plots_Low_Severity/combo_sample_946.png,combo_sample_946.png,.png,314845,2025-11-17T09:31:34+08:00,FFT_EfficientNet,image,FFT-related artifact
FFT_EfficientNet/output/image_translation/array_03/results/original_model_analysis_plots/combo_plots_Low_Severity/combo_sample_947.png,combo_sample_947.png,.png,321832,2025-11-17T09:31:34+08:00,FFT_EfficientNet,image,FFT-related artifact
FFT_EfficientNet/output/image_translation/array_03/results/original_model_analysis_plots/combo_plots_Low_Severity/combo_sample_95.png,combo_sample_95.png,.png,329115,2025-11-17T09:31:34+08:00,FFT_EfficientNet,image,FFT-related artifact
FFT_EfficientNet/output/image_translation/array_03/results/original_model_analysis_plots/combo_plots_Low_Severity/combo_sample_952.png,combo_sample_952.png,.png,325663,2025-11-17T09:31:34+08:00,FFT_EfficientNet,image,FFT-related artifact
FFT_EfficientNet/output/image_translation/array_03/results/original_model_analysis_plots/combo_plots_Low_Severity/combo_sample_954.png,combo_sample_954.png,.png,300832,2025-11-17T09:31:34+08:00,FFT_EfficientNet,image,FFT-related artifact
FFT_EfficientNet/output/image_translation/array_03/results/original_model_analysis_plots/combo_plots_Low_Severity/combo_sample_955.png,combo_sample_955.png,.png,293850,2025-11-17T09:31:34+08:00,FFT_EfficientNet,image,FFT-related artifact
FFT_EfficientNet/output/image_translation/array_03/results/original_model_analysis_plots/combo_plots_Low_Severity/combo_sample_957.png,combo_sample_957.png,.png,302172,2025-11-17T09:31:34+08:00,FFT_EfficientNet,image,FFT-related artifact
FFT_EfficientNet/output/image_translation/array_03/results/original_model_analysis_plots/combo_plots_Low_Severity/combo_sample_961.png,combo_sample_961.png,.png,303255,2025-11-17T09:31:34+08:00,FFT_EfficientNet,image,FFT-related artifact
FFT_EfficientNet/output/image_translation/array_03/results/original_model_analysis_plots/combo_plots_Low_Severity/combo_sample_962.png,combo_sample_962.png,.png,309612,2025-11-17T09:31:34+08:00,FFT_EfficientNet,image,FFT-related artifact
FFT_EfficientNet/output/image_translation/array_03/results/original_model_analysis_plots/combo_plots_Low_Severity/combo_sample_967.png,combo_sample_967.png,.png,305166,2025-11-17T09:31:34+08:00,FFT_EfficientNet,image,FFT-related artifact
FFT_EfficientNet/output/image_translation/array_03/results/original_model_analysis_plots/combo_plots_Low_Severity/combo_sample_984.png,combo_sample_984.png,.png,317540,2025-11-17T09:31:34+08:00,FFT_EfficientNet,image,FFT-related artifact
FFT_EfficientNet/output/image_translation/array_03/results/original_model_analysis_plots/combo_plots_Medium_Severity/combo_sample_100.png,combo_sample_100.png,.png,327378,2025-11-17T09:31:35+08:00,FFT_EfficientNet,image,FFT-related artifact
FFT_EfficientNet/output/image_translation/array_03/results/original_model_analysis_plots/combo_plots_Medium_Severity/combo_sample_1052.png,combo_sample_1052.png,.png,345330,2025-11-17T09:31:34+08:00,FFT_EfficientNet,image,FFT-related artifact
FFT_EfficientNet/output/image_translation/array_03/results/original_model_analysis_plots/combo_plots_Medium_Severity/combo_sample_1054.png,combo_sample_1054.png,.png,345257,2025-11-17T09:31:34+08:00,FFT_EfficientNet,image,FFT-related artifact
FFT_EfficientNet/output/image_translation/array_03/results/original_model_analysis_plots/combo_plots_Medium_Severity/combo_sample_1077.png,combo_sample_1077.png,.png,320319,2025-11-17T09:31:34+08:00,FFT_EfficientNet,image,FFT-related artifact
FFT_EfficientNet/output/image_translation/array_03/results/original_model_analysis_plots/combo_plots_Medium_Severity/combo_sample_108.png,combo_sample_108.png,.png,343759,2025-11-17T09:31:34+08:00,FFT_EfficientNet,image,FFT-related artifact
FFT_EfficientNet/output/image_translation/array_03/results/original_model_analysis_plots/combo_plots_Medium_Severity/combo_sample_1081.png,combo_sample_1081.png,.png,310126,2025-11-17T09:31:35+08:00,FFT_EfficientNet,image,FFT-related artifact
FFT_EfficientNet/output/image_translation/array_03/results/original_model_analysis_plots/combo_plots_Medium_Severity/combo_sample_1083.png,combo_sample_1083.png,.png,306991,2025-11-17T09:31:35+08:00,FFT_EfficientNet,image,FFT-related artifact
FFT_EfficientNet/output/image_translation/array_03/results/original_model_analysis_plots/combo_plots_Medium_Severity/combo_sample_1085.png,combo_sample_1085.png,.png,340084,2025-11-17T09:31:34+08:00,FFT_EfficientNet,image,FFT-related artifact
FFT_EfficientNet/output/image_translation/array_03/results/original_model_analysis_plots/combo_plots_Medium_Severity/combo_sample_1100.png,combo_sample_1100.png,.png,296981,2025-11-17T09:31:35+08:00,FFT_EfficientNet,image,FFT-related artifact
FFT_EfficientNet/output/image_translation/array_03/results/original_model_analysis_plots/combo_plots_Medium_Severity/combo_sample_1103.png,combo_sample_1103.png,.png,276194,2025-11-17T09:31:35+08:00,FFT_EfficientNet,image,FFT-related artifact
FFT_EfficientNet/output/image_translation/array_03/results/original_model_analysis_plots/combo_plots_Medium_Severity/combo_sample_112.png,combo_sample_112.png,.png,317836,2025-11-17T09:31:35+08:00,FFT_EfficientNet,image,FFT-related artifact
FFT_EfficientNet/output/image_translation/array_03/results/original_model_analysis_plots/combo_plots_Medium_Severity/combo_sample_1127.png,combo_sample_1127.png,.png,289357,2025-11-17T09:31:35+08:00,FFT_EfficientNet,image,FFT-related artifact
FFT_EfficientNet/output/image_translation/array_03/results/original_model_analysis_plots/combo_plots_Medium_Severity/combo_sample_1143.png,combo_sample_1143.png,.png,323867,2025-11-17T09:31:35+08:00,FFT_EfficientNet,image,FFT-related artifact
FFT_EfficientNet/output/image_translation/array_03/results/original_model_analysis_plots/combo_plots_Medium_Severity/combo_sample_1144.png,combo_sample_1144.png,.png,322527,2025-11-17T09:31:35+08:00,FFT_EfficientNet,image,FFT-related artifact
FFT_EfficientNet/output/image_translation/array_03/results/original_model_analysis_plots/combo_plots_Medium_Severity/combo_sample_1146.png,combo_sample_1146.png,.png,330645,2025-11-17T09:31:35+08:00,FFT_EfficientNet,image,FFT-related artifact
FFT_EfficientNet/output/image_translation/array_03/results/original_model_analysis_plots/combo_plots_Medium_Severity/combo_sample_1148.png,combo_sample_1148.png,.png,323024,2025-11-17T09:31:35+08:00,FFT_EfficientNet,image,FFT-related artifact
FFT_EfficientNet/output/image_translation/array_03/results/original_model_analysis_plots/combo_plots_Medium_Severity/combo_sample_1168.png,combo_sample_1168.png,.png,317184,2025-11-17T09:31:35+08:00,FFT_EfficientNet,image,FFT-related artifact
FFT_EfficientNet/output/image_translation/array_03/results/original_model_analysis_plots/combo_plots_Medium_Severity/combo_sample_1172.png,combo_sample_1172.png,.png,314222,2025-11-17T09:31:35+08:00,FFT_EfficientNet,image,FFT-related artifact
FFT_EfficientNet/output/image_translation/array_03/results/original_model_analysis_plots/combo_plots_Medium_Severity/combo_sample_1177.png,combo_sample_1177.png,.png,317876,2025-11-17T09:31:35+08:00,FFT_EfficientNet,image,FFT-related artifact
FFT_EfficientNet/output/image_translation/array_03/results/original_model_analysis_plots/combo_plots_Medium_Severity/combo_sample_1179.png,combo_sample_1179.png,.png,315661,2025-11-17T09:31:35+08:00,FFT_EfficientNet,image,FFT-related artifact
FFT_EfficientNet/output/image_translation/array_03/results/original_model_analysis_plots/combo_plots_Medium_Severity/combo_sample_1186.png,combo_sample_1186.png,.png,287340,2025-11-17T09:31:35+08:00,FFT_EfficientNet,image,FFT-related artifact
FFT_EfficientNet/output/image_translation/array_03/results/original_model_analysis_plots/combo_plots_Medium_Severity/combo_sample_1188.png,combo_sample_1188.png,.png,319206,2025-11-17T09:31:35+08:00,FFT_EfficientNet,image,FFT-related artifact
FFT_EfficientNet/output/image_translation/array_03/results/original_model_analysis_plots/combo_plots_Medium_Severity/combo_sample_1189.png,combo_sample_1189.png,.png,319317,2025-11-17T09:31:35+08:00,FFT_EfficientNet,image,FFT-related artifact
FFT_EfficientNet/output/image_translation/array_03/results/original_model_analysis_plots/combo_plots_Medium_Severity/combo_sample_1190.png,combo_sample_1190.png,.png,334324,2025-11-17T09:31:35+08:00,FFT_EfficientNet,image,FFT-related artifact
FFT_EfficientNet/output/image_translation/array_03/results/original_model_analysis_plots/combo_plots_Medium_Severity/combo_sample_1194.png,combo_sample_1194.png,.png,352461,2025-11-17T09:31:35+08:00,FFT_EfficientNet,image,FFT-related artifact
FFT_EfficientNet/output/image_translation/array_03/results/original_model_analysis_plots/combo_plots_Medium_Severity/combo_sample_1195.png,combo_sample_1195.png,.png,348243,2025-11-17T09:31:35+08:00,FFT_EfficientNet,image,FFT-related artifact
FFT_EfficientNet/output/image_translation/array_03/results/original_model_analysis_plots/combo_plots_Medium_Severity/combo_sample_1203.png,combo_sample_1203.png,.png,344818,2025-11-17T09:31:35+08:00,FFT_EfficientNet,image,FFT-related artifact
FFT_EfficientNet/output/image_translation/array_03/results/original_model_analysis_plots/combo_plots_Medium_Severity/combo_sample_1205.png,combo_sample_1205.png,.png,341658,2025-11-17T09:31:35+08:00,FFT_EfficientNet,image,FFT-related artifact
FFT_EfficientNet/output/image_translation/array_03/results/original_model_analysis_plots/combo_plots_Medium_Severity/combo_sample_1206.png,combo_sample_1206.png,.png,340697,2025-11-17T09:31:35+08:00,FFT_EfficientNet,image,FFT-related artifact
FFT_EfficientNet/output/image_translation/array_03/results/original_model_analysis_plots/combo_plots_Medium_Severity/combo_sample_1207.png,combo_sample_1207.png,.png,325083,2025-11-17T09:31:35+08:00,FFT_EfficientNet,image,FFT-related artifact
FFT_EfficientNet/output/image_translation/array_03/results/original_model_analysis_plots/combo_plots_Medium_Severity/combo_sample_1245.png,combo_sample_1245.png,.png,324207,2025-11-17T09:31:35+08:00,FFT_EfficientNet,image,FFT-related artifact
FFT_EfficientNet/output/image_translation/array_03/results/original_model_analysis_plots/combo_plots_Medium_Severity/combo_sample_1246.png,combo_sample_1246.png,.png,329545,2025-11-17T09:31:35+08:00,FFT_EfficientNet,image,FFT-related artifact
FFT_EfficientNet/output/image_translation/array_03/results/original_model_analysis_plots/combo_plots_Medium_Severity/combo_sample_1249.png,combo_sample_1249.png,.png,331928,2025-11-17T09:31:35+08:00,FFT_EfficientNet,image,FFT-related artifact
FFT_EfficientNet/output/image_translation/array_03/results/original_model_analysis_plots/combo_plots_Medium_Severity/combo_sample_1251.png,combo_sample_1251.png,.png,319967,2025-11-17T09:31:35+08:00,FFT_EfficientNet,image,FFT-related artifact
FFT_EfficientNet/output/image_translation/array_03/results/original_model_analysis_plots/combo_plots_Medium_Severity/combo_sample_1252.png,combo_sample_1252.png,.png,306942,2025-11-17T09:31:35+08:00,FFT_EfficientNet,image,FFT-related artifact
FFT_EfficientNet/output/image_translation/array_03/results/original_model_analysis_plots/combo_plots_Medium_Severity/combo_sample_1262.png,combo_sample_1262.png,.png,329625,2025-11-17T09:31:35+08:00,FFT_EfficientNet,image,FFT-related artifact
FFT_EfficientNet/output/image_translation/array_03/results/original_model_analysis_plots/combo_plots_Medium_Severity/combo_sample_1278.png,combo_sample_1278.png,.png,295381,2025-11-17T09:31:35+08:00,FFT_EfficientNet,image,FFT-related artifact
FFT_EfficientNet/output/image_translation/array_03/results/original_model_analysis_plots/combo_plots_Medium_Severity/combo_sample_1304.png,combo_sample_1304.png,.png,322185,2025-11-17T09:31:35+08:00,FFT_EfficientNet,image,FFT-related artifact
FFT_EfficientNet/output/image_translation/array_03/results/original_model_analysis_plots/combo_plots_Medium_Severity/combo_sample_1305.png,combo_sample_1305.png,.png,313056,2025-11-17T09:31:35+08:00,FFT_EfficientNet,image,FFT-related artifact
FFT_EfficientNet/output/image_translation/array_03/results/original_model_analysis_plots/combo_plots_Medium_Severity/combo_sample_1306.png,combo_sample_1306.png,.png,314373,2025-11-17T09:31:35+08:00,FFT_EfficientNet,image,FFT-related artifact
FFT_EfficientNet/output/image_translation/array_03/results/original_model_analysis_plots/combo_plots_Medium_Severity/combo_sample_1309.png,combo_sample_1309.png,.png,327536,2025-11-17T09:31:35+08:00,FFT_EfficientNet,image,FFT-related artifact
FFT_EfficientNet/output/image_translation/array_03/results/original_model_analysis_plots/combo_plots_Medium_Severity/combo_sample_1310.png,combo_sample_1310.png,.png,327968,2025-11-17T09:31:35+08:00,FFT_EfficientNet,image,FFT-related artifact
FFT_EfficientNet/output/image_translation/array_03/results/original_model_analysis_plots/combo_plots_Medium_Severity/combo_sample_1311.png,combo_sample_1311.png,.png,331409,2025-11-17T09:31:35+08:00,FFT_EfficientNet,image,FFT-related artifact
FFT_EfficientNet/output/image_translation/array_03/results/original_model_analysis_plots/combo_plots_Medium_Severity/combo_sample_1319.png,combo_sample_1319.png,.png,321991,2025-11-17T09:31:36+08:00,FFT_EfficientNet,image,FFT-related artifact
FFT_EfficientNet/output/image_translation/array_03/results/original_model_analysis_plots/combo_plots_Medium_Severity/combo_sample_1346.png,combo_sample_1346.png,.png,324726,2025-11-17T09:31:36+08:00,FFT_EfficientNet,image,FFT-related artifact
FFT_EfficientNet/output/image_translation/array_03/results/original_model_analysis_plots/combo_plots_Medium_Severity/combo_sample_1348.png,combo_sample_1348.png,.png,327450,2025-11-17T09:31:35+08:00,FFT_EfficientNet,image,FFT-related artifact
FFT_EfficientNet/output/image_translation/array_03/results/original_model_analysis_plots/combo_plots_Medium_Severity/combo_sample_1380.png,combo_sample_1380.png,.png,328557,2025-11-17T09:31:36+08:00,FFT_EfficientNet,image,FFT-related artifact
FFT_EfficientNet/output/image_translation/array_03/results/original_model_analysis_plots/combo_plots_Medium_Severity/combo_sample_1394.png,combo_sample_1394.png,.png,321154,2025-11-17T09:31:36+08:00,FFT_EfficientNet,image,FFT-related artifact
FFT_EfficientNet/output/image_translation/array_03/results/original_model_analysis_plots/combo_plots_Medium_Severity/combo_sample_1409.png,combo_sample_1409.png,.png,321737,2025-11-17T09:31:36+08:00,FFT_EfficientNet,image,FFT-related artifact
FFT_EfficientNet/output/image_translation/array_03/results/original_model_analysis_plots/combo_plots_Medium_Severity/combo_sample_1413.png,combo_sample_1413.png,.png,339672,2025-11-17T09:31:36+08:00,FFT_EfficientNet,image,FFT-related artifact
FFT_EfficientNet/output/image_translation/array_03/results/original_model_analysis_plots/combo_plots_Medium_Severity/combo_sample_1416.png,combo_sample_1416.png,.png,343802,2025-11-17T09:31:36+08:00,FFT_EfficientNet,image,FFT-related artifact
FFT_EfficientNet/output/image_translation/array_03/results/original_model_analysis_plots/combo_plots_Medium_Severity/combo_sample_1417.png,combo_sample_1417.png,.png,345807,2025-11-17T09:31:36+08:00,FFT_EfficientNet,image,FFT-related artifact
FFT_EfficientNet/output/image_translation/array_03/results/original_model_analysis_plots/combo_plots_Medium_Severity/combo_sample_1426.png,combo_sample_1426.png,.png,318317,2025-11-17T09:31:36+08:00,FFT_EfficientNet,image,FFT-related artifact
FFT_EfficientNet/output/image_translation/array_03/results/original_model_analysis_plots/combo_plots_Medium_Severity/combo_sample_1428.png,combo_sample_1428.png,.png,330414,2025-11-17T09:31:36+08:00,FFT_EfficientNet,image,FFT-related artifact
FFT_EfficientNet/output/image_translation/array_03/results/original_model_analysis_plots/combo_plots_Medium_Severity/combo_sample_1435.png,combo_sample_1435.png,.png,341068,2025-11-17T09:31:36+08:00,FFT_EfficientNet,image,FFT-related artifact
FFT_EfficientNet/output/image_translation/array_03/results/original_model_analysis_plots/combo_plots_Medium_Severity/combo_sample_1438.png,combo_sample_1438.png,.png,329907,2025-11-17T09:31:36+08:00,FFT_EfficientNet,image,FFT-related artifact
FFT_EfficientNet/output/image_translation/array_03/results/original_model_analysis_plots/combo_plots_Medium_Severity/combo_sample_1440.png,combo_sample_1440.png,.png,294916,2025-11-17T09:31:36+08:00,FFT_EfficientNet,image,FFT-related artifact
FFT_EfficientNet/output/image_translation/array_03/results/original_model_analysis_plots/combo_plots_Medium_Severity/combo_sample_1449.png,combo_sample_1449.png,.png,320281,2025-11-17T09:31:36+08:00,FFT_EfficientNet,image,FFT-related artifact
FFT_EfficientNet/output/image_translation/array_03/results/original_model_analysis_plots/combo_plots_Medium_Severity/combo_sample_1450.png,combo_sample_1450.png,.png,322821,2025-11-17T09:31:36+08:00,FFT_EfficientNet,image,FFT-related artifact
FFT_EfficientNet/output/image_translation/array_03/results/original_model_analysis_plots/combo_plots_Medium_Severity/combo_sample_1452.png,combo_sample_1452.png,.png,333347,2025-11-17T09:31:36+08:00,FFT_EfficientNet,image,FFT-related artifact
FFT_EfficientNet/output/image_translation/array_03/results/original_model_analysis_plots/combo_plots_Medium_Severity/combo_sample_1453.png,combo_sample_1453.png,.png,332740,2025-11-17T09:31:36+08:00,FFT_EfficientNet,image,FFT-related artifact
FFT_EfficientNet/output/image_translation/array_03/results/original_model_analysis_plots/combo_plots_Medium_Severity/combo_sample_1463.png,combo_sample_1463.png,.png,338027,2025-11-17T09:31:36+08:00,FFT_EfficientNet,image,FFT-related artifact
FFT_EfficientNet/output/image_translation/array_03/results/original_model_analysis_plots/combo_plots_Medium_Severity/combo_sample_1469.png,combo_sample_1469.png,.png,299858,2025-11-17T09:31:36+08:00,FFT_EfficientNet,image,FFT-related artifact
FFT_EfficientNet/output/image_translation/array_03/results/original_model_analysis_plots/combo_plots_Medium_Severity/combo_sample_1471.png,combo_sample_1471.png,.png,298721,2025-11-17T09:31:36+08:00,FFT_EfficientNet,image,FFT-related artifact
FFT_EfficientNet/output/image_translation/array_03/results/original_model_analysis_plots/combo_plots_Medium_Severity/combo_sample_1476.png,combo_sample_1476.png,.png,304990,2025-11-17T09:31:36+08:00,FFT_EfficientNet,image,FFT-related artifact
FFT_EfficientNet/output/image_translation/array_03/results/original_model_analysis_plots/combo_plots_Medium_Severity/combo_sample_1478.png,combo_sample_1478.png,.png,299640,2025-11-17T09:31:36+08:00,FFT_EfficientNet,image,FFT-related artifact
FFT_EfficientNet/output/image_translation/array_03/results/original_model_analysis_plots/combo_plots_Medium_Severity/combo_sample_1490.png,combo_sample_1490.png,.png,313233,2025-11-17T09:31:36+08:00,FFT_EfficientNet,image,FFT-related artifact
FFT_EfficientNet/output/image_translation/array_03/results/original_model_analysis_plots/combo_plots_Medium_Severity/combo_sample_1510.png,combo_sample_1510.png,.png,372925,2025-11-17T09:31:36+08:00,FFT_EfficientNet,image,FFT-related artifact
FFT_EfficientNet/output/image_translation/array_03/results/original_model_analysis_plots/combo_plots_Medium_Severity/combo_sample_1515.png,combo_sample_1515.png,.png,305952,2025-11-17T09:31:36+08:00,FFT_EfficientNet,image,FFT-related artifact
FFT_EfficientNet/output/image_translation/array_03/results/original_model_analysis_plots/combo_plots_Medium_Severity/combo_sample_1517.png,combo_sample_1517.png,.png,328108,2025-11-17T09:31:36+08:00,FFT_EfficientNet,image,FFT-related artifact
FFT_EfficientNet/output/image_translation/array_03/results/original_model_analysis_plots/combo_plots_Medium_Severity/combo_sample_1521.png,combo_sample_1521.png,.png,292181,2025-11-17T09:31:36+08:00,FFT_EfficientNet,image,FFT-related artifact
FFT_EfficientNet/output/image_translation/array_03/results/original_model_analysis_plots/combo_plots_Medium_Severity/combo_sample_1522.png,combo_sample_1522.png,.png,317587,2025-11-17T09:31:36+08:00,FFT_EfficientNet,image,FFT-related artifact
FFT_EfficientNet/output/image_translation/array_03/results/original_model_analysis_plots/combo_plots_Medium_Severity/combo_sample_1524.png,combo_sample_1524.png,.png,295000,2025-11-17T09:31:36+08:00,FFT_EfficientNet,image,FFT-related artifact
FFT_EfficientNet/output/image_translation/array_03/results/original_model_analysis_plots/combo_plots_Medium_Severity/combo_sample_1594.png,combo_sample_1594.png,.png,304024,2025-11-17T09:31:37+08:00,FFT_EfficientNet,image,FFT-related artifact
FFT_EfficientNet/output/image_translation/array_03/results/original_model_analysis_plots/combo_plots_Medium_Severity/combo_sample_1601.png,combo_sample_1601.png,.png,338654,2025-11-17T09:31:36+08:00,FFT_EfficientNet,image,FFT-related artifact
FFT_EfficientNet/output/image_translation/array_03/results/original_model_analysis_plots/combo_plots_Medium_Severity/combo_sample_1602.png,combo_sample_1602.png,.png,340563,2025-11-17T09:31:36+08:00,FFT_EfficientNet,image,FFT-related artifact
FFT_EfficientNet/output/image_translation/array_03/results/original_model_analysis_plots/combo_plots_Medium_Severity/combo_sample_1603.png,combo_sample_1603.png,.png,329074,2025-11-17T09:31:36+08:00,FFT_EfficientNet,image,FFT-related artifact
FFT_EfficientNet/output/image_translation/array_03/results/original_model_analysis_plots/combo_plots_Medium_Severity/combo_sample_1700.png,combo_sample_1700.png,.png,278350,2025-11-17T09:31:36+08:00,FFT_EfficientNet,image,FFT-related artifact
FFT_EfficientNet/output/image_translation/array_03/results/original_model_analysis_plots/combo_plots_Medium_Severity/combo_sample_1719.png,combo_sample_1719.png,.png,329234,2025-11-17T09:31:36+08:00,FFT_EfficientNet,image,FFT-related artifact
FFT_EfficientNet/output/image_translation/array_03/results/original_model_analysis_plots/combo_plots_Medium_Severity/combo_sample_1744.png,combo_sample_1744.png,.png,344061,2025-11-17T09:31:36+08:00,FFT_EfficientNet,image,FFT-related artifact
FFT_EfficientNet/output/image_translation/array_03/results/original_model_analysis_plots/combo_plots_Medium_Severity/combo_sample_1746.png,combo_sample_1746.png,.png,330367,2025-11-17T09:31:36+08:00,FFT_EfficientNet,image,FFT-related artifact
FFT_EfficientNet/output/image_translation/array_03/results/original_model_analysis_plots/combo_plots_Medium_Severity/combo_sample_1773.png,combo_sample_1773.png,.png,340184,2025-11-17T09:31:37+08:00,FFT_EfficientNet,image,FFT-related artifact
FFT_EfficientNet/output/image_translation/array_03/results/original_model_analysis_plots/combo_plots_Medium_Severity/combo_sample_18.png,combo_sample_18.png,.png,330288,2025-11-17T09:31:37+08:00,FFT_EfficientNet,image,FFT-related artifact
FFT_EfficientNet/output/image_translation/array_03/results/original_model_analysis_plots/combo_plots_Medium_Severity/combo_sample_1856.png,combo_sample_1856.png,.png,343547,2025-11-17T09:31:37+08:00,FFT_EfficientNet,image,FFT-related artifact
FFT_EfficientNet/output/image_translation/array_03/results/original_model_analysis_plots/combo_plots_Medium_Severity/combo_sample_1858.png,combo_sample_1858.png,.png,323856,2025-11-17T09:31:37+08:00,FFT_EfficientNet,image,FFT-related artifact
FFT_EfficientNet/output/image_translation/array_03/results/original_model_analysis_plots/combo_plots_Medium_Severity/combo_sample_1861.png,combo_sample_1861.png,.png,359982,2025-11-17T09:31:37+08:00,FFT_EfficientNet,image,FFT-related artifact
FFT_EfficientNet/output/image_translation/array_03/results/original_model_analysis_plots/combo_plots_Medium_Severity/combo_sample_1862.png,combo_sample_1862.png,.png,327640,2025-11-17T09:31:37+08:00,FFT_EfficientNet,image,FFT-related artifact
FFT_EfficientNet/output/image_translation/array_03/results/original_model_analysis_plots/combo_plots_Medium_Severity/combo_sample_1953.png,combo_sample_1953.png,.png,299619,2025-11-17T09:31:37+08:00,FFT_EfficientNet,image,FFT-related artifact
FFT_EfficientNet/output/image_translation/array_03/results/original_model_analysis_plots/combo_plots_Medium_Severity/combo_sample_20.png,combo_sample_20.png,.png,295740,2025-11-17T09:31:37+08:00,FFT_EfficientNet,image,FFT-related artifact
FFT_EfficientNet/output/image_translation/array_03/results/original_model_analysis_plots/combo_plots_Medium_Severity/combo_sample_2001.png,combo_sample_2001.png,.png,334715,2025-11-17T09:31:37+08:00,FFT_EfficientNet,image,FFT-related artifact
FFT_EfficientNet/output/image_translation/array_03/results/original_model_analysis_plots/combo_plots_Medium_Severity/combo_sample_2005.png,combo_sample_2005.png,.png,339480,2025-11-17T09:31:37+08:00,FFT_EfficientNet,image,FFT-related artifact
FFT_EfficientNet/output/image_translation/array_03/results/original_model_analysis_plots/combo_plots_Medium_Severity/combo_sample_201.png,combo_sample_201.png,.png,334590,2025-11-17T09:31:37+08:00,FFT_EfficientNet,image,FFT-related artifact
FFT_EfficientNet/output/image_translation/array_03/results/original_model_analysis_plots/combo_plots_Medium_Severity/combo_sample_203.png,combo_sample_203.png,.png,271435,2025-11-17T09:31:37+08:00,FFT_EfficientNet,image,FFT-related artifact
FFT_EfficientNet/output/image_translation/array_03/results/original_model_analysis_plots/combo_plots_Medium_Severity/combo_sample_2033.png,combo_sample_2033.png,.png,311913,2025-11-17T09:31:37+08:00,FFT_EfficientNet,image,FFT-related artifact
FFT_EfficientNet/output/image_translation/array_03/results/original_model_analysis_plots/combo_plots_Medium_Severity/combo_sample_212.png,combo_sample_212.png,.png,323736,2025-11-17T09:31:37+08:00,FFT_EfficientNet,image,FFT-related artifact
FFT_EfficientNet/output/image_translation/array_03/results/original_model_analysis_plots/combo_plots_Medium_Severity/combo_sample_2140.png,combo_sample_2140.png,.png,323987,2025-11-17T09:31:37+08:00,FFT_EfficientNet,image,FFT-related artifact
FFT_EfficientNet/output/image_translation/array_03/results/original_model_analysis_plots/combo_plots_Medium_Severity/combo_sample_2168.png,combo_sample_2168.png,.png,329440,2025-11-17T09:31:37+08:00,FFT_EfficientNet,image,FFT-related artifact
FFT_EfficientNet/output/image_translation/array_03/results/original_model_analysis_plots/combo_plots_Medium_Severity/combo_sample_217.png,combo_sample_217.png,.png,339108,2025-11-17T09:31:37+08:00,FFT_EfficientNet,image,FFT-related artifact
FFT_EfficientNet/output/image_translation/array_03/results/original_model_analysis_plots/combo_plots_Medium_Severity/combo_sample_219.png,combo_sample_219.png,.png,334529,2025-11-17T09:31:37+08:00,FFT_EfficientNet,image,FFT-related artifact
FFT_EfficientNet/output/image_translation/array_03/results/original_model_analysis_plots/combo_plots_Medium_Severity/combo_sample_221.png,combo_sample_221.png,.png,341842,2025-11-17T09:31:37+08:00,FFT_EfficientNet,image,FFT-related artifact
FFT_EfficientNet/output/image_translation/array_03/results/original_model_analysis_plots/combo_plots_Medium_Severity/combo_sample_2232.png,combo_sample_2232.png,.png,334755,2025-11-17T09:31:37+08:00,FFT_EfficientNet,image,FFT-related artifact
FFT_EfficientNet/output/image_translation/array_03/results/original_model_analysis_plots/combo_plots_Medium_Severity/combo_sample_2294.png,combo_sample_2294.png,.png,308922,2025-11-17T09:31:37+08:00,FFT_EfficientNet,image,FFT-related artifact
FFT_EfficientNet/output/image_translation/array_03/results/original_model_analysis_plots/combo_plots_Medium_Severity/combo_sample_2336.png,combo_sample_2336.png,.png,305917,2025-11-17T09:31:37+08:00,FFT_EfficientNet,image,FFT-related artifact
FFT_EfficientNet/output/image_translation/array_03/results/original_model_analysis_plots/combo_plots_Medium_Severity/combo_sample_2339.png,combo_sample_2339.png,.png,319107,2025-11-17T09:31:37+08:00,FFT_EfficientNet,image,FFT-related artifact
FFT_EfficientNet/output/image_translation/array_03/results/original_model_analysis_plots/combo_plots_Medium_Severity/combo_sample_2372.png,combo_sample_2372.png,.png,325680,2025-11-17T09:31:37+08:00,FFT_EfficientNet,image,FFT-related artifact
FFT_EfficientNet/output/image_translation/array_03/results/original_model_analysis_plots/combo_plots_Medium_Severity/combo_sample_2375.png,combo_sample_2375.png,.png,308904,2025-11-17T09:31:37+08:00,FFT_EfficientNet,image,FFT-related artifact
FFT_EfficientNet/output/image_translation/array_03/results/original_model_analysis_plots/combo_plots_Medium_Severity/combo_sample_2376.png,combo_sample_2376.png,.png,303991,2025-11-17T09:31:37+08:00,FFT_EfficientNet,image,FFT-related artifact
FFT_EfficientNet/output/image_translation/array_03/results/original_model_analysis_plots/combo_plots_Medium_Severity/combo_sample_2379.png,combo_sample_2379.png,.png,313676,2025-11-17T09:31:37+08:00,FFT_EfficientNet,image,FFT-related artifact
FFT_EfficientNet/output/image_translation/array_03/results/original_model_analysis_plots/combo_plots_Medium_Severity/combo_sample_2382.png,combo_sample_2382.png,.png,330942,2025-11-17T09:31:37+08:00,FFT_EfficientNet,image,FFT-related artifact
FFT_EfficientNet/output/image_translation/array_03/results/original_model_analysis_plots/combo_plots_Medium_Severity/combo_sample_240.png,combo_sample_240.png,.png,333838,2025-11-17T09:31:37+08:00,FFT_EfficientNet,image,FFT-related artifact
FFT_EfficientNet/output/image_translation/array_03/results/original_model_analysis_plots/combo_plots_Medium_Severity/combo_sample_2489.png,combo_sample_2489.png,.png,330324,2025-11-17T09:31:37+08:00,FFT_EfficientNet,image,FFT-related artifact
FFT_EfficientNet/output/image_translation/array_03/results/original_model_analysis_plots/combo_plots_Medium_Severity/combo_sample_249.png,combo_sample_249.png,.png,344108,2025-11-17T09:31:37+08:00,FFT_EfficientNet,image,FFT-related artifact
FFT_EfficientNet/output/image_translation/array_03/results/original_model_analysis_plots/combo_plots_Medium_Severity/combo_sample_2491.png,combo_sample_2491.png,.png,339591,2025-11-17T09:31:37+08:00,FFT_EfficientNet,image,FFT-related artifact
FFT_EfficientNet/output/image_translation/array_03/results/original_model_analysis_plots/combo_plots_Medium_Severity/combo_sample_2499.png,combo_sample_2499.png,.png,312594,2025-11-17T09:31:37+08:00,FFT_EfficientNet,image,FFT-related artifact
FFT_EfficientNet/output/image_translation/array_03/results/original_model_analysis_plots/combo_plots_Medium_Severity/combo_sample_2513.png,combo_sample_2513.png,.png,303064,2025-11-17T09:31:37+08:00,FFT_EfficientNet,image,FFT-related artifact
FFT_EfficientNet/output/image_translation/array_03/results/original_model_analysis_plots/combo_plots_Medium_Severity/combo_sample_2514.png,combo_sample_2514.png,.png,305387,2025-11-17T09:31:37+08:00,FFT_EfficientNet,image,FFT-related artifact
FFT_EfficientNet/output/image_translation/array_03/results/original_model_analysis_plots/combo_plots_Medium_Severity/combo_sample_2515.png,combo_sample_2515.png,.png,306257,2025-11-17T09:31:37+08:00,FFT_EfficientNet,image,FFT-related artifact
FFT_EfficientNet/output/image_translation/array_03/results/original_model_analysis_plots/combo_plots_Medium_Severity/combo_sample_2517.png,combo_sample_2517.png,.png,305838,2025-11-17T09:31:38+08:00,FFT_EfficientNet,image,FFT-related artifact
FFT_EfficientNet/output/image_translation/array_03/results/original_model_analysis_plots/combo_plots_Medium_Severity/combo_sample_2520.png,combo_sample_2520.png,.png,300700,2025-11-17T09:31:37+08:00,FFT_EfficientNet,image,FFT-related artifact
FFT_EfficientNet/output/image_translation/array_03/results/original_model_analysis_plots/combo_plots_Medium_Severity/combo_sample_2522.png,combo_sample_2522.png,.png,305354,2025-11-17T09:31:38+08:00,FFT_EfficientNet,image,FFT-related artifact
FFT_EfficientNet/output/image_translation/array_03/results/original_model_analysis_plots/combo_plots_Medium_Severity/combo_sample_2545.png,combo_sample_2545.png,.png,306621,2025-11-17T09:31:37+08:00,FFT_EfficientNet,image,FFT-related artifact
FFT_EfficientNet/output/image_translation/array_03/results/original_model_analysis_plots/combo_plots_Medium_Severity/combo_sample_2547.png,combo_sample_2547.png,.png,302738,2025-11-17T09:31:38+08:00,FFT_EfficientNet,image,FFT-related artifact
FFT_EfficientNet/output/image_translation/array_03/results/original_model_analysis_plots/combo_plots_Medium_Severity/combo_sample_2548.png,combo_sample_2548.png,.png,320688,2025-11-17T09:31:37+08:00,FFT_EfficientNet,image,FFT-related artifact
FFT_EfficientNet/output/image_translation/array_03/results/original_model_analysis_plots/combo_plots_Medium_Severity/combo_sample_255.png,combo_sample_255.png,.png,326910,2025-11-17T09:31:37+08:00,FFT_EfficientNet,image,FFT-related artifact
FFT_EfficientNet/output/image_translation/array_03/results/original_model_analysis_plots/combo_plots_Medium_Severity/combo_sample_2552.png,combo_sample_2552.png,.png,332061,2025-11-17T09:31:38+08:00,FFT_EfficientNet,image,FFT-related artifact
FFT_EfficientNet/output/image_translation/array_03/results/original_model_analysis_plots/combo_plots_Medium_Severity/combo_sample_2585.png,combo_sample_2585.png,.png,320123,2025-11-17T09:31:38+08:00,FFT_EfficientNet,image,FFT-related artifact
FFT_EfficientNet/output/image_translation/array_03/results/original_model_analysis_plots/combo_plots_Medium_Severity/combo_sample_2586.png,combo_sample_2586.png,.png,331638,2025-11-17T09:31:38+08:00,FFT_EfficientNet,image,FFT-related artifact
FFT_EfficientNet/output/image_translation/array_03/results/original_model_analysis_plots/combo_plots_Medium_Severity/combo_sample_2599.png,combo_sample_2599.png,.png,336943,2025-11-17T09:31:38+08:00,FFT_EfficientNet,image,FFT-related artifact
FFT_EfficientNet/output/image_translation/array_03/results/original_model_analysis_plots/combo_plots_Medium_Severity/combo_sample_26.png,combo_sample_26.png,.png,325877,2025-11-17T09:31:38+08:00,FFT_EfficientNet,image,FFT-related artifact
FFT_EfficientNet/output/image_translation/array_03/results/original_model_analysis_plots/combo_plots_Medium_Severity/combo_sample_2604.png,combo_sample_2604.png,.png,312703,2025-11-17T09:31:38+08:00,FFT_EfficientNet,image,FFT-related artifact
FFT_EfficientNet/output/image_translation/array_03/results/original_model_analysis_plots/combo_plots_Medium_Severity/combo_sample_2607.png,combo_sample_2607.png,.png,325772,2025-11-17T09:31:38+08:00,FFT_EfficientNet,image,FFT-related artifact
FFT_EfficientNet/output/image_translation/array_03/results/original_model_analysis_plots/combo_plots_Medium_Severity/combo_sample_2608.png,combo_sample_2608.png,.png,340304,2025-11-17T09:31:38+08:00,FFT_EfficientNet,image,FFT-related artifact
FFT_EfficientNet/output/image_translation/array_03/results/original_model_analysis_plots/combo_plots_Medium_Severity/combo_sample_2609.png,combo_sample_2609.png,.png,340729,2025-11-17T09:31:38+08:00,FFT_EfficientNet,image,FFT-related artifact
FFT_EfficientNet/output/image_translation/array_03/results/original_model_analysis_plots/combo_plots_Medium_Severity/combo_sample_2615.png,combo_sample_2615.png,.png,356037,2025-11-17T09:31:38+08:00,FFT_EfficientNet,image,FFT-related artifact
FFT_EfficientNet/output/image_translation/array_03/results/original_model_analysis_plots/combo_plots_Medium_Severity/combo_sample_2626.png,combo_sample_2626.png,.png,338277,2025-11-17T09:31:38+08:00,FFT_EfficientNet,image,FFT-related artifact
FFT_EfficientNet/output/image_translation/array_03/results/original_model_analysis_plots/combo_plots_Medium_Severity/combo_sample_2632.png,combo_sample_2632.png,.png,332875,2025-11-17T09:31:38+08:00,FFT_EfficientNet,image,FFT-related artifact
FFT_EfficientNet/output/image_translation/array_03/results/original_model_analysis_plots/combo_plots_Medium_Severity/combo_sample_2633.png,combo_sample_2633.png,.png,334228,2025-11-17T09:31:38+08:00,FFT_EfficientNet,image,FFT-related artifact
FFT_EfficientNet/output/image_translation/array_03/results/original_model_analysis_plots/combo_plots_Medium_Severity/combo_sample_2733.png,combo_sample_2733.png,.png,260244,2025-11-17T09:31:14+08:00,FFT_EfficientNet,image,FFT-related artifact
FFT_EfficientNet/output/image_translation/array_03/results/original_model_analysis_plots/combo_plots_Medium_Severity/combo_sample_2739.png,combo_sample_2739.png,.png,260502,2025-11-17T09:31:14+08:00,FFT_EfficientNet,image,FFT-related artifact
FFT_EfficientNet/output/image_translation/array_03/results/original_model_analysis_plots/combo_plots_Medium_Severity/combo_sample_2750.png,combo_sample_2750.png,.png,326646,2025-11-17T09:31:38+08:00,FFT_EfficientNet,image,FFT-related artifact
FFT_EfficientNet/output/image_translation/array_03/results/original_model_analysis_plots/combo_plots_Medium_Severity/combo_sample_2753.png,combo_sample_2753.png,.png,327752,2025-11-17T09:31:38+08:00,FFT_EfficientNet,image,FFT-related artifact
FFT_EfficientNet/output/image_translation/array_03/results/original_model_analysis_plots/combo_plots_Medium_Severity/combo_sample_2759.png,combo_sample_2759.png,.png,308258,2025-11-17T09:31:38+08:00,FFT_EfficientNet,image,FFT-related artifact
FFT_EfficientNet/output/image_translation/array_03/results/original_model_analysis_plots/combo_plots_Medium_Severity/combo_sample_2766.png,combo_sample_2766.png,.png,340595,2025-11-17T09:31:38+08:00,FFT_EfficientNet,image,FFT-related artifact
FFT_EfficientNet/output/image_translation/array_03/results/original_model_analysis_plots/combo_plots_Medium_Severity/combo_sample_2777.png,combo_sample_2777.png,.png,335920,2025-11-17T09:31:38+08:00,FFT_EfficientNet,image,FFT-related artifact
FFT_EfficientNet/output/image_translation/array_03/results/original_model_analysis_plots/combo_plots_Medium_Severity/combo_sample_2780.png,combo_sample_2780.png,.png,314965,2025-11-17T09:31:38+08:00,FFT_EfficientNet,image,FFT-related artifact
FFT_EfficientNet/output/image_translation/array_03/results/original_model_analysis_plots/combo_plots_Medium_Severity/combo_sample_2806.png,combo_sample_2806.png,.png,229853,2025-11-17T09:31:14+08:00,FFT_EfficientNet,image,FFT-related artifact
FFT_EfficientNet/output/image_translation/array_03/results/original_model_analysis_plots/combo_plots_Medium_Severity/combo_sample_2808.png,combo_sample_2808.png,.png,254021,2025-11-17T09:31:14+08:00,FFT_EfficientNet,image,FFT-related artifact
FFT_EfficientNet/output/image_translation/array_03/results/original_model_analysis_plots/combo_plots_Medium_Severity/combo_sample_2817.png,combo_sample_2817.png,.png,316079,2025-11-17T09:31:38+08:00,FFT_EfficientNet,image,FFT-related artifact
FFT_EfficientNet/output/image_translation/array_03/results/original_model_analysis_plots/combo_plots_Medium_Severity/combo_sample_288.png,combo_sample_288.png,.png,338985,2025-11-17T09:31:38+08:00,FFT_EfficientNet,image,FFT-related artifact
FFT_EfficientNet/output/image_translation/array_03/results/original_model_analysis_plots/combo_plots_Medium_Severity/combo_sample_289.png,combo_sample_289.png,.png,321606,2025-11-17T09:31:38+08:00,FFT_EfficientNet,image,FFT-related artifact
FFT_EfficientNet/output/image_translation/array_03/results/original_model_analysis_plots/combo_plots_Medium_Severity/combo_sample_302.png,combo_sample_302.png,.png,322878,2025-11-17T09:31:38+08:00,FFT_EfficientNet,image,FFT-related artifact
FFT_EfficientNet/output/image_translation/array_03/results/original_model_analysis_plots/combo_plots_Medium_Severity/combo_sample_303.png,combo_sample_303.png,.png,316649,2025-11-17T09:31:38+08:00,FFT_EfficientNet,image,FFT-related artifact
FFT_EfficientNet/output/image_translation/array_03/results/original_model_analysis_plots/combo_plots_Medium_Severity/combo_sample_305.png,combo_sample_305.png,.png,310513,2025-11-17T09:31:38+08:00,FFT_EfficientNet,image,FFT-related artifact
FFT_EfficientNet/output/image_translation/array_03/results/original_model_analysis_plots/combo_plots_Medium_Severity/combo_sample_306.png,combo_sample_306.png,.png,312060,2025-11-17T09:31:38+08:00,FFT_EfficientNet,image,FFT-related artifact
FFT_EfficientNet/output/image_translation/array_03/results/original_model_analysis_plots/combo_plots_Medium_Severity/combo_sample_319.png,combo_sample_319.png,.png,322391,2025-11-17T09:31:38+08:00,FFT_EfficientNet,image,FFT-related artifact
FFT_EfficientNet/output/image_translation/array_03/results/original_model_analysis_plots/combo_plots_Medium_Severity/combo_sample_32.png,combo_sample_32.png,.png,299939,2025-11-17T09:31:38+08:00,FFT_EfficientNet,image,FFT-related artifact
FFT_EfficientNet/output/image_translation/array_03/results/original_model_analysis_plots/combo_plots_Medium_Severity/combo_sample_321.png,combo_sample_321.png,.png,318882,2025-11-17T09:31:38+08:00,FFT_EfficientNet,image,FFT-related artifact
FFT_EfficientNet/output/image_translation/array_03/results/original_model_analysis_plots/combo_plots_Medium_Severity/combo_sample_324.png,combo_sample_324.png,.png,301586,2025-11-17T09:31:38+08:00,FFT_EfficientNet,image,FFT-related artifact
FFT_EfficientNet/output/image_translation/array_03/results/original_model_analysis_plots/combo_plots_Medium_Severity/combo_sample_326.png,combo_sample_326.png,.png,318355,2025-11-17T09:31:38+08:00,FFT_EfficientNet,image,FFT-related artifact
FFT_EfficientNet/output/image_translation/array_03/results/original_model_analysis_plots/combo_plots_Medium_Severity/combo_sample_330.png,combo_sample_330.png,.png,306224,2025-11-17T09:31:38+08:00,FFT_EfficientNet,image,FFT-related artifact
FFT_EfficientNet/output/image_translation/array_03/results/original_model_analysis_plots/combo_plots_Medium_Severity/combo_sample_331.png,combo_sample_331.png,.png,309687,2025-11-17T09:31:39+08:00,FFT_EfficientNet,image,FFT-related artifact
FFT_EfficientNet/output/image_translation/array_03/results/original_model_analysis_plots/combo_plots_Medium_Severity/combo_sample_334.png,combo_sample_334.png,.png,310168,2025-11-17T09:31:39+08:00,FFT_EfficientNet,image,FFT-related artifact
FFT_EfficientNet/output/image_translation/array_03/results/original_model_analysis_plots/combo_plots_Medium_Severity/combo_sample_373.png,combo_sample_373.png,.png,324151,2025-11-17T09:31:38+08:00,FFT_EfficientNet,image,FFT-related artifact
FFT_EfficientNet/output/image_translation/array_03/results/original_model_analysis_plots/combo_plots_Medium_Severity/combo_sample_374.png,combo_sample_374.png,.png,319971,2025-11-17T09:31:39+08:00,FFT_EfficientNet,image,FFT-related artifact
FFT_EfficientNet/output/image_translation/array_03/results/original_model_analysis_plots/combo_plots_Medium_Severity/combo_sample_375.png,combo_sample_375.png,.png,306164,2025-11-17T09:31:38+08:00,FFT_EfficientNet,image,FFT-related artifact
FFT_EfficientNet/output/image_translation/array_03/results/original_model_analysis_plots/combo_plots_Medium_Severity/combo_sample_400.png,combo_sample_400.png,.png,319960,2025-11-17T09:31:38+08:00,FFT_EfficientNet,image,FFT-related artifact
FFT_EfficientNet/output/image_translation/array_03/results/original_model_analysis_plots/combo_plots_Medium_Severity/combo_sample_403.png,combo_sample_403.png,.png,321008,2025-11-17T09:31:39+08:00,FFT_EfficientNet,image,FFT-related artifact
FFT_EfficientNet/output/image_translation/array_03/results/original_model_analysis_plots/combo_plots_Medium_Severity/combo_sample_41.png,combo_sample_41.png,.png,275726,2025-11-17T09:31:38+08:00,FFT_EfficientNet,image,FFT-related artifact
FFT_EfficientNet/output/image_translation/array_03/results/original_model_analysis_plots/combo_plots_Medium_Severity/combo_sample_451.png,combo_sample_451.png,.png,320569,2025-11-17T09:31:39+08:00,FFT_EfficientNet,image,FFT-related artifact
FFT_EfficientNet/output/image_translation/array_03/results/original_model_analysis_plots/combo_plots_Medium_Severity/combo_sample_460.png,combo_sample_460.png,.png,318514,2025-11-17T09:31:39+08:00,FFT_EfficientNet,image,FFT-related artifact
FFT_EfficientNet/output/image_translation/array_03/results/original_model_analysis_plots/combo_plots_Medium_Severity/combo_sample_468.png,combo_sample_468.png,.png,325772,2025-11-17T09:31:39+08:00,FFT_EfficientNet,image,FFT-related artifact
FFT_EfficientNet/output/image_translation/array_03/results/original_model_analysis_plots/combo_plots_Medium_Severity/combo_sample_469.png,combo_sample_469.png,.png,318916,2025-11-17T09:31:39+08:00,FFT_EfficientNet,image,FFT-related artifact
FFT_EfficientNet/output/image_translation/array_03/results/original_model_analysis_plots/combo_plots_Medium_Severity/combo_sample_47.png,combo_sample_47.png,.png,301700,2025-11-17T09:31:39+08:00,FFT_EfficientNet,image,FFT-related artifact
FFT_EfficientNet/output/image_translation/array_03/results/original_model_analysis_plots/combo_plots_Medium_Severity/combo_sample_48.png,combo_sample_48.png,.png,304289,2025-11-17T09:31:39+08:00,FFT_EfficientNet,image,FFT-related artifact
FFT_EfficientNet/output/image_translation/array_03/results/original_model_analysis_plots/combo_plots_Medium_Severity/combo_sample_489.png,combo_sample_489.png,.png,314432,2025-11-17T09:31:39+08:00,FFT_EfficientNet,image,FFT-related artifact
FFT_EfficientNet/output/image_translation/array_03/results/original_model_analysis_plots/combo_plots_Medium_Severity/combo_sample_490.png,combo_sample_490.png,.png,329620,2025-11-17T09:31:39+08:00,FFT_EfficientNet,image,FFT-related artifact
FFT_EfficientNet/output/image_translation/array_03/results/original_model_analysis_plots/combo_plots_Medium_Severity/combo_sample_51.png,combo_sample_51.png,.png,324574,2025-11-17T09:31:39+08:00,FFT_EfficientNet,image,FFT-related artifact
FFT_EfficientNet/output/image_translation/array_03/results/original_model_analysis_plots/combo_plots_Medium_Severity/combo_sample_53.png,combo_sample_53.png,.png,333172,2025-11-17T09:31:39+08:00,FFT_EfficientNet,image,FFT-related artifact
FFT_EfficientNet/output/image_translation/array_03/results/original_model_analysis_plots/combo_plots_Medium_Severity/combo_sample_531.png,combo_sample_531.png,.png,258467,2025-11-17T09:31:15+08:00,FFT_EfficientNet,image,FFT-related artifact
FFT_EfficientNet/output/image_translation/array_03/results/original_model_analysis_plots/combo_plots_Medium_Severity/combo_sample_539.png,combo_sample_539.png,.png,309095,2025-11-17T09:31:39+08:00,FFT_EfficientNet,image,FFT-related artifact
FFT_EfficientNet/output/image_translation/array_03/results/original_model_analysis_plots/combo_plots_Medium_Severity/combo_sample_542.png,combo_sample_542.png,.png,305551,2025-11-17T09:31:39+08:00,FFT_EfficientNet,image,FFT-related artifact
FFT_EfficientNet/output/image_translation/array_03/results/original_model_analysis_plots/combo_plots_Medium_Severity/combo_sample_545.png,combo_sample_545.png,.png,321863,2025-11-17T09:31:39+08:00,FFT_EfficientNet,image,FFT-related artifact
FFT_EfficientNet/output/image_translation/array_03/results/original_model_analysis_plots/combo_plots_Medium_Severity/combo_sample_548.png,combo_sample_548.png,.png,320763,2025-11-17T09:31:39+08:00,FFT_EfficientNet,image,FFT-related artifact
FFT_EfficientNet/output/image_translation/array_03/results/original_model_analysis_plots/combo_plots_Medium_Severity/combo_sample_550.png,combo_sample_550.png,.png,323119,2025-11-17T09:31:39+08:00,FFT_EfficientNet,image,FFT-related artifact
FFT_EfficientNet/output/image_translation/array_03/results/original_model_analysis_plots/combo_plots_Medium_Severity/combo_sample_551.png,combo_sample_551.png,.png,329656,2025-11-17T09:31:39+08:00,FFT_EfficientNet,image,FFT-related artifact
FFT_EfficientNet/output/image_translation/array_03/results/original_model_analysis_plots/combo_plots_Medium_Severity/combo_sample_552.png,combo_sample_552.png,.png,325254,2025-11-17T09:31:39+08:00,FFT_EfficientNet,image,FFT-related artifact
FFT_EfficientNet/output/image_translation/array_03/results/original_model_analysis_plots/combo_plots_Medium_Severity/combo_sample_553.png,combo_sample_553.png,.png,324684,2025-11-17T09:31:39+08:00,FFT_EfficientNet,image,FFT-related artifact
FFT_EfficientNet/output/image_translation/array_03/results/original_model_analysis_plots/combo_plots_Medium_Severity/combo_sample_555.png,combo_sample_555.png,.png,326161,2025-11-17T09:31:39+08:00,FFT_EfficientNet,image,FFT-related artifact
FFT_EfficientNet/output/image_translation/array_03/results/original_model_analysis_plots/combo_plots_Medium_Severity/combo_sample_569.png,combo_sample_569.png,.png,322311,2025-11-17T09:31:39+08:00,FFT_EfficientNet,image,FFT-related artifact
FFT_EfficientNet/output/image_translation/array_03/results/original_model_analysis_plots/combo_plots_Medium_Severity/combo_sample_582.png,combo_sample_582.png,.png,313685,2025-11-17T09:31:39+08:00,FFT_EfficientNet,image,FFT-related artifact
FFT_EfficientNet/output/image_translation/array_03/results/original_model_analysis_plots/combo_plots_Medium_Severity/combo_sample_586.png,combo_sample_586.png,.png,318574,2025-11-17T09:31:39+08:00,FFT_EfficientNet,image,FFT-related artifact
FFT_EfficientNet/output/image_translation/array_03/results/original_model_analysis_plots/combo_plots_Medium_Severity/combo_sample_59.png,combo_sample_59.png,.png,336663,2025-11-17T09:31:39+08:00,FFT_EfficientNet,image,FFT-related artifact
FFT_EfficientNet/output/image_translation/array_03/results/original_model_analysis_plots/combo_plots_Medium_Severity/combo_sample_592.png,combo_sample_592.png,.png,316515,2025-11-17T09:31:39+08:00,FFT_EfficientNet,image,FFT-related artifact
FFT_EfficientNet/output/image_translation/array_03/results/original_model_analysis_plots/combo_plots_Medium_Severity/combo_sample_609.png,combo_sample_609.png,.png,300177,2025-11-17T09:31:39+08:00,FFT_EfficientNet,image,FFT-related artifact
FFT_EfficientNet/output/image_translation/array_03/results/original_model_analysis_plots/combo_plots_Medium_Severity/combo_sample_617.png,combo_sample_617.png,.png,323825,2025-11-17T09:31:39+08:00,FFT_EfficientNet,image,FFT-related artifact
FFT_EfficientNet/output/image_translation/array_03/results/original_model_analysis_plots/combo_plots_Medium_Severity/combo_sample_618.png,combo_sample_618.png,.png,310572,2025-11-17T09:31:39+08:00,FFT_EfficientNet,image,FFT-related artifact
FFT_EfficientNet/output/image_translation/array_03/results/original_model_analysis_plots/combo_plots_Medium_Severity/combo_sample_619.png,combo_sample_619.png,.png,315999,2025-11-17T09:31:39+08:00,FFT_EfficientNet,image,FFT-related artifact
FFT_EfficientNet/output/image_translation/array_03/results/original_model_analysis_plots/combo_plots_Medium_Severity/combo_sample_622.png,combo_sample_622.png,.png,324613,2025-11-17T09:31:39+08:00,FFT_EfficientNet,image,FFT-related artifact
FFT_EfficientNet/output/image_translation/array_03/results/original_model_analysis_plots/combo_plots_Medium_Severity/combo_sample_632.png,combo_sample_632.png,.png,336697,2025-11-17T09:31:39+08:00,FFT_EfficientNet,image,FFT-related artifact
FFT_EfficientNet/output/image_translation/array_03/results/original_model_analysis_plots/combo_plots_Medium_Severity/combo_sample_696.png,combo_sample_696.png,.png,346469,2025-11-17T09:31:39+08:00,FFT_EfficientNet,image,FFT-related artifact
FFT_EfficientNet/output/image_translation/array_03/results/original_model_analysis_plots/combo_plots_Medium_Severity/combo_sample_697.png,combo_sample_697.png,.png,354619,2025-11-17T09:31:39+08:00,FFT_EfficientNet,image,FFT-related artifact
FFT_EfficientNet/output/image_translation/array_03/results/original_model_analysis_plots/combo_plots_Medium_Severity/combo_sample_7.png,combo_sample_7.png,.png,286064,2025-11-17T09:31:39+08:00,FFT_EfficientNet,image,FFT-related artifact
FFT_EfficientNet/output/image_translation/array_03/results/original_model_analysis_plots/combo_plots_Medium_Severity/combo_sample_724.png,combo_sample_724.png,.png,329294,2025-11-17T09:31:40+08:00,FFT_EfficientNet,image,FFT-related artifact
FFT_EfficientNet/output/image_translation/array_03/results/original_model_analysis_plots/combo_plots_Medium_Severity/combo_sample_735.png,combo_sample_735.png,.png,321570,2025-11-17T09:31:39+08:00,FFT_EfficientNet,image,FFT-related artifact
FFT_EfficientNet/output/image_translation/array_03/results/original_model_analysis_plots/combo_plots_Medium_Severity/combo_sample_738.png,combo_sample_738.png,.png,321953,2025-11-17T09:31:39+08:00,FFT_EfficientNet,image,FFT-related artifact
FFT_EfficientNet/output/image_translation/array_03/results/original_model_analysis_plots/combo_plots_Medium_Severity/combo_sample_75.png,combo_sample_75.png,.png,328802,2025-11-17T09:31:40+08:00,FFT_EfficientNet,image,FFT-related artifact
FFT_EfficientNet/output/image_translation/array_03/results/original_model_analysis_plots/combo_plots_Medium_Severity/combo_sample_78.png,combo_sample_78.png,.png,336399,2025-11-17T09:31:40+08:00,FFT_EfficientNet,image,FFT-related artifact
FFT_EfficientNet/output/image_translation/array_03/results/original_model_analysis_plots/combo_plots_Medium_Severity/combo_sample_787.png,combo_sample_787.png,.png,324747,2025-11-17T09:31:40+08:00,FFT_EfficientNet,image,FFT-related artifact
FFT_EfficientNet/output/image_translation/array_03/results/original_model_analysis_plots/combo_plots_Medium_Severity/combo_sample_8.png,combo_sample_8.png,.png,281867,2025-11-17T09:31:40+08:00,FFT_EfficientNet,image,FFT-related artifact
FFT_EfficientNet/output/image_translation/array_03/results/original_model_analysis_plots/combo_plots_Medium_Severity/combo_sample_806.png,combo_sample_806.png,.png,342559,2025-11-17T09:31:40+08:00,FFT_EfficientNet,image,FFT-related artifact
FFT_EfficientNet/output/image_translation/array_03/results/original_model_analysis_plots/combo_plots_Medium_Severity/combo_sample_807.png,combo_sample_807.png,.png,336065,2025-11-17T09:31:40+08:00,FFT_EfficientNet,image,FFT-related artifact
FFT_EfficientNet/output/image_translation/array_03/results/original_model_analysis_plots/combo_plots_Medium_Severity/combo_sample_809.png,combo_sample_809.png,.png,348478,2025-11-17T09:31:40+08:00,FFT_EfficientNet,image,FFT-related artifact
FFT_EfficientNet/output/image_translation/array_03/results/original_model_analysis_plots/combo_plots_Medium_Severity/combo_sample_819.png,combo_sample_819.png,.png,343620,2025-11-17T09:31:40+08:00,FFT_EfficientNet,image,FFT-related artifact
FFT_EfficientNet/output/image_translation/array_03/results/original_model_analysis_plots/combo_plots_Medium_Severity/combo_sample_824.png,combo_sample_824.png,.png,323002,2025-11-17T09:31:40+08:00,FFT_EfficientNet,image,FFT-related artifact
FFT_EfficientNet/output/image_translation/array_03/results/original_model_analysis_plots/combo_plots_Medium_Severity/combo_sample_851.png,combo_sample_851.png,.png,295291,2025-11-17T09:31:40+08:00,FFT_EfficientNet,image,FFT-related artifact
FFT_EfficientNet/output/image_translation/array_03/results/original_model_analysis_plots/combo_plots_Medium_Severity/combo_sample_89.png,combo_sample_89.png,.png,324770,2025-11-17T09:31:40+08:00,FFT_EfficientNet,image,FFT-related artifact
FFT_EfficientNet/output/image_translation/array_03/results/original_model_analysis_plots/combo_plots_Medium_Severity/combo_sample_9.png,combo_sample_9.png,.png,311814,2025-11-17T09:31:40+08:00,FFT_EfficientNet,image,FFT-related artifact
FFT_EfficientNet/output/image_translation/array_03/results/original_model_analysis_plots/combo_plots_Medium_Severity/combo_sample_925.png,combo_sample_925.png,.png,315716,2025-11-17T09:31:40+08:00,FFT_EfficientNet,image,FFT-related artifact
FFT_EfficientNet/output/image_translation/array_03/results/original_model_analysis_plots/combo_plots_Medium_Severity/combo_sample_972.png,combo_sample_972.png,.png,343747,2025-11-17T09:31:40+08:00,FFT_EfficientNet,image,FFT-related artifact
FFT_EfficientNet/output/image_translation/array_03/results/original_model_analysis_plots/combo_plots_Medium_Severity/combo_sample_975.png,combo_sample_975.png,.png,331078,2025-11-17T09:31:40+08:00,FFT_EfficientNet,image,FFT-related artifact
FFT_EfficientNet/output/image_translation/array_03/results/original_model_analysis_plots/combo_plots_Medium_Severity/combo_sample_99.png,combo_sample_99.png,.png,329108,2025-11-17T09:31:40+08:00,FFT_EfficientNet,image,FFT-related artifact
FFT_EfficientNet/output/image_translation/array_03/results/original_model_analysis_plots/combo_plots_Negligible/combo_sample_1001.png,combo_sample_1001.png,.png,296584,2025-11-17T09:31:40+08:00,FFT_EfficientNet,image,FFT-related artifact
FFT_EfficientNet/output/image_translation/array_03/results/original_model_analysis_plots/combo_plots_Negligible/combo_sample_1002.png,combo_sample_1002.png,.png,283075,2025-11-17T09:31:40+08:00,FFT_EfficientNet,image,FFT-related artifact
FFT_EfficientNet/output/image_translation/array_03/results/original_model_analysis_plots/combo_plots_Negligible/combo_sample_1005.png,combo_sample_1005.png,.png,289193,2025-11-17T09:31:40+08:00,FFT_EfficientNet,image,FFT-related artifact
FFT_EfficientNet/output/image_translation/array_03/results/original_model_analysis_plots/combo_plots_Negligible/combo_sample_1007.png,combo_sample_1007.png,.png,302335,2025-11-17T09:31:40+08:00,FFT_EfficientNet,image,FFT-related artifact
FFT_EfficientNet/output/image_translation/array_03/results/original_model_analysis_plots/combo_plots_Negligible/combo_sample_1010.png,combo_sample_1010.png,.png,313906,2025-11-17T09:31:40+08:00,FFT_EfficientNet,image,FFT-related artifact
FFT_EfficientNet/output/image_translation/array_03/results/original_model_analysis_plots/combo_plots_Negligible/combo_sample_1011.png,combo_sample_1011.png,.png,323328,2025-11-17T09:31:40+08:00,FFT_EfficientNet,image,FFT-related artifact
FFT_EfficientNet/output/image_translation/array_03/results/original_model_analysis_plots/combo_plots_Negligible/combo_sample_1014.png,combo_sample_1014.png,.png,284695,2025-11-17T09:31:40+08:00,FFT_EfficientNet,image,FFT-related artifact
FFT_EfficientNet/output/image_translation/array_03/results/original_model_analysis_plots/combo_plots_Negligible/combo_sample_1015.png,combo_sample_1015.png,.png,286255,2025-11-17T09:31:40+08:00,FFT_EfficientNet,image,FFT-related artifact
FFT_EfficientNet/output/image_translation/array_03/results/original_model_analysis_plots/combo_plots_Negligible/combo_sample_1016.png,combo_sample_1016.png,.png,293139,2025-11-17T09:31:40+08:00,FFT_EfficientNet,image,FFT-related artifact
FFT_EfficientNet/output/image_translation/array_03/results/original_model_analysis_plots/combo_plots_Negligible/combo_sample_1019.png,combo_sample_1019.png,.png,274015,2025-11-17T09:31:40+08:00,FFT_EfficientNet,image,FFT-related artifact
FFT_EfficientNet/output/image_translation/array_03/results/original_model_analysis_plots/combo_plots_Negligible/combo_sample_1020.png,combo_sample_1020.png,.png,277038,2025-11-17T09:31:40+08:00,FFT_EfficientNet,image,FFT-related artifact
FFT_EfficientNet/output/image_translation/array_03/results/original_model_analysis_plots/combo_plots_Negligible/combo_sample_1027.png,combo_sample_1027.png,.png,274187,2025-11-17T09:31:40+08:00,FFT_EfficientNet,image,FFT-related artifact
FFT_EfficientNet/output/image_translation/array_03/results/original_model_analysis_plots/combo_plots_Negligible/combo_sample_1028.png,combo_sample_1028.png,.png,297969,2025-11-17T09:31:40+08:00,FFT_EfficientNet,image,FFT-related artifact
FFT_EfficientNet/output/image_translation/array_03/results/original_model_analysis_plots/combo_plots_Negligible/combo_sample_1086.png,combo_sample_1086.png,.png,304536,2025-11-17T09:31:40+08:00,FFT_EfficientNet,image,FFT-related artifact
FFT_EfficientNet/output/image_translation/array_03/results/original_model_analysis_plots/combo_plots_Negligible/combo_sample_1092.png,combo_sample_1092.png,.png,303689,2025-11-17T09:31:40+08:00,FFT_EfficientNet,image,FFT-related artifact
FFT_EfficientNet/output/image_translation/array_03/results/original_model_analysis_plots/combo_plots_Negligible/combo_sample_1120.png,combo_sample_1120.png,.png,307677,2025-11-17T09:31:40+08:00,FFT_EfficientNet,image,FFT-related artifact
FFT_EfficientNet/output/image_translation/array_03/results/original_model_analysis_plots/combo_plots_Negligible/combo_sample_1128.png,combo_sample_1128.png,.png,291948,2025-11-17T09:31:40+08:00,FFT_EfficientNet,image,FFT-related artifact
FFT_EfficientNet/output/image_translation/array_03/results/original_model_analysis_plots/combo_plots_Negligible/combo_sample_1132.png,combo_sample_1132.png,.png,287873,2025-11-17T09:31:40+08:00,FFT_EfficientNet,image,FFT-related artifact
FFT_EfficientNet/output/image_translation/array_03/results/original_model_analysis_plots/combo_plots_Negligible/combo_sample_1133.png,combo_sample_1133.png,.png,296280,2025-11-17T09:31:40+08:00,FFT_EfficientNet,image,FFT-related artifact
FFT_EfficientNet/output/image_translation/array_03/results/original_model_analysis_plots/combo_plots_Negligible/combo_sample_1267.png,combo_sample_1267.png,.png,283993,2025-11-17T09:31:40+08:00,FFT_EfficientNet,image,FFT-related artifact
FFT_EfficientNet/output/image_translation/array_03/results/original_model_analysis_plots/combo_plots_Negligible/combo_sample_1283.png,combo_sample_1283.png,.png,285438,2025-11-17T09:31:41+08:00,FFT_EfficientNet,image,FFT-related artifact
FFT_EfficientNet/output/image_translation/array_03/results/original_model_analysis_plots/combo_plots_Negligible/combo_sample_1291.png,combo_sample_1291.png,.png,263731,2025-11-17T09:31:41+08:00,FFT_EfficientNet,image,FFT-related artifact
FFT_EfficientNet/output/image_translation/array_03/results/original_model_analysis_plots/combo_plots_Negligible/combo_sample_1292.png,combo_sample_1292.png,.png,254781,2025-11-17T09:31:17+08:00,FFT_EfficientNet,image,FFT-related artifact
FFT_EfficientNet/output/image_translation/array_03/results/original_model_analysis_plots/combo_plots_Negligible/combo_sample_131.png,combo_sample_131.png,.png,285134,2025-11-17T09:31:40+08:00,FFT_EfficientNet,image,FFT-related artifact
FFT_EfficientNet/output/image_translation/array_03/results/original_model_analysis_plots/combo_plots_Negligible/combo_sample_1332.png,combo_sample_1332.png,.png,305188,2025-11-17T09:31:41+08:00,FFT_EfficientNet,image,FFT-related artifact
FFT_EfficientNet/output/image_translation/array_03/results/original_model_analysis_plots/combo_plots_Negligible/combo_sample_1333.png,combo_sample_1333.png,.png,305117,2025-11-17T09:31:40+08:00,FFT_EfficientNet,image,FFT-related artifact
FFT_EfficientNet/output/image_translation/array_03/results/original_model_analysis_plots/combo_plots_Negligible/combo_sample_1337.png,combo_sample_1337.png,.png,308320,2025-11-17T09:31:41+08:00,FFT_EfficientNet,image,FFT-related artifact
FFT_EfficientNet/output/image_translation/array_03/results/original_model_analysis_plots/combo_plots_Negligible/combo_sample_1341.png,combo_sample_1341.png,.png,293149,2025-11-17T09:31:41+08:00,FFT_EfficientNet,image,FFT-related artifact
FFT_EfficientNet/output/image_translation/array_03/results/original_model_analysis_plots/combo_plots_Negligible/combo_sample_1344.png,combo_sample_1344.png,.png,302325,2025-11-17T09:31:41+08:00,FFT_EfficientNet,image,FFT-related artifact
FFT_EfficientNet/output/image_translation/array_03/results/original_model_analysis_plots/combo_plots_Negligible/combo_sample_1349.png,combo_sample_1349.png,.png,303248,2025-11-17T09:31:41+08:00,FFT_EfficientNet,image,FFT-related artifact
FFT_EfficientNet/output/image_translation/array_03/results/original_model_analysis_plots/combo_plots_Negligible/combo_sample_1364.png,combo_sample_1364.png,.png,295982,2025-11-17T09:31:41+08:00,FFT_EfficientNet,image,FFT-related artifact
FFT_EfficientNet/output/image_translation/array_03/results/original_model_analysis_plots/combo_plots_Negligible/combo_sample_1369.png,combo_sample_1369.png,.png,305015,2025-11-17T09:31:41+08:00,FFT_EfficientNet,image,FFT-related artifact
FFT_EfficientNet/output/image_translation/array_03/results/original_model_analysis_plots/combo_plots_Negligible/combo_sample_1373.png,combo_sample_1373.png,.png,297655,2025-11-17T09:31:41+08:00,FFT_EfficientNet,image,FFT-related artifact
FFT_EfficientNet/output/image_translation/array_03/results/original_model_analysis_plots/combo_plots_Negligible/combo_sample_1374.png,combo_sample_1374.png,.png,301141,2025-11-17T09:31:41+08:00,FFT_EfficientNet,image,FFT-related artifact
FFT_EfficientNet/output/image_translation/array_03/results/original_model_analysis_plots/combo_plots_Negligible/combo_sample_1481.png,combo_sample_1481.png,.png,302929,2025-11-17T09:31:41+08:00,FFT_EfficientNet,image,FFT-related artifact
FFT_EfficientNet/output/image_translation/array_03/results/original_model_analysis_plots/combo_plots_Negligible/combo_sample_1531.png,combo_sample_1531.png,.png,285751,2025-11-17T09:31:41+08:00,FFT_EfficientNet,image,FFT-related artifact
FFT_EfficientNet/output/image_translation/array_03/results/original_model_analysis_plots/combo_plots_Negligible/combo_sample_1553.png,combo_sample_1553.png,.png,258262,2025-11-17T09:31:17+08:00,FFT_EfficientNet,image,FFT-related artifact
FFT_EfficientNet/output/image_translation/array_03/results/original_model_analysis_plots/combo_plots_Negligible/combo_sample_1555.png,combo_sample_1555.png,.png,264944,2025-11-17T09:31:41+08:00,FFT_EfficientNet,image,FFT-related artifact
FFT_EfficientNet/output/image_translation/array_03/results/original_model_analysis_plots/combo_plots_Negligible/combo_sample_1562.png,combo_sample_1562.png,.png,302816,2025-11-17T09:31:41+08:00,FFT_EfficientNet,image,FFT-related artifact
FFT_EfficientNet/output/image_translation/array_03/results/original_model_analysis_plots/combo_plots_Negligible/combo_sample_1563.png,combo_sample_1563.png,.png,276742,2025-11-17T09:31:41+08:00,FFT_EfficientNet,image,FFT-related artifact
FFT_EfficientNet/output/image_translation/array_03/results/original_model_analysis_plots/combo_plots_Negligible/combo_sample_1566.png,combo_sample_1566.png,.png,283348,2025-11-17T09:31:41+08:00,FFT_EfficientNet,image,FFT-related artifact
FFT_EfficientNet/output/image_translation/array_03/results/original_model_analysis_plots/combo_plots_Negligible/combo_sample_1584.png,combo_sample_1584.png,.png,307754,2025-11-17T09:31:41+08:00,FFT_EfficientNet,image,FFT-related artifact
FFT_EfficientNet/output/image_translation/array_03/results/original_model_analysis_plots/combo_plots_Negligible/combo_sample_1585.png,combo_sample_1585.png,.png,292151,2025-11-17T09:31:41+08:00,FFT_EfficientNet,image,FFT-related artifact
FFT_EfficientNet/output/image_translation/array_03/results/original_model_analysis_plots/combo_plots_Negligible/combo_sample_1587.png,combo_sample_1587.png,.png,315087,2025-11-17T09:31:41+08:00,FFT_EfficientNet,image,FFT-related artifact
FFT_EfficientNet/output/image_translation/array_03/results/original_model_analysis_plots/combo_plots_Negligible/combo_sample_1590.png,combo_sample_1590.png,.png,273896,2025-11-17T09:31:41+08:00,FFT_EfficientNet,image,FFT-related artifact
FFT_EfficientNet/output/image_translation/array_03/results/original_model_analysis_plots/combo_plots_Negligible/combo_sample_1591.png,combo_sample_1591.png,.png,265338,2025-11-17T09:31:41+08:00,FFT_EfficientNet,image,FFT-related artifact
FFT_EfficientNet/output/image_translation/array_03/results/original_model_analysis_plots/combo_plots_Negligible/combo_sample_1612.png,combo_sample_1612.png,.png,302406,2025-11-17T09:31:41+08:00,FFT_EfficientNet,image,FFT-related artifact
FFT_EfficientNet/output/image_translation/array_03/results/original_model_analysis_plots/combo_plots_Negligible/combo_sample_1613.png,combo_sample_1613.png,.png,308919,2025-11-17T09:31:41+08:00,FFT_EfficientNet,image,FFT-related artifact
FFT_EfficientNet/output/image_translation/array_03/results/original_model_analysis_plots/combo_plots_Negligible/combo_sample_1616.png,combo_sample_1616.png,.png,300235,2025-11-17T09:31:41+08:00,FFT_EfficientNet,image,FFT-related artifact
FFT_EfficientNet/output/image_translation/array_03/results/original_model_analysis_plots/combo_plots_Negligible/combo_sample_1621.png,combo_sample_1621.png,.png,300694,2025-11-17T09:31:41+08:00,FFT_EfficientNet,image,FFT-related artifact
FFT_EfficientNet/output/image_translation/array_03/results/original_model_analysis_plots/combo_plots_Negligible/combo_sample_1625.png,combo_sample_1625.png,.png,290965,2025-11-17T09:31:41+08:00,FFT_EfficientNet,image,FFT-related artifact
FFT_EfficientNet/output/image_translation/array_03/results/original_model_analysis_plots/combo_plots_Negligible/combo_sample_1627.png,combo_sample_1627.png,.png,293620,2025-11-17T09:31:41+08:00,FFT_EfficientNet,image,FFT-related artifact
FFT_EfficientNet/output/image_translation/array_03/results/original_model_analysis_plots/combo_plots_Negligible/combo_sample_1628.png,combo_sample_1628.png,.png,289886,2025-11-17T09:31:41+08:00,FFT_EfficientNet,image,FFT-related artifact
FFT_EfficientNet/output/image_translation/array_03/results/original_model_analysis_plots/combo_plots_Negligible/combo_sample_1629.png,combo_sample_1629.png,.png,288538,2025-11-17T09:31:41+08:00,FFT_EfficientNet,image,FFT-related artifact
FFT_EfficientNet/output/image_translation/array_03/results/original_model_analysis_plots/combo_plots_Negligible/combo_sample_1639.png,combo_sample_1639.png,.png,288175,2025-11-17T09:31:41+08:00,FFT_EfficientNet,image,FFT-related artifact
FFT_EfficientNet/output/image_translation/array_03/results/original_model_analysis_plots/combo_plots_Negligible/combo_sample_1641.png,combo_sample_1641.png,.png,298639,2025-11-17T09:31:41+08:00,FFT_EfficientNet,image,FFT-related artifact
FFT_EfficientNet/output/image_translation/array_03/results/original_model_analysis_plots/combo_plots_Negligible/combo_sample_1657.png,combo_sample_1657.png,.png,320285,2025-11-17T09:31:41+08:00,FFT_EfficientNet,image,FFT-related artifact
FFT_EfficientNet/output/image_translation/array_03/results/original_model_analysis_plots/combo_plots_Negligible/combo_sample_1675.png,combo_sample_1675.png,.png,313505,2025-11-17T09:31:41+08:00,FFT_EfficientNet,image,FFT-related artifact
FFT_EfficientNet/output/image_translation/array_03/results/original_model_analysis_plots/combo_plots_Negligible/combo_sample_1678.png,combo_sample_1678.png,.png,319138,2025-11-17T09:31:41+08:00,FFT_EfficientNet,image,FFT-related artifact
FFT_EfficientNet/output/image_translation/array_03/results/original_model_analysis_plots/combo_plots_Negligible/combo_sample_1684.png,combo_sample_1684.png,.png,336475,2025-11-17T09:31:41+08:00,FFT_EfficientNet,image,FFT-related artifact
FFT_EfficientNet/output/image_translation/array_03/results/original_model_analysis_plots/combo_plots_Negligible/combo_sample_1686.png,combo_sample_1686.png,.png,333527,2025-11-17T09:31:42+08:00,FFT_EfficientNet,image,FFT-related artifact
FFT_EfficientNet/output/image_translation/array_03/results/original_model_analysis_plots/combo_plots_Negligible/combo_sample_1689.png,combo_sample_1689.png,.png,311792,2025-11-17T09:31:41+08:00,FFT_EfficientNet,image,FFT-related artifact
FFT_EfficientNet/output/image_translation/array_03/results/original_model_analysis_plots/combo_plots_Negligible/combo_sample_1691.png,combo_sample_1691.png,.png,305952,2025-11-17T09:31:41+08:00,FFT_EfficientNet,image,FFT-related artifact
FFT_EfficientNet/output/image_translation/array_03/results/original_model_analysis_plots/combo_plots_Negligible/combo_sample_1692.png,combo_sample_1692.png,.png,307650,2025-11-17T09:31:41+08:00,FFT_EfficientNet,image,FFT-related artifact
FFT_EfficientNet/output/image_translation/array_03/results/original_model_analysis_plots/combo_plots_Negligible/combo_sample_1694.png,combo_sample_1694.png,.png,295908,2025-11-17T09:31:42+08:00,FFT_EfficientNet,image,FFT-related artifact
FFT_EfficientNet/output/image_translation/array_03/results/original_model_analysis_plots/combo_plots_Negligible/combo_sample_1696.png,combo_sample_1696.png,.png,274769,2025-11-17T09:31:42+08:00,FFT_EfficientNet,image,FFT-related artifact
FFT_EfficientNet/output/image_translation/array_03/results/original_model_analysis_plots/combo_plots_Negligible/combo_sample_1707.png,combo_sample_1707.png,.png,305872,2025-11-17T09:31:42+08:00,FFT_EfficientNet,image,FFT-related artifact
FFT_EfficientNet/output/image_translation/array_03/results/original_model_analysis_plots/combo_plots_Negligible/combo_sample_1715.png,combo_sample_1715.png,.png,301080,2025-11-17T09:31:41+08:00,FFT_EfficientNet,image,FFT-related artifact
FFT_EfficientNet/output/image_translation/array_03/results/original_model_analysis_plots/combo_plots_Negligible/combo_sample_1727.png,combo_sample_1727.png,.png,297974,2025-11-17T09:31:42+08:00,FFT_EfficientNet,image,FFT-related artifact
FFT_EfficientNet/output/image_translation/array_03/results/original_model_analysis_plots/combo_plots_Negligible/combo_sample_1788.png,combo_sample_1788.png,.png,326286,2025-11-17T09:31:42+08:00,FFT_EfficientNet,image,FFT-related artifact
FFT_EfficientNet/output/image_translation/array_03/results/original_model_analysis_plots/combo_plots_Negligible/combo_sample_1793.png,combo_sample_1793.png,.png,330044,2025-11-17T09:31:42+08:00,FFT_EfficientNet,image,FFT-related artifact
FFT_EfficientNet/output/image_translation/array_03/results/original_model_analysis_plots/combo_plots_Negligible/combo_sample_1800.png,combo_sample_1800.png,.png,308436,2025-11-17T09:31:42+08:00,FFT_EfficientNet,image,FFT-related artifact
FFT_EfficientNet/output/image_translation/array_03/results/original_model_analysis_plots/combo_plots_Negligible/combo_sample_1801.png,combo_sample_1801.png,.png,312305,2025-11-17T09:31:42+08:00,FFT_EfficientNet,image,FFT-related artifact
FFT_EfficientNet/output/image_translation/array_03/results/original_model_analysis_plots/combo_plots_Negligible/combo_sample_1806.png,combo_sample_1806.png,.png,319366,2025-11-17T09:31:42+08:00,FFT_EfficientNet,image,FFT-related artifact
FFT_EfficientNet/output/image_translation/array_03/results/original_model_analysis_plots/combo_plots_Negligible/combo_sample_1807.png,combo_sample_1807.png,.png,312533,2025-11-17T09:31:42+08:00,FFT_EfficientNet,image,FFT-related artifact
FFT_EfficientNet/output/image_translation/array_03/results/original_model_analysis_plots/combo_plots_Negligible/combo_sample_1808.png,combo_sample_1808.png,.png,310278,2025-11-17T09:31:42+08:00,FFT_EfficientNet,image,FFT-related artifact
FFT_EfficientNet/output/image_translation/array_03/results/original_model_analysis_plots/combo_plots_Negligible/combo_sample_1810.png,combo_sample_1810.png,.png,315133,2025-11-17T09:31:42+08:00,FFT_EfficientNet,image,FFT-related artifact
FFT_EfficientNet/output/image_translation/array_03/results/original_model_analysis_plots/combo_plots_Negligible/combo_sample_1811.png,combo_sample_1811.png,.png,315504,2025-11-17T09:31:42+08:00,FFT_EfficientNet,image,FFT-related artifact
FFT_EfficientNet/output/image_translation/array_03/results/original_model_analysis_plots/combo_plots_Negligible/combo_sample_1813.png,combo_sample_1813.png,.png,313594,2025-11-17T09:31:42+08:00,FFT_EfficientNet,image,FFT-related artifact
FFT_EfficientNet/output/image_translation/array_03/results/original_model_analysis_plots/combo_plots_Negligible/combo_sample_1814.png,combo_sample_1814.png,.png,316727,2025-11-17T09:31:42+08:00,FFT_EfficientNet,image,FFT-related artifact
FFT_EfficientNet/output/image_translation/array_03/results/original_model_analysis_plots/combo_plots_Negligible/combo_sample_1841.png,combo_sample_1841.png,.png,325670,2025-11-17T09:31:42+08:00,FFT_EfficientNet,image,FFT-related artifact
FFT_EfficientNet/output/image_translation/array_03/results/original_model_analysis_plots/combo_plots_Negligible/combo_sample_1874.png,combo_sample_1874.png,.png,349091,2025-11-17T09:31:42+08:00,FFT_EfficientNet,image,FFT-related artifact
FFT_EfficientNet/output/image_translation/array_03/results/original_model_analysis_plots/combo_plots_Negligible/combo_sample_1876.png,combo_sample_1876.png,.png,316072,2025-11-17T09:31:42+08:00,FFT_EfficientNet,image,FFT-related artifact
FFT_EfficientNet/output/image_translation/array_03/results/original_model_analysis_plots/combo_plots_Negligible/combo_sample_1880.png,combo_sample_1880.png,.png,322320,2025-11-17T09:31:42+08:00,FFT_EfficientNet,image,FFT-related artifact
FFT_EfficientNet/output/image_translation/array_03/results/original_model_analysis_plots/combo_plots_Negligible/combo_sample_1889.png,combo_sample_1889.png,.png,325207,2025-11-17T09:31:42+08:00,FFT_EfficientNet,image,FFT-related artifact
FFT_EfficientNet/output/image_translation/array_03/results/original_model_analysis_plots/combo_plots_Negligible/combo_sample_1896.png,combo_sample_1896.png,.png,318557,2025-11-17T09:31:42+08:00,FFT_EfficientNet,image,FFT-related artifact
FFT_EfficientNet/output/image_translation/array_03/results/original_model_analysis_plots/combo_plots_Negligible/combo_sample_1905.png,combo_sample_1905.png,.png,298372,2025-11-17T09:31:42+08:00,FFT_EfficientNet,image,FFT-related artifact
FFT_EfficientNet/output/image_translation/array_03/results/original_model_analysis_plots/combo_plots_Negligible/combo_sample_1909.png,combo_sample_1909.png,.png,293524,2025-11-17T09:31:42+08:00,FFT_EfficientNet,image,FFT-related artifact
FFT_EfficientNet/output/image_translation/array_03/results/original_model_analysis_plots/combo_plots_Negligible/combo_sample_1912.png,combo_sample_1912.png,.png,279758,2025-11-17T09:31:42+08:00,FFT_EfficientNet,image,FFT-related artifact
FFT_EfficientNet/output/image_translation/array_03/results/original_model_analysis_plots/combo_plots_Negligible/combo_sample_1913.png,combo_sample_1913.png,.png,289554,2025-11-17T09:31:42+08:00,FFT_EfficientNet,image,FFT-related artifact
FFT_EfficientNet/output/image_translation/array_03/results/original_model_analysis_plots/combo_plots_Negligible/combo_sample_1920.png,combo_sample_1920.png,.png,320894,2025-11-17T09:31:42+08:00,FFT_EfficientNet,image,FFT-related artifact
FFT_EfficientNet/output/image_translation/array_03/results/original_model_analysis_plots/combo_plots_Negligible/combo_sample_1928.png,combo_sample_1928.png,.png,321979,2025-11-17T09:31:42+08:00,FFT_EfficientNet,image,FFT-related artifact
FFT_EfficientNet/output/image_translation/array_03/results/original_model_analysis_plots/combo_plots_Negligible/combo_sample_1929.png,combo_sample_1929.png,.png,319064,2025-11-17T09:31:42+08:00,FFT_EfficientNet,image,FFT-related artifact
FFT_EfficientNet/output/image_translation/array_03/results/original_model_analysis_plots/combo_plots_Negligible/combo_sample_1939.png,combo_sample_1939.png,.png,311361,2025-11-17T09:31:42+08:00,FFT_EfficientNet,image,FFT-related artifact
FFT_EfficientNet/output/image_translation/array_03/results/original_model_analysis_plots/combo_plots_Negligible/combo_sample_1963.png,combo_sample_1963.png,.png,304823,2025-11-17T09:31:42+08:00,FFT_EfficientNet,image,FFT-related artifact
FFT_EfficientNet/output/image_translation/array_03/results/original_model_analysis_plots/combo_plots_Negligible/combo_sample_1966.png,combo_sample_1966.png,.png,281371,2025-11-17T09:31:42+08:00,FFT_EfficientNet,image,FFT-related artifact
FFT_EfficientNet/output/image_translation/array_03/results/original_model_analysis_plots/combo_plots_Negligible/combo_sample_1967.png,combo_sample_1967.png,.png,290774,2025-11-17T09:31:43+08:00,FFT_EfficientNet,image,FFT-related artifact
FFT_EfficientNet/output/image_translation/array_03/results/original_model_analysis_plots/combo_plots_Negligible/combo_sample_1969.png,combo_sample_1969.png,.png,309558,2025-11-17T09:31:42+08:00,FFT_EfficientNet,image,FFT-related artifact
FFT_EfficientNet/output/image_translation/array_03/results/original_model_analysis_plots/combo_plots_Negligible/combo_sample_1971.png,combo_sample_1971.png,.png,303520,2025-11-17T09:31:42+08:00,FFT_EfficientNet,image,FFT-related artifact
FFT_EfficientNet/output/image_translation/array_03/results/original_model_analysis_plots/combo_plots_Negligible/combo_sample_1984.png,combo_sample_1984.png,.png,328567,2025-11-17T09:31:42+08:00,FFT_EfficientNet,image,FFT-related artifact
FFT_EfficientNet/output/image_translation/array_03/results/original_model_analysis_plots/combo_plots_Negligible/combo_sample_1986.png,combo_sample_1986.png,.png,307438,2025-11-17T09:31:42+08:00,FFT_EfficientNet,image,FFT-related artifact
FFT_EfficientNet/output/image_translation/array_03/results/original_model_analysis_plots/combo_plots_Negligible/combo_sample_1988.png,combo_sample_1988.png,.png,309697,2025-11-17T09:31:42+08:00,FFT_EfficientNet,image,FFT-related artifact
FFT_EfficientNet/output/image_translation/array_03/results/original_model_analysis_plots/combo_plots_Negligible/combo_sample_2025.png,combo_sample_2025.png,.png,292821,2025-11-17T09:31:42+08:00,FFT_EfficientNet,image,FFT-related artifact
FFT_EfficientNet/output/image_translation/array_03/results/original_model_analysis_plots/combo_plots_Negligible/combo_sample_2047.png,combo_sample_2047.png,.png,311482,2025-11-17T09:31:42+08:00,FFT_EfficientNet,image,FFT-related artifact
FFT_EfficientNet/output/image_translation/array_03/results/original_model_analysis_plots/combo_plots_Negligible/combo_sample_2050.png,combo_sample_2050.png,.png,314524,2025-11-17T09:31:42+08:00,FFT_EfficientNet,image,FFT-related artifact
FFT_EfficientNet/output/image_translation/array_03/results/original_model_analysis_plots/combo_plots_Negligible/combo_sample_2051.png,combo_sample_2051.png,.png,315464,2025-11-17T09:31:43+08:00,FFT_EfficientNet,image,FFT-related artifact
FFT_EfficientNet/output/image_translation/array_03/results/original_model_analysis_plots/combo_plots_Negligible/combo_sample_2054.png,combo_sample_2054.png,.png,291969,2025-11-17T09:31:43+08:00,FFT_EfficientNet,image,FFT-related artifact
FFT_EfficientNet/output/image_translation/array_03/results/original_model_analysis_plots/combo_plots_Negligible/combo_sample_2055.png,combo_sample_2055.png,.png,301451,2025-11-17T09:31:43+08:00,FFT_EfficientNet,image,FFT-related artifact
FFT_EfficientNet/output/image_translation/array_03/results/original_model_analysis_plots/combo_plots_Negligible/combo_sample_2061.png,combo_sample_2061.png,.png,309213,2025-11-17T09:31:43+08:00,FFT_EfficientNet,image,FFT-related artifact
FFT_EfficientNet/output/image_translation/array_03/results/original_model_analysis_plots/combo_plots_Negligible/combo_sample_2076.png,combo_sample_2076.png,.png,306653,2025-11-17T09:31:43+08:00,FFT_EfficientNet,image,FFT-related artifact
FFT_EfficientNet/output/image_translation/array_03/results/original_model_analysis_plots/combo_plots_Negligible/combo_sample_2082.png,combo_sample_2082.png,.png,295573,2025-11-17T09:31:43+08:00,FFT_EfficientNet,image,FFT-related artifact
FFT_EfficientNet/output/image_translation/array_03/results/original_model_analysis_plots/combo_plots_Negligible/combo_sample_2083.png,combo_sample_2083.png,.png,296418,2025-11-17T09:31:43+08:00,FFT_EfficientNet,image,FFT-related artifact
FFT_EfficientNet/output/image_translation/array_03/results/original_model_analysis_plots/combo_plots_Negligible/combo_sample_2084.png,combo_sample_2084.png,.png,296903,2025-11-17T09:31:43+08:00,FFT_EfficientNet,image,FFT-related artifact
FFT_EfficientNet/output/image_translation/array_03/results/original_model_analysis_plots/combo_plots_Negligible/combo_sample_2104.png,combo_sample_2104.png,.png,298528,2025-11-17T09:31:43+08:00,FFT_EfficientNet,image,FFT-related artifact
FFT_EfficientNet/output/image_translation/array_03/results/original_model_analysis_plots/combo_plots_Negligible/combo_sample_2106.png,combo_sample_2106.png,.png,301573,2025-11-17T09:31:43+08:00,FFT_EfficientNet,image,FFT-related artifact
FFT_EfficientNet/output/image_translation/array_03/results/original_model_analysis_plots/combo_plots_Negligible/combo_sample_2117.png,combo_sample_2117.png,.png,288996,2025-11-17T09:31:43+08:00,FFT_EfficientNet,image,FFT-related artifact
FFT_EfficientNet/output/image_translation/array_03/results/original_model_analysis_plots/combo_plots_Negligible/combo_sample_2123.png,combo_sample_2123.png,.png,301990,2025-11-17T09:31:43+08:00,FFT_EfficientNet,image,FFT-related artifact
FFT_EfficientNet/output/image_translation/array_03/results/original_model_analysis_plots/combo_plots_Negligible/combo_sample_2128.png,combo_sample_2128.png,.png,297324,2025-11-17T09:31:43+08:00,FFT_EfficientNet,image,FFT-related artifact
FFT_EfficientNet/output/image_translation/array_03/results/original_model_analysis_plots/combo_plots_Negligible/combo_sample_2145.png,combo_sample_2145.png,.png,307920,2025-11-17T09:31:43+08:00,FFT_EfficientNet,image,FFT-related artifact
FFT_EfficientNet/output/image_translation/array_03/results/original_model_analysis_plots/combo_plots_Negligible/combo_sample_2148.png,combo_sample_2148.png,.png,330259,2025-11-17T09:31:43+08:00,FFT_EfficientNet,image,FFT-related artifact
FFT_EfficientNet/output/image_translation/array_03/results/original_model_analysis_plots/combo_plots_Negligible/combo_sample_2156.png,combo_sample_2156.png,.png,318731,2025-11-17T09:31:43+08:00,FFT_EfficientNet,image,FFT-related artifact
FFT_EfficientNet/output/image_translation/array_03/results/original_model_analysis_plots/combo_plots_Negligible/combo_sample_2162.png,combo_sample_2162.png,.png,308044,2025-11-17T09:31:43+08:00,FFT_EfficientNet,image,FFT-related artifact
FFT_EfficientNet/output/image_translation/array_03/results/original_model_analysis_plots/combo_plots_Negligible/combo_sample_2191.png,combo_sample_2191.png,.png,319087,2025-11-17T09:31:43+08:00,FFT_EfficientNet,image,FFT-related artifact
FFT_EfficientNet/output/image_translation/array_03/results/original_model_analysis_plots/combo_plots_Negligible/combo_sample_2195.png,combo_sample_2195.png,.png,316392,2025-11-17T09:31:43+08:00,FFT_EfficientNet,image,FFT-related artifact
FFT_EfficientNet/output/image_translation/array_03/results/original_model_analysis_plots/combo_plots_Negligible/combo_sample_2224.png,combo_sample_2224.png,.png,325831,2025-11-17T09:31:43+08:00,FFT_EfficientNet,image,FFT-related artifact
FFT_EfficientNet/output/image_translation/array_03/results/original_model_analysis_plots/combo_plots_Negligible/combo_sample_2226.png,combo_sample_2226.png,.png,318089,2025-11-17T09:31:43+08:00,FFT_EfficientNet,image,FFT-related artifact
FFT_EfficientNet/output/image_translation/array_03/results/original_model_analysis_plots/combo_plots_Negligible/combo_sample_2238.png,combo_sample_2238.png,.png,311114,2025-11-17T09:31:43+08:00,FFT_EfficientNet,image,FFT-related artifact
FFT_EfficientNet/output/image_translation/array_03/results/original_model_analysis_plots/combo_plots_Negligible/combo_sample_2242.png,combo_sample_2242.png,.png,311003,2025-11-17T09:31:43+08:00,FFT_EfficientNet,image,FFT-related artifact
FFT_EfficientNet/output/image_translation/array_03/results/original_model_analysis_plots/combo_plots_Negligible/combo_sample_2247.png,combo_sample_2247.png,.png,287994,2025-11-17T09:31:43+08:00,FFT_EfficientNet,image,FFT-related artifact
FFT_EfficientNet/output/image_translation/array_03/results/original_model_analysis_plots/combo_plots_Negligible/combo_sample_2253.png,combo_sample_2253.png,.png,252363,2025-11-17T09:31:20+08:00,FFT_EfficientNet,image,FFT-related artifact
FFT_EfficientNet/output/image_translation/array_03/results/original_model_analysis_plots/combo_plots_Negligible/combo_sample_2254.png,combo_sample_2254.png,.png,255857,2025-11-17T09:31:20+08:00,FFT_EfficientNet,image,FFT-related artifact
FFT_EfficientNet/output/image_translation/array_03/results/original_model_analysis_plots/combo_plots_Negligible/combo_sample_2262.png,combo_sample_2262.png,.png,273924,2025-11-17T09:31:43+08:00,FFT_EfficientNet,image,FFT-related artifact
FFT_EfficientNet/output/image_translation/array_03/results/original_model_analysis_plots/combo_plots_Negligible/combo_sample_2264.png,combo_sample_2264.png,.png,275641,2025-11-17T09:31:43+08:00,FFT_EfficientNet,image,FFT-related artifact
FFT_EfficientNet/output/image_translation/array_03/results/original_model_analysis_plots/combo_plots_Negligible/combo_sample_2266.png,combo_sample_2266.png,.png,301664,2025-11-17T09:31:43+08:00,FFT_EfficientNet,image,FFT-related artifact
FFT_EfficientNet/output/image_translation/array_03/results/original_model_analysis_plots/combo_plots_Negligible/combo_sample_2269.png,combo_sample_2269.png,.png,284258,2025-11-17T09:31:43+08:00,FFT_EfficientNet,image,FFT-related artifact
FFT_EfficientNet/output/image_translation/array_03/results/original_model_analysis_plots/combo_plots_Negligible/combo_sample_2270.png,combo_sample_2270.png,.png,293535,2025-11-17T09:31:43+08:00,FFT_EfficientNet,image,FFT-related artifact
FFT_EfficientNet/output/image_translation/array_03/results/original_model_analysis_plots/combo_plots_Negligible/combo_sample_2271.png,combo_sample_2271.png,.png,293837,2025-11-17T09:31:43+08:00,FFT_EfficientNet,image,FFT-related artifact
FFT_EfficientNet/output/image_translation/array_03/results/original_model_analysis_plots/combo_plots_Negligible/combo_sample_2276.png,combo_sample_2276.png,.png,291560,2025-11-17T09:31:43+08:00,FFT_EfficientNet,image,FFT-related artifact
FFT_EfficientNet/output/image_translation/array_03/results/original_model_analysis_plots/combo_plots_Negligible/combo_sample_2301.png,combo_sample_2301.png,.png,285765,2025-11-17T09:31:43+08:00,FFT_EfficientNet,image,FFT-related artifact
FFT_EfficientNet/output/image_translation/array_03/results/original_model_analysis_plots/combo_plots_Negligible/combo_sample_2304.png,combo_sample_2304.png,.png,314095,2025-11-17T09:31:43+08:00,FFT_EfficientNet,image,FFT-related artifact
FFT_EfficientNet/output/image_translation/array_03/results/original_model_analysis_plots/combo_plots_Negligible/combo_sample_2306.png,combo_sample_2306.png,.png,308179,2025-11-17T09:31:43+08:00,FFT_EfficientNet,image,FFT-related artifact
FFT_EfficientNet/output/image_translation/array_03/results/original_model_analysis_plots/combo_plots_Negligible/combo_sample_2312.png,combo_sample_2312.png,.png,314909,2025-11-17T09:31:44+08:00,FFT_EfficientNet,image,FFT-related artifact
FFT_EfficientNet/output/image_translation/array_03/results/original_model_analysis_plots/combo_plots_Negligible/combo_sample_2321.png,combo_sample_2321.png,.png,282961,2025-11-17T09:31:43+08:00,FFT_EfficientNet,image,FFT-related artifact
FFT_EfficientNet/output/image_translation/array_03/results/original_model_analysis_plots/combo_plots_Negligible/combo_sample_2322.png,combo_sample_2322.png,.png,284082,2025-11-17T09:31:43+08:00,FFT_EfficientNet,image,FFT-related artifact
FFT_EfficientNet/output/image_translation/array_03/results/original_model_analysis_plots/combo_plots_Negligible/combo_sample_2324.png,combo_sample_2324.png,.png,277479,2025-11-17T09:31:44+08:00,FFT_EfficientNet,image,FFT-related artifact
FFT_EfficientNet/output/image_translation/array_03/results/original_model_analysis_plots/combo_plots_Negligible/combo_sample_2326.png,combo_sample_2326.png,.png,285523,2025-11-17T09:31:43+08:00,FFT_EfficientNet,image,FFT-related artifact
FFT_EfficientNet/output/image_translation/array_03/results/original_model_analysis_plots/combo_plots_Negligible/combo_sample_2343.png,combo_sample_2343.png,.png,299890,2025-11-17T09:31:44+08:00,FFT_EfficientNet,image,FFT-related artifact
FFT_EfficientNet/output/image_translation/array_03/results/original_model_analysis_plots/combo_plots_Negligible/combo_sample_2344.png,combo_sample_2344.png,.png,301046,2025-11-17T09:31:43+08:00,FFT_EfficientNet,image,FFT-related artifact
FFT_EfficientNet/output/image_translation/array_03/results/original_model_analysis_plots/combo_plots_Negligible/combo_sample_2351.png,combo_sample_2351.png,.png,325057,2025-11-17T09:31:44+08:00,FFT_EfficientNet,image,FFT-related artifact
FFT_EfficientNet/output/image_translation/array_03/results/original_model_analysis_plots/combo_plots_Negligible/combo_sample_2402.png,combo_sample_2402.png,.png,295924,2025-11-17T09:31:44+08:00,FFT_EfficientNet,image,FFT-related artifact
FFT_EfficientNet/output/image_translation/array_03/results/original_model_analysis_plots/combo_plots_Negligible/combo_sample_2404.png,combo_sample_2404.png,.png,303458,2025-11-17T09:31:44+08:00,FFT_EfficientNet,image,FFT-related artifact
FFT_EfficientNet/output/image_translation/array_03/results/original_model_analysis_plots/combo_plots_Negligible/combo_sample_2407.png,combo_sample_2407.png,.png,300483,2025-11-17T09:31:44+08:00,FFT_EfficientNet,image,FFT-related artifact
FFT_EfficientNet/output/image_translation/array_03/results/original_model_analysis_plots/combo_plots_Negligible/combo_sample_2420.png,combo_sample_2420.png,.png,319031,2025-11-17T09:31:44+08:00,FFT_EfficientNet,image,FFT-related artifact
FFT_EfficientNet/output/image_translation/array_03/results/original_model_analysis_plots/combo_plots_Negligible/combo_sample_2425.png,combo_sample_2425.png,.png,319411,2025-11-17T09:31:44+08:00,FFT_EfficientNet,image,FFT-related artifact
FFT_EfficientNet/output/image_translation/array_03/results/original_model_analysis_plots/combo_plots_Negligible/combo_sample_2428.png,combo_sample_2428.png,.png,334668,2025-11-17T09:31:44+08:00,FFT_EfficientNet,image,FFT-related artifact
FFT_EfficientNet/output/image_translation/array_03/results/original_model_analysis_plots/combo_plots_Negligible/combo_sample_2430.png,combo_sample_2430.png,.png,332368,2025-11-17T09:31:44+08:00,FFT_EfficientNet,image,FFT-related artifact
FFT_EfficientNet/output/image_translation/array_03/results/original_model_analysis_plots/combo_plots_Negligible/combo_sample_2431.png,combo_sample_2431.png,.png,329418,2025-11-17T09:31:44+08:00,FFT_EfficientNet,image,FFT-related artifact
FFT_EfficientNet/output/image_translation/array_03/results/original_model_analysis_plots/combo_plots_Negligible/combo_sample_2451.png,combo_sample_2451.png,.png,304820,2025-11-17T09:31:44+08:00,FFT_EfficientNet,image,FFT-related artifact
FFT_EfficientNet/output/image_translation/array_03/results/original_model_analysis_plots/combo_plots_Negligible/combo_sample_2471.png,combo_sample_2471.png,.png,325970,2025-11-17T09:31:44+08:00,FFT_EfficientNet,image,FFT-related artifact
FFT_EfficientNet/output/image_translation/array_03/results/original_model_analysis_plots/combo_plots_Negligible/combo_sample_2474.png,combo_sample_2474.png,.png,319929,2025-11-17T09:31:44+08:00,FFT_EfficientNet,image,FFT-related artifact
FFT_EfficientNet/output/image_translation/array_03/results/original_model_analysis_plots/combo_plots_Negligible/combo_sample_2476.png,combo_sample_2476.png,.png,293130,2025-11-17T09:31:44+08:00,FFT_EfficientNet,image,FFT-related artifact
FFT_EfficientNet/output/image_translation/array_03/results/original_model_analysis_plots/combo_plots_Negligible/combo_sample_2479.png,combo_sample_2479.png,.png,314077,2025-11-17T09:31:44+08:00,FFT_EfficientNet,image,FFT-related artifact
FFT_EfficientNet/output/image_translation/array_03/results/original_model_analysis_plots/combo_plots_Negligible/combo_sample_2480.png,combo_sample_2480.png,.png,317843,2025-11-17T09:31:44+08:00,FFT_EfficientNet,image,FFT-related artifact
FFT_EfficientNet/output/image_translation/array_03/results/original_model_analysis_plots/combo_plots_Negligible/combo_sample_2484.png,combo_sample_2484.png,.png,328810,2025-11-17T09:31:44+08:00,FFT_EfficientNet,image,FFT-related artifact
FFT_EfficientNet/output/image_translation/array_03/results/original_model_analysis_plots/combo_plots_Negligible/combo_sample_2530.png,combo_sample_2530.png,.png,294915,2025-11-17T09:31:44+08:00,FFT_EfficientNet,image,FFT-related artifact
FFT_EfficientNet/output/image_translation/array_03/results/original_model_analysis_plots/combo_plots_Negligible/combo_sample_2532.png,combo_sample_2532.png,.png,299667,2025-11-17T09:31:44+08:00,FFT_EfficientNet,image,FFT-related artifact
FFT_EfficientNet/output/image_translation/array_03/results/original_model_analysis_plots/combo_plots_Negligible/combo_sample_2536.png,combo_sample_2536.png,.png,294734,2025-11-17T09:31:44+08:00,FFT_EfficientNet,image,FFT-related artifact
FFT_EfficientNet/output/image_translation/array_03/results/original_model_analysis_plots/combo_plots_Negligible/combo_sample_2566.png,combo_sample_2566.png,.png,306060,2025-11-17T09:31:44+08:00,FFT_EfficientNet,image,FFT-related artifact
FFT_EfficientNet/output/image_translation/array_03/results/original_model_analysis_plots/combo_plots_Negligible/combo_sample_2574.png,combo_sample_2574.png,.png,295588,2025-11-17T09:31:44+08:00,FFT_EfficientNet,image,FFT-related artifact
FFT_EfficientNet/output/image_translation/array_03/results/original_model_analysis_plots/combo_plots_Negligible/combo_sample_2636.png,combo_sample_2636.png,.png,303117,2025-11-17T09:31:44+08:00,FFT_EfficientNet,image,FFT-related artifact
FFT_EfficientNet/output/image_translation/array_03/results/original_model_analysis_plots/combo_plots_Negligible/combo_sample_2641.png,combo_sample_2641.png,.png,297172,2025-11-17T09:31:44+08:00,FFT_EfficientNet,image,FFT-related artifact
FFT_EfficientNet/output/image_translation/array_03/results/original_model_analysis_plots/combo_plots_Negligible/combo_sample_2642.png,combo_sample_2642.png,.png,295441,2025-11-17T09:31:44+08:00,FFT_EfficientNet,image,FFT-related artifact
FFT_EfficientNet/output/image_translation/array_03/results/original_model_analysis_plots/combo_plots_Negligible/combo_sample_2645.png,combo_sample_2645.png,.png,300463,2025-11-17T09:31:44+08:00,FFT_EfficientNet,image,FFT-related artifact
FFT_EfficientNet/output/image_translation/array_03/results/original_model_analysis_plots/combo_plots_Negligible/combo_sample_2648.png,combo_sample_2648.png,.png,323427,2025-11-17T09:31:44+08:00,FFT_EfficientNet,image,FFT-related artifact
FFT_EfficientNet/output/image_translation/array_03/results/original_model_analysis_plots/combo_plots_Negligible/combo_sample_2650.png,combo_sample_2650.png,.png,301398,2025-11-17T09:31:44+08:00,FFT_EfficientNet,image,FFT-related artifact
FFT_EfficientNet/output/image_translation/array_03/results/original_model_analysis_plots/combo_plots_Negligible/combo_sample_2651.png,combo_sample_2651.png,.png,302635,2025-11-17T09:31:44+08:00,FFT_EfficientNet,image,FFT-related artifact
FFT_EfficientNet/output/image_translation/array_03/results/original_model_analysis_plots/combo_plots_Negligible/combo_sample_2654.png,combo_sample_2654.png,.png,284728,2025-11-17T09:31:44+08:00,FFT_EfficientNet,image,FFT-related artifact
FFT_EfficientNet/output/image_translation/array_03/results/original_model_analysis_plots/combo_plots_Negligible/combo_sample_2657.png,combo_sample_2657.png,.png,287813,2025-11-17T09:31:44+08:00,FFT_EfficientNet,image,FFT-related artifact
FFT_EfficientNet/output/image_translation/array_03/results/original_model_analysis_plots/combo_plots_Negligible/combo_sample_2659.png,combo_sample_2659.png,.png,269001,2025-11-17T09:31:44+08:00,FFT_EfficientNet,image,FFT-related artifact
FFT_EfficientNet/output/image_translation/array_03/results/original_model_analysis_plots/combo_plots_Negligible/combo_sample_2660.png,combo_sample_2660.png,.png,293869,2025-11-17T09:31:44+08:00,FFT_EfficientNet,image,FFT-related artifact
FFT_EfficientNet/output/image_translation/array_03/results/original_model_analysis_plots/combo_plots_Negligible/combo_sample_2661.png,combo_sample_2661.png,.png,294205,2025-11-17T09:31:44+08:00,FFT_EfficientNet,image,FFT-related artifact
FFT_EfficientNet/output/image_translation/array_03/results/original_model_analysis_plots/combo_plots_Negligible/combo_sample_2665.png,combo_sample_2665.png,.png,287887,2025-11-17T09:31:44+08:00,FFT_EfficientNet,image,FFT-related artifact
FFT_EfficientNet/output/image_translation/array_03/results/original_model_analysis_plots/combo_plots_Negligible/combo_sample_2670.png,combo_sample_2670.png,.png,296114,2025-11-17T09:31:44+08:00,FFT_EfficientNet,image,FFT-related artifact
FFT_EfficientNet/output/image_translation/array_03/results/original_model_analysis_plots/combo_plots_Negligible/combo_sample_2676.png,combo_sample_2676.png,.png,298353,2025-11-17T09:31:45+08:00,FFT_EfficientNet,image,FFT-related artifact
FFT_EfficientNet/output/image_translation/array_03/results/original_model_analysis_plots/combo_plots_Negligible/combo_sample_2677.png,combo_sample_2677.png,.png,295121,2025-11-17T09:31:44+08:00,FFT_EfficientNet,image,FFT-related artifact
FFT_EfficientNet/output/image_translation/array_03/results/original_model_analysis_plots/combo_plots_Negligible/combo_sample_2681.png,combo_sample_2681.png,.png,264218,2025-11-17T09:31:44+08:00,FFT_EfficientNet,image,FFT-related artifact
FFT_EfficientNet/output/image_translation/array_03/results/original_model_analysis_plots/combo_plots_Negligible/combo_sample_2682.png,combo_sample_2682.png,.png,261934,2025-11-17T09:31:22+08:00,FFT_EfficientNet,image,FFT-related artifact
FFT_EfficientNet/output/image_translation/array_03/results/original_model_analysis_plots/combo_plots_Negligible/combo_sample_2683.png,combo_sample_2683.png,.png,261575,2025-11-17T09:31:22+08:00,FFT_EfficientNet,image,FFT-related artifact
FFT_EfficientNet/output/image_translation/array_03/results/original_model_analysis_plots/combo_plots_Negligible/combo_sample_2686.png,combo_sample_2686.png,.png,254024,2025-11-17T09:31:22+08:00,FFT_EfficientNet,image,FFT-related artifact
FFT_EfficientNet/output/image_translation/array_03/results/original_model_analysis_plots/combo_plots_Negligible/combo_sample_2694.png,combo_sample_2694.png,.png,257169,2025-11-17T09:31:22+08:00,FFT_EfficientNet,image,FFT-related artifact
FFT_EfficientNet/output/image_translation/array_03/results/original_model_analysis_plots/combo_plots_Negligible/combo_sample_2696.png,combo_sample_2696.png,.png,253497,2025-11-17T09:31:22+08:00,FFT_EfficientNet,image,FFT-related artifact
FFT_EfficientNet/output/image_translation/array_03/results/original_model_analysis_plots/combo_plots_Negligible/combo_sample_2697.png,combo_sample_2697.png,.png,251588,2025-11-17T09:31:22+08:00,FFT_EfficientNet,image,FFT-related artifact
FFT_EfficientNet/output/image_translation/array_03/results/original_model_analysis_plots/combo_plots_Negligible/combo_sample_2702.png,combo_sample_2702.png,.png,256307,2025-11-17T09:31:22+08:00,FFT_EfficientNet,image,FFT-related artifact
FFT_EfficientNet/output/image_translation/array_03/results/original_model_analysis_plots/combo_plots_Negligible/combo_sample_2705.png,combo_sample_2705.png,.png,257359,2025-11-17T09:31:22+08:00,FFT_EfficientNet,image,FFT-related artifact
FFT_EfficientNet/output/image_translation/array_03/results/original_model_analysis_plots/combo_plots_Negligible/combo_sample_2708.png,combo_sample_2708.png,.png,257852,2025-11-17T09:31:22+08:00,FFT_EfficientNet,image,FFT-related artifact
FFT_EfficientNet/output/image_translation/array_03/results/original_model_analysis_plots/combo_plots_Negligible/combo_sample_2710.png,combo_sample_2710.png,.png,248211,2025-11-17T09:31:22+08:00,FFT_EfficientNet,image,FFT-related artifact
FFT_EfficientNet/output/image_translation/array_03/results/original_model_analysis_plots/combo_plots_Negligible/combo_sample_2715.png,combo_sample_2715.png,.png,249580,2025-11-17T09:31:22+08:00,FFT_EfficientNet,image,FFT-related artifact
FFT_EfficientNet/output/image_translation/array_03/results/original_model_analysis_plots/combo_plots_Negligible/combo_sample_2719.png,combo_sample_2719.png,.png,273555,2025-11-17T09:31:45+08:00,FFT_EfficientNet,image,FFT-related artifact
FFT_EfficientNet/output/image_translation/array_03/results/original_model_analysis_plots/combo_plots_Negligible/combo_sample_2721.png,combo_sample_2721.png,.png,295432,2025-11-17T09:31:45+08:00,FFT_EfficientNet,image,FFT-related artifact
FFT_EfficientNet/output/image_translation/array_03/results/original_model_analysis_plots/combo_plots_Negligible/combo_sample_2722.png,combo_sample_2722.png,.png,289465,2025-11-17T09:31:45+08:00,FFT_EfficientNet,image,FFT-related artifact
FFT_EfficientNet/output/image_translation/array_03/results/original_model_analysis_plots/combo_plots_Negligible/combo_sample_2723.png,combo_sample_2723.png,.png,265190,2025-11-17T09:31:45+08:00,FFT_EfficientNet,image,FFT-related artifact
FFT_EfficientNet/output/image_translation/array_03/results/original_model_analysis_plots/combo_plots_Negligible/combo_sample_2725.png,combo_sample_2725.png,.png,250378,2025-11-17T09:31:22+08:00,FFT_EfficientNet,image,FFT-related artifact
FFT_EfficientNet/output/image_translation/array_03/results/original_model_analysis_plots/combo_plots_Negligible/combo_sample_2727.png,combo_sample_2727.png,.png,247358,2025-11-17T09:31:22+08:00,FFT_EfficientNet,image,FFT-related artifact
FFT_EfficientNet/output/image_translation/array_03/results/original_model_analysis_plots/combo_plots_Negligible/combo_sample_2731.png,combo_sample_2731.png,.png,244189,2025-11-17T09:31:22+08:00,FFT_EfficientNet,image,FFT-related artifact
FFT_EfficientNet/output/image_translation/array_03/results/original_model_analysis_plots/combo_plots_Negligible/combo_sample_2825.png,combo_sample_2825.png,.png,287957,2025-11-17T09:31:45+08:00,FFT_EfficientNet,image,FFT-related artifact
FFT_EfficientNet/output/image_translation/array_03/results/original_model_analysis_plots/combo_plots_Negligible/combo_sample_2829.png,combo_sample_2829.png,.png,286265,2025-11-17T09:31:45+08:00,FFT_EfficientNet,image,FFT-related artifact
FFT_EfficientNet/output/image_translation/array_03/results/original_model_analysis_plots/combo_plots_Negligible/combo_sample_2830.png,combo_sample_2830.png,.png,285573,2025-11-17T09:31:45+08:00,FFT_EfficientNet,image,FFT-related artifact
FFT_EfficientNet/output/image_translation/array_03/results/original_model_analysis_plots/combo_plots_Negligible/combo_sample_2840.png,combo_sample_2840.png,.png,310762,2025-11-17T09:31:45+08:00,FFT_EfficientNet,image,FFT-related artifact
FFT_EfficientNet/output/image_translation/array_03/results/original_model_analysis_plots/combo_plots_Negligible/combo_sample_2841.png,combo_sample_2841.png,.png,307175,2025-11-17T09:31:45+08:00,FFT_EfficientNet,image,FFT-related artifact
FFT_EfficientNet/output/image_translation/array_03/results/original_model_analysis_plots/combo_plots_Negligible/combo_sample_495.png,combo_sample_495.png,.png,284962,2025-11-17T09:31:45+08:00,FFT_EfficientNet,image,FFT-related artifact
FFT_EfficientNet/output/image_translation/array_03/results/original_model_analysis_plots/combo_plots_Negligible/combo_sample_965.png,combo_sample_965.png,.png,303984,2025-11-17T09:31:45+08:00,FFT_EfficientNet,image,FFT-related artifact
FFT_EfficientNet/output/image_translation/array_03/results/original_model_analysis_plots/combo_plots_Negligible/combo_sample_988.png,combo_sample_988.png,.png,288423,2025-11-17T09:31:45+08:00,FFT_EfficientNet,image,FFT-related artifact
FFT_EfficientNet/output/image_translation/array_03/results/original_model_analysis_plots/combo_plots_Negligible/combo_sample_990.png,combo_sample_990.png,.png,298783,2025-11-17T09:31:45+08:00,FFT_EfficientNet,image,FFT-related artifact
FFT_EfficientNet/output/image_translation/array_03/results/original_model_analysis_plots/combo_plots_Negligible/combo_sample_992.png,combo_sample_992.png,.png,288359,2025-11-17T09:31:45+08:00,FFT_EfficientNet,image,FFT-related artifact
FFT_EfficientNet/output/image_translation/array_03/results/original_model_analysis_plots/combo_plots_Negligible/combo_sample_993.png,combo_sample_993.png,.png,295606,2025-11-17T09:31:45+08:00,FFT_EfficientNet,image,FFT-related artifact
FFT_EfficientNet/output/image_translation/array_03/results/original_model_analysis_plots/combo_plots_Negligible/combo_sample_994.png,combo_sample_994.png,.png,297709,2025-11-17T09:31:45+08:00,FFT_EfficientNet,image,FFT-related artifact
FFT_EfficientNet/output/visualization_plots/05_training_history_regression.png,05_training_history_regression.png,.png,100745,2025-11-17T09:30:52+08:00,FFT_EfficientNet,image,training history; FFT-related artifact
FFT_EfficientNet/output/visualization_plots/06_profile_label_generation.png,06_profile_label_generation.png,.png,109810,2025-11-17T09:30:52+08:00,FFT_EfficientNet,image,FFT-related artifact; label construction visualization
FFT_EfficientNet/output/visualization_plots/fft_regression/06_label_generation_fft_regression.png,06_label_generation_fft_regression.png,.png,107327,2025-11-17T09:30:52+08:00,FFT_EfficientNet,image,FFT-related artifact; label construction visualization
FFT_EfficientNet_1/06_label_generation_fft_regression.png,06_label_generation_fft_regression.png,.png,107327,2025-11-17T18:32:02+08:00,FFT_EfficientNet_1,image,FFT-related artifact; label construction visualization
FFT_EfficientNet_1/output/fft_regression/array_03/logs/train/events.out.tfevents.1763108333.ubuntusrv.27762.0.v2,events.out.tfevents.1763108333.ubuntusrv.27762.0.v2,.v2,1484455,2025-11-17T10:01:35+08:00,FFT_EfficientNet_1,tensorboard_log,FFT-related artifact
FFT_EfficientNet_1/output/fft_regression/array_03/logs/train/events.out.tfevents.1763118266.ubuntusrv.25944.0.v2,events.out.tfevents.1763118266.ubuntusrv.25944.0.v2,.v2,1484455,2025-11-17T10:01:35+08:00,FFT_EfficientNet_1,tensorboard_log,FFT-related artifact
FFT_EfficientNet_1/output/fft_regression/array_03/logs/train/events.out.tfevents.1763120172.ubuntusrv.21651.0.v2,events.out.tfevents.1763120172.ubuntusrv.21651.0.v2,.v2,1484590,2025-11-17T10:01:35+08:00,FFT_EfficientNet_1,tensorboard_log,FFT-related artifact
FFT_EfficientNet_1/output/fft_regression/array_03/logs/train/events.out.tfevents.1763296520.ubuntusrv.12528.0.v2,events.out.tfevents.1763296520.ubuntusrv.12528.0.v2,.v2,1486480,2025-11-17T10:01:35+08:00,FFT_EfficientNet_1,tensorboard_log,FFT-related artifact
FFT_EfficientNet_1/output/fft_regression/array_03/logs/training_history_fft.pkl,training_history_fft.pkl,.pkl,4495,2025-11-17T10:00:24+08:00,FFT_EfficientNet_1,tensorboard_log,training history; FFT-related artifact
FFT_EfficientNet_1/output/fft_regression/array_03/logs/validation/events.out.tfevents.1763108362.ubuntusrv.27762.1.v2,events.out.tfevents.1763108362.ubuntusrv.27762.1.v2,.v2,21724,2025-11-17T10:00:24+08:00,FFT_EfficientNet_1,tensorboard_log,FFT-related artifact
FFT_EfficientNet_1/output/fft_regression/array_03/logs/validation/events.out.tfevents.1763118289.ubuntusrv.25944.1.v2,events.out.tfevents.1763118289.ubuntusrv.25944.1.v2,.v2,21724,2025-11-17T10:00:24+08:00,FFT_EfficientNet_1,tensorboard_log,FFT-related artifact
FFT_EfficientNet_1/output/fft_regression/array_03/logs/validation/events.out.tfevents.1763120194.ubuntusrv.21651.1.v2,events.out.tfevents.1763120194.ubuntusrv.21651.1.v2,.v2,22034,2025-11-17T10:00:24+08:00,FFT_EfficientNet_1,tensorboard_log,FFT-related artifact
FFT_EfficientNet_1/output/fft_regression/array_03/logs/validation/events.out.tfevents.1763296542.ubuntusrv.12528.1.v2,events.out.tfevents.1763296542.ubuntusrv.12528.1.v2,.v2,26374,2025-11-17T10:00:24+08:00,FFT_EfficientNet_1,tensorboard_log,FFT-related artifact
FFT_EfficientNet_1/output/fft_regression/array_03/models/best_fft_regressor_model.h5,best_fft_regressor_model.h5,.h5,104175808,2025-11-17T10:01:55+08:00,FFT_EfficientNet_1,model_checkpoint,FFT-related artifact; model weight/checkpoint metadata only
FFT_EfficientNet_1/output/fft_regression/array_03/results/fft_model_analysis_plots/_depth_log_comparison.png,_depth_log_comparison.png,.png,303855,2025-11-17T10:00:25+08:00,FFT_EfficientNet_1,image,prediction-vs-ground-truth figure; FFT-related artifact
FFT_EfficientNet_1/output/fft_regression/array_03/results/fft_model_analysis_plots/_fft_spectrum_image_comparison.png,_fft_spectrum_image_comparison.png,.png,2423088,2025-11-17T10:01:35+08:00,FFT_EfficientNet_1,image,prediction-vs-ground-truth figure; FFT-related artifact
FFT_EfficientNet_1/output/fft_regression/array_03/results/fft_model_analysis_plots/_overall_performance_scatter.png,_overall_performance_scatter.png,.png,257627,2025-11-17T10:00:24+08:00,FFT_EfficientNet_1,image,FFT-related artifact; performance/metric summary
FFT_EfficientNet_1/output/fft_regression/array_03/results/fft_model_analysis_plots/combo_plots_High_Severity/combo_sample_1160.png,combo_sample_1160.png,.png,348709,2025-11-17T10:00:53+08:00,FFT_EfficientNet_1,image,FFT-related artifact
FFT_EfficientNet_1/output/fft_regression/array_03/results/fft_model_analysis_plots/combo_plots_High_Severity/combo_sample_1162.png,combo_sample_1162.png,.png,320133,2025-11-17T10:00:53+08:00,FFT_EfficientNet_1,image,FFT-related artifact
FFT_EfficientNet_1/output/fft_regression/array_03/results/fft_model_analysis_plots/combo_plots_High_Severity/combo_sample_1717.png,combo_sample_1717.png,.png,319519,2025-11-17T10:00:53+08:00,FFT_EfficientNet_1,image,FFT-related artifact
FFT_EfficientNet_1/output/fft_regression/array_03/results/fft_model_analysis_plots/combo_plots_High_Severity/combo_sample_312.png,combo_sample_312.png,.png,322945,2025-11-17T10:00:53+08:00,FFT_EfficientNet_1,image,FFT-related artifact
FFT_EfficientNet_1/output/fft_regression/array_03/results/fft_model_analysis_plots/combo_plots_High_Severity/combo_sample_314.png,combo_sample_314.png,.png,320924,2025-11-17T10:00:53+08:00,FFT_EfficientNet_1,image,FFT-related artifact
FFT_EfficientNet_1/output/fft_regression/array_03/results/fft_model_analysis_plots/combo_plots_High_Severity/combo_sample_389.png,combo_sample_389.png,.png,329712,2025-11-17T10:00:53+08:00,FFT_EfficientNet_1,image,FFT-related artifact
FFT_EfficientNet_1/output/fft_regression/array_03/results/fft_model_analysis_plots/combo_plots_High_Severity/combo_sample_390.png,combo_sample_390.png,.png,338435,2025-11-17T10:00:53+08:00,FFT_EfficientNet_1,image,FFT-related artifact
FFT_EfficientNet_1/output/fft_regression/array_03/results/fft_model_analysis_plots/combo_plots_High_Severity/combo_sample_650.png,combo_sample_650.png,.png,332543,2025-11-17T10:00:53+08:00,FFT_EfficientNet_1,image,FFT-related artifact
FFT_EfficientNet_1/output/fft_regression/array_03/results/fft_model_analysis_plots/combo_plots_High_Severity/combo_sample_655.png,combo_sample_655.png,.png,323707,2025-11-17T10:00:53+08:00,FFT_EfficientNet_1,image,FFT-related artifact
FFT_EfficientNet_1/output/fft_regression/array_03/results/fft_model_analysis_plots/combo_plots_High_Severity/combo_sample_658.png,combo_sample_658.png,.png,318420,2025-11-17T10:00:53+08:00,FFT_EfficientNet_1,image,FFT-related artifact
FFT_EfficientNet_1/output/fft_regression/array_03/results/fft_model_analysis_plots/combo_plots_High_Severity/combo_sample_768.png,combo_sample_768.png,.png,331120,2025-11-17T10:00:53+08:00,FFT_EfficientNet_1,image,FFT-related artifact
FFT_EfficientNet_1/output/fft_regression/array_03/results/fft_model_analysis_plots/combo_plots_High_Severity/combo_sample_769.png,combo_sample_769.png,.png,296064,2025-11-17T10:00:53+08:00,FFT_EfficientNet_1,image,FFT-related artifact
FFT_EfficientNet_1/output/fft_regression/array_03/results/fft_model_analysis_plots/combo_plots_High_Severity/combo_sample_770.png,combo_sample_770.png,.png,298615,2025-11-17T10:00:53+08:00,FFT_EfficientNet_1,image,FFT-related artifact
FFT_EfficientNet_1/output/fft_regression/array_03/results/fft_model_analysis_plots/combo_plots_High_Severity/combo_sample_836.png,combo_sample_836.png,.png,324712,2025-11-17T10:00:53+08:00,FFT_EfficientNet_1,image,FFT-related artifact
FFT_EfficientNet_1/output/fft_regression/array_03/results/fft_model_analysis_plots/combo_plots_High_Severity/combo_sample_837.png,combo_sample_837.png,.png,318068,2025-11-17T10:00:53+08:00,FFT_EfficientNet_1,image,FFT-related artifact
FFT_EfficientNet_1/output/fft_regression/array_03/results/fft_model_analysis_plots/combo_plots_High_Severity/combo_sample_838.png,combo_sample_838.png,.png,310404,2025-11-17T10:00:54+08:00,FFT_EfficientNet_1,image,FFT-related artifact
FFT_EfficientNet_1/output/fft_regression/array_03/results/fft_model_analysis_plots/combo_plots_High_Severity/combo_sample_847.png,combo_sample_847.png,.png,327350,2025-11-17T10:00:54+08:00,FFT_EfficientNet_1,image,FFT-related artifact
FFT_EfficientNet_1/output/fft_regression/array_03/results/fft_model_analysis_plots/combo_plots_High_Severity/combo_sample_891.png,combo_sample_891.png,.png,311906,2025-11-17T10:00:54+08:00,FFT_EfficientNet_1,image,FFT-related artifact
FFT_EfficientNet_1/output/fft_regression/array_03/results/fft_model_analysis_plots/combo_plots_High_Severity/combo_sample_892.png,combo_sample_892.png,.png,318298,2025-11-17T10:00:54+08:00,FFT_EfficientNet_1,image,FFT-related artifact
FFT_EfficientNet_1/output/fft_regression/array_03/results/fft_model_analysis_plots/combo_plots_High_Severity/combo_sample_894.png,combo_sample_894.png,.png,344484,2025-11-17T10:00:54+08:00,FFT_EfficientNet_1,image,FFT-related artifact
FFT_EfficientNet_1/output/fft_regression/array_03/results/fft_model_analysis_plots/combo_plots_Low_Severity/combo_sample_100.png,combo_sample_100.png,.png,320334,2025-11-17T10:00:54+08:00,FFT_EfficientNet_1,image,FFT-related artifact
FFT_EfficientNet_1/output/fft_regression/array_03/results/fft_model_analysis_plots/combo_plots_Low_Severity/combo_sample_1044.png,combo_sample_1044.png,.png,314442,2025-11-17T10:00:54+08:00,FFT_EfficientNet_1,image,FFT-related artifact
FFT_EfficientNet_1/output/fft_regression/array_03/results/fft_model_analysis_plots/combo_plots_Low_Severity/combo_sample_115.png,combo_sample_115.png,.png,302139,2025-11-17T10:00:54+08:00,FFT_EfficientNet_1,image,FFT-related artifact
FFT_EfficientNet_1/output/fft_regression/array_03/results/fft_model_analysis_plots/combo_plots_Low_Severity/combo_sample_1244.png,combo_sample_1244.png,.png,312918,2025-11-17T10:00:54+08:00,FFT_EfficientNet_1,image,FFT-related artifact
FFT_EfficientNet_1/output/fft_regression/array_03/results/fft_model_analysis_plots/combo_plots_Low_Severity/combo_sample_1416.png,combo_sample_1416.png,.png,337285,2025-11-17T10:00:54+08:00,FFT_EfficientNet_1,image,FFT-related artifact
FFT_EfficientNet_1/output/fft_regression/array_03/results/fft_model_analysis_plots/combo_plots_Low_Severity/combo_sample_1510.png,combo_sample_1510.png,.png,359154,2025-11-17T10:00:54+08:00,FFT_EfficientNet_1,image,FFT-related artifact
FFT_EfficientNet_1/output/fft_regression/array_03/results/fft_model_analysis_plots/combo_plots_Low_Severity/combo_sample_1600.png,combo_sample_1600.png,.png,322976,2025-11-17T10:00:54+08:00,FFT_EfficientNet_1,image,FFT-related artifact
FFT_EfficientNet_1/output/fft_regression/array_03/results/fft_model_analysis_plots/combo_plots_Low_Severity/combo_sample_2293.png,combo_sample_2293.png,.png,297366,2025-11-17T10:00:54+08:00,FFT_EfficientNet_1,image,FFT-related artifact
FFT_EfficientNet_1/output/fft_regression/array_03/results/fft_model_analysis_plots/combo_plots_Low_Severity/combo_sample_2378.png,combo_sample_2378.png,.png,303852,2025-11-17T10:00:54+08:00,FFT_EfficientNet_1,image,FFT-related artifact
FFT_EfficientNet_1/output/fft_regression/array_03/results/fft_model_analysis_plots/combo_plots_Low_Severity/combo_sample_2585.png,combo_sample_2585.png,.png,304739,2025-11-17T10:00:54+08:00,FFT_EfficientNet_1,image,FFT-related artifact
FFT_EfficientNet_1/output/fft_regression/array_03/results/fft_model_analysis_plots/combo_plots_Low_Severity/combo_sample_275.png,combo_sample_275.png,.png,306248,2025-11-17T10:00:54+08:00,FFT_EfficientNet_1,image,FFT-related artifact
FFT_EfficientNet_1/output/fft_regression/array_03/results/fft_model_analysis_plots/combo_plots_Low_Severity/combo_sample_2762.png,combo_sample_2762.png,.png,319912,2025-11-17T10:00:54+08:00,FFT_EfficientNet_1,image,FFT-related artifact
FFT_EfficientNet_1/output/fft_regression/array_03/results/fft_model_analysis_plots/combo_plots_Low_Severity/combo_sample_277.png,combo_sample_277.png,.png,314267,2025-11-17T10:00:54+08:00,FFT_EfficientNet_1,image,FFT-related artifact
FFT_EfficientNet_1/output/fft_regression/array_03/results/fft_model_analysis_plots/combo_plots_Low_Severity/combo_sample_289.png,combo_sample_289.png,.png,317211,2025-11-17T10:00:54+08:00,FFT_EfficientNet_1,image,FFT-related artifact
FFT_EfficientNet_1/output/fft_regression/array_03/results/fft_model_analysis_plots/combo_plots_Low_Severity/combo_sample_291.png,combo_sample_291.png,.png,342827,2025-11-17T10:00:54+08:00,FFT_EfficientNet_1,image,FFT-related artifact
FFT_EfficientNet_1/output/fft_regression/array_03/results/fft_model_analysis_plots/combo_plots_Low_Severity/combo_sample_295.png,combo_sample_295.png,.png,309576,2025-11-17T10:00:54+08:00,FFT_EfficientNet_1,image,FFT-related artifact
FFT_EfficientNet_1/output/fft_regression/array_03/results/fft_model_analysis_plots/combo_plots_Low_Severity/combo_sample_296.png,combo_sample_296.png,.png,333058,2025-11-17T10:00:54+08:00,FFT_EfficientNet_1,image,FFT-related artifact
FFT_EfficientNet_1/output/fft_regression/array_03/results/fft_model_analysis_plots/combo_plots_Low_Severity/combo_sample_299.png,combo_sample_299.png,.png,321844,2025-11-17T10:00:54+08:00,FFT_EfficientNet_1,image,FFT-related artifact
FFT_EfficientNet_1/output/fft_regression/array_03/results/fft_model_analysis_plots/combo_plots_Low_Severity/combo_sample_47.png,combo_sample_47.png,.png,293966,2025-11-17T10:00:54+08:00,FFT_EfficientNet_1,image,FFT-related artifact
FFT_EfficientNet_1/output/fft_regression/array_03/results/fft_model_analysis_plots/combo_plots_Low_Severity/combo_sample_547.png,combo_sample_547.png,.png,316624,2025-11-17T10:00:54+08:00,FFT_EfficientNet_1,image,FFT-related artifact
FFT_EfficientNet_1/output/fft_regression/array_03/results/fft_model_analysis_plots/combo_plots_Low_Severity/combo_sample_632.png,combo_sample_632.png,.png,321051,2025-11-17T10:00:54+08:00,FFT_EfficientNet_1,image,FFT-related artifact
FFT_EfficientNet_1/output/fft_regression/array_03/results/fft_model_analysis_plots/combo_plots_Low_Severity/combo_sample_67.png,combo_sample_67.png,.png,345313,2025-11-17T10:00:54+08:00,FFT_EfficientNet_1,image,FFT-related artifact
FFT_EfficientNet_1/output/fft_regression/array_03/results/fft_model_analysis_plots/combo_plots_Low_Severity/combo_sample_79.png,combo_sample_79.png,.png,304350,2025-11-17T10:00:54+08:00,FFT_EfficientNet_1,image,FFT-related artifact
FFT_EfficientNet_1/output/fft_regression/array_03/results/fft_model_analysis_plots/combo_plots_Low_Severity/combo_sample_91.png,combo_sample_91.png,.png,331585,2025-11-17T10:00:54+08:00,FFT_EfficientNet_1,image,FFT-related artifact
FFT_EfficientNet_1/output/fft_regression/array_03/results/fft_model_analysis_plots/combo_plots_Medium_Severity/combo_sample_1235.png,combo_sample_1235.png,.png,318850,2025-11-17T10:00:54+08:00,FFT_EfficientNet_1,image,FFT-related artifact
FFT_EfficientNet_1/output/fft_regression/array_03/results/fft_model_analysis_plots/combo_plots_Medium_Severity/combo_sample_1237.png,combo_sample_1237.png,.png,334683,2025-11-17T10:00:54+08:00,FFT_EfficientNet_1,image,FFT-related artifact
FFT_EfficientNet_1/output/fft_regression/array_03/results/fft_model_analysis_plots/combo_plots_Medium_Severity/combo_sample_1242.png,combo_sample_1242.png,.png,323698,2025-11-17T10:00:54+08:00,FFT_EfficientNet_1,image,FFT-related artifact
FFT_EfficientNet_1/output/fft_regression/array_03/results/fft_model_analysis_plots/combo_plots_Medium_Severity/combo_sample_14.png,combo_sample_14.png,.png,320631,2025-11-17T10:00:54+08:00,FFT_EfficientNet_1,image,FFT-related artifact
FFT_EfficientNet_1/output/fft_regression/array_03/results/fft_model_analysis_plots/combo_plots_Medium_Severity/combo_sample_1411.png,combo_sample_1411.png,.png,325429,2025-11-17T10:00:54+08:00,FFT_EfficientNet_1,image,FFT-related artifact
FFT_EfficientNet_1/output/fft_regression/array_03/results/fft_model_analysis_plots/combo_plots_Medium_Severity/combo_sample_1765.png,combo_sample_1765.png,.png,322402,2025-11-17T10:00:54+08:00,FFT_EfficientNet_1,image,FFT-related artifact
FFT_EfficientNet_1/output/fft_regression/array_03/results/fft_model_analysis_plots/combo_plots_Medium_Severity/combo_sample_2165.png,combo_sample_2165.png,.png,311292,2025-11-17T10:00:55+08:00,FFT_EfficientNet_1,image,FFT-related artifact
FFT_EfficientNet_1/output/fft_regression/array_03/results/fft_model_analysis_plots/combo_plots_Medium_Severity/combo_sample_2495.png,combo_sample_2495.png,.png,329140,2025-11-17T10:00:55+08:00,FFT_EfficientNet_1,image,FFT-related artifact
FFT_EfficientNet_1/output/fft_regression/array_03/results/fft_model_analysis_plots/combo_plots_Medium_Severity/combo_sample_2771.png,combo_sample_2771.png,.png,308854,2025-11-17T10:00:55+08:00,FFT_EfficientNet_1,image,FFT-related artifact
FFT_EfficientNet_1/output/fft_regression/array_03/results/fft_model_analysis_plots/combo_plots_Medium_Severity/combo_sample_282.png,combo_sample_282.png,.png,311646,2025-11-17T10:00:55+08:00,FFT_EfficientNet_1,image,FFT-related artifact
FFT_EfficientNet_1/output/fft_regression/array_03/results/fft_model_analysis_plots/combo_plots_Medium_Severity/combo_sample_311.png,combo_sample_311.png,.png,303890,2025-11-17T10:00:55+08:00,FFT_EfficientNet_1,image,FFT-related artifact
FFT_EfficientNet_1/output/fft_regression/array_03/results/fft_model_analysis_plots/combo_plots_Medium_Severity/combo_sample_416.png,combo_sample_416.png,.png,311425,2025-11-17T10:00:55+08:00,FFT_EfficientNet_1,image,FFT-related artifact
FFT_EfficientNet_1/output/fft_regression/array_03/results/fft_model_analysis_plots/combo_plots_Medium_Severity/combo_sample_426.png,combo_sample_426.png,.png,332681,2025-11-17T10:00:55+08:00,FFT_EfficientNet_1,image,FFT-related artifact
FFT_EfficientNet_1/output/fft_regression/array_03/results/fft_model_analysis_plots/combo_plots_Medium_Severity/combo_sample_598.png,combo_sample_598.png,.png,323978,2025-11-17T10:00:55+08:00,FFT_EfficientNet_1,image,FFT-related artifact
FFT_EfficientNet_1/output/fft_regression/array_03/results/fft_model_analysis_plots/combo_plots_Medium_Severity/combo_sample_646.png,combo_sample_646.png,.png,334970,2025-11-17T10:00:55+08:00,FFT_EfficientNet_1,image,FFT-related artifact
FFT_EfficientNet_1/output/fft_regression/array_03/results/fft_model_analysis_plots/combo_plots_Medium_Severity/combo_sample_669.png,combo_sample_669.png,.png,315504,2025-11-17T10:00:55+08:00,FFT_EfficientNet_1,image,FFT-related artifact
FFT_EfficientNet_1/output/fft_regression/array_03/results/fft_model_analysis_plots/combo_plots_Medium_Severity/combo_sample_672.png,combo_sample_672.png,.png,326511,2025-11-17T10:00:55+08:00,FFT_EfficientNet_1,image,FFT-related artifact
FFT_EfficientNet_1/output/fft_regression/array_03/results/fft_model_analysis_plots/combo_plots_Medium_Severity/combo_sample_763.png,combo_sample_763.png,.png,307938,2025-11-17T10:00:55+08:00,FFT_EfficientNet_1,image,FFT-related artifact
FFT_EfficientNet_1/output/fft_regression/array_03/results/fft_model_analysis_plots/combo_plots_Medium_Severity/combo_sample_856.png,combo_sample_856.png,.png,335062,2025-11-17T10:00:55+08:00,FFT_EfficientNet_1,image,FFT-related artifact
FFT_EfficientNet_1/output/fft_regression/array_03/results/fft_model_analysis_plots/combo_plots_Medium_Severity/combo_sample_859.png,combo_sample_859.png,.png,347088,2025-11-17T10:00:55+08:00,FFT_EfficientNet_1,image,FFT-related artifact
FFT_EfficientNet_1/output/fft_regression/array_03/results/fft_model_analysis_plots/combo_plots_Medium_Severity/combo_sample_862.png,combo_sample_862.png,.png,340948,2025-11-17T10:00:55+08:00,FFT_EfficientNet_1,image,FFT-related artifact
FFT_EfficientNet_1/output/fft_regression/array_03/results/fft_model_analysis_plots/combo_plots_Medium_Severity/combo_sample_870.png,combo_sample_870.png,.png,335726,2025-11-17T10:00:55+08:00,FFT_EfficientNet_1,image,FFT-related artifact
FFT_EfficientNet_1/output/fft_regression/array_03/results/fft_model_analysis_plots/combo_plots_Medium_Severity/combo_sample_903.png,combo_sample_903.png,.png,346086,2025-11-17T10:00:55+08:00,FFT_EfficientNet_1,image,FFT-related artifact
FFT_EfficientNet_1/output/fft_regression/array_03/results/fft_model_analysis_plots/combo_plots_Medium_Severity/combo_sample_929.png,combo_sample_929.png,.png,306803,2025-11-17T10:00:55+08:00,FFT_EfficientNet_1,image,FFT-related artifact
FFT_EfficientNet_1/output/fft_regression/array_03/results/fft_model_analysis_plots/combo_plots_Negligible/combo_sample_1024.png,combo_sample_1024.png,.png,270077,2025-11-17T10:00:55+08:00,FFT_EfficientNet_1,image,FFT-related artifact
FFT_EfficientNet_1/output/fft_regression/array_03/results/fft_model_analysis_plots/combo_plots_Negligible/combo_sample_120.png,combo_sample_120.png,.png,297561,2025-11-17T10:00:55+08:00,FFT_EfficientNet_1,image,FFT-related artifact
FFT_EfficientNet_1/output/fft_regression/array_03/results/fft_model_analysis_plots/combo_plots_Negligible/combo_sample_1340.png,combo_sample_1340.png,.png,297760,2025-11-17T10:00:55+08:00,FFT_EfficientNet_1,image,FFT-related artifact
FFT_EfficientNet_1/output/fft_regression/array_03/results/fft_model_analysis_plots/combo_plots_Negligible/combo_sample_156.png,combo_sample_156.png,.png,329922,2025-11-17T10:00:55+08:00,FFT_EfficientNet_1,image,FFT-related artifact
FFT_EfficientNet_1/output/fft_regression/array_03/results/fft_model_analysis_plots/combo_plots_Negligible/combo_sample_1567.png,combo_sample_1567.png,.png,296059,2025-11-17T10:00:55+08:00,FFT_EfficientNet_1,image,FFT-related artifact
FFT_EfficientNet_1/output/fft_regression/array_03/results/fft_model_analysis_plots/combo_plots_Negligible/combo_sample_1579.png,combo_sample_1579.png,.png,288745,2025-11-17T10:00:55+08:00,FFT_EfficientNet_1,image,FFT-related artifact
FFT_EfficientNet_1/output/fft_regression/array_03/results/fft_model_analysis_plots/combo_plots_Negligible/combo_sample_1776.png,combo_sample_1776.png,.png,332331,2025-11-17T10:00:55+08:00,FFT_EfficientNet_1,image,FFT-related artifact
FFT_EfficientNet_1/output/fft_regression/array_03/results/fft_model_analysis_plots/combo_plots_Negligible/combo_sample_1781.png,combo_sample_1781.png,.png,309866,2025-11-17T10:00:55+08:00,FFT_EfficientNet_1,image,FFT-related artifact
FFT_EfficientNet_1/output/fft_regression/array_03/results/fft_model_analysis_plots/combo_plots_Negligible/combo_sample_1934.png,combo_sample_1934.png,.png,315450,2025-11-17T10:00:55+08:00,FFT_EfficientNet_1,image,FFT-related artifact
FFT_EfficientNet_1/output/fft_regression/array_03/results/fft_model_analysis_plots/combo_plots_Negligible/combo_sample_1935.png,combo_sample_1935.png,.png,317845,2025-11-17T10:00:55+08:00,FFT_EfficientNet_1,image,FFT-related artifact
FFT_EfficientNet_1/output/fft_regression/array_03/results/fft_model_analysis_plots/combo_plots_Negligible/combo_sample_1938.png,combo_sample_1938.png,.png,326797,2025-11-17T10:00:55+08:00,FFT_EfficientNet_1,image,FFT-related artifact
FFT_EfficientNet_1/output/fft_regression/array_03/results/fft_model_analysis_plots/combo_plots_Negligible/combo_sample_1957.png,combo_sample_1957.png,.png,306757,2025-11-17T10:00:55+08:00,FFT_EfficientNet_1,image,FFT-related artifact
FFT_EfficientNet_1/output/fft_regression/array_03/results/fft_model_analysis_plots/combo_plots_Negligible/combo_sample_2053.png,combo_sample_2053.png,.png,294477,2025-11-17T10:00:55+08:00,FFT_EfficientNet_1,image,FFT-related artifact
FFT_EfficientNet_1/output/fft_regression/array_03/results/fft_model_analysis_plots/combo_plots_Negligible/combo_sample_2078.png,combo_sample_2078.png,.png,314646,2025-11-17T10:00:55+08:00,FFT_EfficientNet_1,image,FFT-related artifact
FFT_EfficientNet_1/output/fft_regression/array_03/results/fft_model_analysis_plots/combo_plots_Negligible/combo_sample_2091.png,combo_sample_2091.png,.png,300019,2025-11-17T10:00:55+08:00,FFT_EfficientNet_1,image,FFT-related artifact
FFT_EfficientNet_1/output/fft_regression/array_03/results/fft_model_analysis_plots/combo_plots_Negligible/combo_sample_2111.png,combo_sample_2111.png,.png,297468,2025-11-17T10:00:55+08:00,FFT_EfficientNet_1,image,FFT-related artifact
FFT_EfficientNet_1/output/fft_regression/array_03/results/fft_model_analysis_plots/combo_plots_Negligible/combo_sample_2115.png,combo_sample_2115.png,.png,313825,2025-11-17T10:00:55+08:00,FFT_EfficientNet_1,image,FFT-related artifact
FFT_EfficientNet_1/output/fft_regression/array_03/results/fft_model_analysis_plots/combo_plots_Negligible/combo_sample_2177.png,combo_sample_2177.png,.png,337118,2025-11-17T10:00:55+08:00,FFT_EfficientNet_1,image,FFT-related artifact
FFT_EfficientNet_1/output/fft_regression/array_03/results/fft_model_analysis_plots/combo_plots_Negligible/combo_sample_2186.png,combo_sample_2186.png,.png,324864,2025-11-17T10:00:55+08:00,FFT_EfficientNet_1,image,FFT-related artifact
FFT_EfficientNet_1/output/fft_regression/array_03/results/fft_model_analysis_plots/combo_plots_Negligible/combo_sample_2331.png,combo_sample_2331.png,.png,282481,2025-11-17T10:00:56+08:00,FFT_EfficientNet_1,image,FFT-related artifact
FFT_EfficientNet_1/output/fft_regression/array_03/results/fft_model_analysis_plots/combo_plots_Negligible/combo_sample_2462.png,combo_sample_2462.png,.png,321169,2025-11-17T10:00:56+08:00,FFT_EfficientNet_1,image,FFT-related artifact
FFT_EfficientNet_1/output/fft_regression/array_03/results/fft_model_analysis_plots/combo_plots_Negligible/combo_sample_2601.png,combo_sample_2601.png,.png,307831,2025-11-17T10:00:56+08:00,FFT_EfficientNet_1,image,FFT-related artifact
FFT_EfficientNet_1/output/fft_regression/array_03/results/fft_model_analysis_plots/combo_plots_Negligible/combo_sample_2626.png,combo_sample_2626.png,.png,331998,2025-11-17T10:00:56+08:00,FFT_EfficientNet_1,image,FFT-related artifact
FFT_EfficientNet_1/output/fft_regression/array_03/results/fft_model_analysis_plots/combo_plots_Negligible/combo_sample_2742.png,combo_sample_2742.png,.png,299530,2025-11-17T10:00:56+08:00,FFT_EfficientNet_1,image,FFT-related artifact
FFT_EfficientNet_1/output/image_translation/array_03/logs/train/events.out.tfevents.1758782241.ubuntusrv.22102.0.v2,events.out.tfevents.1758782241.ubuntusrv.22102.0.v2,.v2,7925,2025-11-17T10:00:24+08:00,FFT_EfficientNet_1,tensorboard_log,FFT-related artifact
FFT_EfficientNet_1/output/image_translation/array_03/logs/train/events.out.tfevents.1758782488.ubuntusrv.3728.0.v2,events.out.tfevents.1758782488.ubuntusrv.3728.0.v2,.v2,7925,2025-11-17T10:00:24+08:00,FFT_EfficientNet_1,tensorboard_log,FFT-related artifact
FFT_EfficientNet_1/output/image_translation/array_03/logs/train/events.out.tfevents.1758782660.ubuntusrv.39349.0.v2,events.out.tfevents.1758782660.ubuntusrv.39349.0.v2,.v2,137431,2025-11-17T10:00:24+08:00,FFT_EfficientNet_1,tensorboard_log,FFT-related artifact
FFT_EfficientNet_1/output/image_translation/array_03/logs/train/events.out.tfevents.1758873492.ubuntusrv.31976.0.v2,events.out.tfevents.1758873492.ubuntusrv.31976.0.v2,.v2,1675563,2025-11-17T10:01:35+08:00,FFT_EfficientNet_1,tensorboard_log,FFT-related artifact
FFT_EfficientNet_1/output/image_translation/array_03/logs/train/events.out.tfevents.1758878579.ubuntusrv.13912.0.v2,events.out.tfevents.1758878579.ubuntusrv.13912.0.v2,.v2,1479591,2025-11-17T10:01:35+08:00,FFT_EfficientNet_1,tensorboard_log,FFT-related artifact
FFT_EfficientNet_1/output/image_translation/array_03/logs/train/events.out.tfevents.1759026243.ubuntusrv.4459.0.v2,events.out.tfevents.1759026243.ubuntusrv.4459.0.v2,.v2,1485936,2025-11-17T10:01:35+08:00,FFT_EfficientNet_1,tensorboard_log,FFT-related artifact
FFT_EfficientNet_1/output/image_translation/array_03/logs/training_history.pkl,training_history.pkl,.pkl,5162,2025-11-17T10:00:24+08:00,FFT_EfficientNet_1,tensorboard_log,training history; FFT-related artifact
FFT_EfficientNet_1/output/image_translation/array_03/logs/training_history_advanced.pkl,training_history_advanced.pkl,.pkl,5260,2025-11-17T10:00:24+08:00,FFT_EfficientNet_1,tensorboard_log,training history; FFT-related artifact
FFT_EfficientNet_1/output/image_translation/array_03/logs/validation/events.out.tfevents.1758782669.ubuntusrv.39349.1.v2,events.out.tfevents.1758782669.ubuntusrv.39349.1.v2,.v2,34144,2025-11-17T10:00:24+08:00,FFT_EfficientNet_1,tensorboard_log,FFT-related artifact
FFT_EfficientNet_1/output/image_translation/array_03/logs/validation/events.out.tfevents.1758873522.ubuntusrv.31976.1.v2,events.out.tfevents.1758873522.ubuntusrv.31976.1.v2,.v2,28854,2025-11-17T10:00:24+08:00,FFT_EfficientNet_1,tensorboard_log,FFT-related artifact
FFT_EfficientNet_1/output/image_translation/array_03/logs/validation/events.out.tfevents.1758878607.ubuntusrv.13912.1.v2,events.out.tfevents.1758878607.ubuntusrv.13912.1.v2,.v2,16454,2025-11-17T10:00:24+08:00,FFT_EfficientNet_1,tensorboard_log,FFT-related artifact
FFT_EfficientNet_1/output/image_translation/array_03/logs/validation/events.out.tfevents.1759026265.ubuntusrv.4459.1.v2,events.out.tfevents.1759026265.ubuntusrv.4459.1.v2,.v2,31024,2025-11-17T10:00:24+08:00,FFT_EfficientNet_1,tensorboard_log,FFT-related artifact
FFT_EfficientNet_1/output/image_translation/array_03/models/best_advanced_regressor_model.h5,best_advanced_regressor_model.h5,.h5,72969256,2025-11-17T10:01:51+08:00,FFT_EfficientNet_1,model_checkpoint,FFT-related artifact; model weight/checkpoint metadata only
FFT_EfficientNet_1/output/image_translation/array_03/results/final_analysis_plots/_conditional_mean_map_High_Severity.png,_conditional_mean_map_High_Severity.png,.png,111141,2025-11-17T10:00:24+08:00,FFT_EfficientNet_1,image,FFT-related artifact
FFT_EfficientNet_1/output/image_translation/array_03/results/final_analysis_plots/_conditional_mean_map_Low_Severity.png,_conditional_mean_map_Low_Severity.png,.png,111367,2025-11-17T10:00:24+08:00,FFT_EfficientNet_1,image,FFT-related artifact
FFT_EfficientNet_1/output/image_translation/array_03/results/final_analysis_plots/_conditional_mean_map_Medium_Severity.png,_conditional_mean_map_Medium_Severity.png,.png,112392,2025-11-17T10:00:24+08:00,FFT_EfficientNet_1,image,FFT-related artifact
FFT_EfficientNet_1/output/image_translation/array_03/results/final_analysis_plots/_conditional_mean_map_Negligible.png,_conditional_mean_map_Negligible.png,.png,109807,2025-11-17T10:00:24+08:00,FFT_EfficientNet_1,image,FFT-related artifact
FFT_EfficientNet_1/output/image_translation/array_03/results/final_analysis_plots/_error_distribution_by_category.png,_error_distribution_by_category.png,.png,99062,2025-11-17T10:00:24+08:00,FFT_EfficientNet_1,image,FFT-related artifact
FFT_EfficientNet_1/output/image_translation/array_03/results/final_analysis_plots/_overall_mean_attention_map.png,_overall_mean_attention_map.png,.png,102805,2025-11-17T10:00:24+08:00,FFT_EfficientNet_1,image,FFT-related artifact
FFT_EfficientNet_1/output/image_translation/array_03/results/final_analysis_plots/_overall_performance_scatter.png,_overall_performance_scatter.png,.png,425567,2025-11-17T10:00:26+08:00,FFT_EfficientNet_1,image,FFT-related artifact; performance/metric summary
FFT_EfficientNet_1/output/image_translation/array_03/results/final_analysis_plots/gradcam_sample_312.png,gradcam_sample_312.png,.png,105232,2025-11-17T10:00:24+08:00,FFT_EfficientNet_1,image,Grad-CAM/attention visualization; FFT-related artifact
FFT_EfficientNet_1/output/image_translation/array_03/results/final_analysis_plots/gradcam_sample_313.png,gradcam_sample_313.png,.png,104988,2025-11-17T10:00:25+08:00,FFT_EfficientNet_1,image,Grad-CAM/attention visualization; FFT-related artifact
FFT_EfficientNet_1/output/image_translation/array_03/results/final_analysis_plots/gradcam_sample_314.png,gradcam_sample_314.png,.png,104991,2025-11-17T10:00:25+08:00,FFT_EfficientNet_1,image,Grad-CAM/attention visualization; FFT-related artifact
FFT_EfficientNet_1/output/image_translation/array_03/results/final_analysis_plots/gradcam_sample_315.png,gradcam_sample_315.png,.png,107513,2025-11-17T10:00:25+08:00,FFT_EfficientNet_1,image,Grad-CAM/attention visualization; FFT-related artifact
FFT_EfficientNet_1/output/image_translation/array_03/results/final_analysis_plots/gradcam_sample_362.png,gradcam_sample_362.png,.png,111185,2025-11-17T10:00:25+08:00,FFT_EfficientNet_1,image,Grad-CAM/attention visualization; FFT-related artifact
FFT_EfficientNet_1/output/image_translation/array_03/results/final_analysis_plots/gradcam_sample_363.png,gradcam_sample_363.png,.png,111581,2025-11-17T10:00:25+08:00,FFT_EfficientNet_1,image,Grad-CAM/attention visualization; FFT-related artifact
FFT_EfficientNet_1/output/image_translation/array_03/results/final_analysis_plots/gradcam_sample_382.png,gradcam_sample_382.png,.png,106165,2025-11-17T10:00:25+08:00,FFT_EfficientNet_1,image,Grad-CAM/attention visualization; FFT-related artifact
FFT_EfficientNet_1/output/image_translation/array_03/results/final_analysis_plots/gradcam_sample_383.png,gradcam_sample_383.png,.png,102148,2025-11-17T10:00:25+08:00,FFT_EfficientNet_1,image,Grad-CAM/attention visualization; FFT-related artifact
FFT_EfficientNet_1/output/image_translation/array_03/results/final_analysis_plots/gradcam_sample_384.png,gradcam_sample_384.png,.png,97708,2025-11-17T10:00:25+08:00,FFT_EfficientNet_1,image,Grad-CAM/attention visualization; FFT-related artifact
FFT_EfficientNet_1/output/image_translation/array_03/results/final_analysis_plots/gradcam_sample_385.png,gradcam_sample_385.png,.png,106333,2025-11-17T10:00:25+08:00,FFT_EfficientNet_1,image,Grad-CAM/attention visualization; FFT-related artifact
FFT_EfficientNet_1/output/image_translation/array_03/results/final_analysis_plots/gradcam_sample_386.png,gradcam_sample_386.png,.png,105890,2025-11-17T10:00:25+08:00,FFT_EfficientNet_1,image,Grad-CAM/attention visualization; FFT-related artifact
FFT_EfficientNet_1/output/image_translation/array_03/results/final_analysis_plots/gradcam_sample_387.png,gradcam_sample_387.png,.png,127915,2025-11-17T10:00:25+08:00,FFT_EfficientNet_1,image,Grad-CAM/attention visualization; FFT-related artifact
FFT_EfficientNet_1/output/image_translation/array_03/results/final_analysis_plots/gradcam_sample_388.png,gradcam_sample_388.png,.png,117942,2025-11-17T10:00:25+08:00,FFT_EfficientNet_1,image,Grad-CAM/attention visualization; FFT-related artifact
FFT_EfficientNet_1/output/image_translation/array_03/results/final_analysis_plots/gradcam_sample_389.png,gradcam_sample_389.png,.png,113090,2025-11-17T10:00:25+08:00,FFT_EfficientNet_1,image,Grad-CAM/attention visualization; FFT-related artifact
FFT_EfficientNet_1/output/image_translation/array_03/results/final_analysis_plots/gradcam_sample_420.png,gradcam_sample_420.png,.png,114659,2025-11-17T10:00:25+08:00,FFT_EfficientNet_1,image,Grad-CAM/attention visualization; FFT-related artifact
FFT_EfficientNet_1/output/image_translation/array_03/results/final_analysis_plots/gradcam_sample_428.png,gradcam_sample_428.png,.png,115285,2025-11-17T10:00:25+08:00,FFT_EfficientNet_1,image,Grad-CAM/attention visualization; FFT-related artifact
FFT_EfficientNet_1/output/image_translation/array_03/results/final_analysis_plots/gradcam_sample_429.png,gradcam_sample_429.png,.png,115345,2025-11-17T10:00:25+08:00,FFT_EfficientNet_1,image,Grad-CAM/attention visualization; FFT-related artifact
FFT_EfficientNet_1/output/image_translation/array_03/results/final_analysis_plots/gradcam_sample_885.png,gradcam_sample_885.png,.png,106849,2025-11-17T10:00:25+08:00,FFT_EfficientNet_1,image,Grad-CAM/attention visualization; FFT-related artifact
FFT_EfficientNet_1/output/image_translation/array_03/results/final_analysis_plots/gradcam_sample_893.png,gradcam_sample_893.png,.png,114378,2025-11-17T10:00:25+08:00,FFT_EfficientNet_1,image,Grad-CAM/attention visualization; FFT-related artifact
FFT_EfficientNet_1/output/image_translation/array_03/results/final_analysis_plots/gradcam_sample_894.png,gradcam_sample_894.png,.png,114893,2025-11-17T10:00:25+08:00,FFT_EfficientNet_1,image,Grad-CAM/attention visualization; FFT-related artifact
FFT_EfficientNet_1/output/image_translation/array_03/results/original_model_analysis_plots/_virtual_log_comparison.png,_virtual_log_comparison.png,.png,1237659,2025-11-17T10:01:35+08:00,FFT_EfficientNet_1,image,prediction-vs-ground-truth figure; FFT-related artifact
FFT_EfficientNet_1/output/image_translation/array_03/results/original_model_analysis_plots/combo_plots_High_Severity/combo_sample_1056.png,combo_sample_1056.png,.png,349960,2025-11-17T10:01:01+08:00,FFT_EfficientNet_1,image,FFT-related artifact
FFT_EfficientNet_1/output/image_translation/array_03/results/original_model_analysis_plots/combo_plots_High_Severity/combo_sample_1059.png,combo_sample_1059.png,.png,333342,2025-11-17T10:01:01+08:00,FFT_EfficientNet_1,image,FFT-related artifact
FFT_EfficientNet_1/output/image_translation/array_03/results/original_model_analysis_plots/combo_plots_High_Severity/combo_sample_1061.png,combo_sample_1061.png,.png,322440,2025-11-17T10:01:01+08:00,FFT_EfficientNet_1,image,FFT-related artifact
FFT_EfficientNet_1/output/image_translation/array_03/results/original_model_analysis_plots/combo_plots_High_Severity/combo_sample_1062.png,combo_sample_1062.png,.png,333862,2025-11-17T10:01:01+08:00,FFT_EfficientNet_1,image,FFT-related artifact
FFT_EfficientNet_1/output/image_translation/array_03/results/original_model_analysis_plots/combo_plots_High_Severity/combo_sample_1064.png,combo_sample_1064.png,.png,336264,2025-11-17T10:01:01+08:00,FFT_EfficientNet_1,image,FFT-related artifact
FFT_EfficientNet_1/output/image_translation/array_03/results/original_model_analysis_plots/combo_plots_High_Severity/combo_sample_1065.png,combo_sample_1065.png,.png,333633,2025-11-17T10:01:01+08:00,FFT_EfficientNet_1,image,FFT-related artifact
FFT_EfficientNet_1/output/image_translation/array_03/results/original_model_analysis_plots/combo_plots_High_Severity/combo_sample_1158.png,combo_sample_1158.png,.png,340097,2025-11-17T10:01:01+08:00,FFT_EfficientNet_1,image,FFT-related artifact
FFT_EfficientNet_1/output/image_translation/array_03/results/original_model_analysis_plots/combo_plots_High_Severity/combo_sample_1161.png,combo_sample_1161.png,.png,354567,2025-11-17T10:01:01+08:00,FFT_EfficientNet_1,image,FFT-related artifact
FFT_EfficientNet_1/output/image_translation/array_03/results/original_model_analysis_plots/combo_plots_High_Severity/combo_sample_1165.png,combo_sample_1165.png,.png,326546,2025-11-17T10:01:01+08:00,FFT_EfficientNet_1,image,FFT-related artifact
FFT_EfficientNet_1/output/image_translation/array_03/results/original_model_analysis_plots/combo_plots_High_Severity/combo_sample_1166.png,combo_sample_1166.png,.png,324468,2025-11-17T10:01:01+08:00,FFT_EfficientNet_1,image,FFT-related artifact
FFT_EfficientNet_1/output/image_translation/array_03/results/original_model_analysis_plots/combo_plots_High_Severity/combo_sample_1174.png,combo_sample_1174.png,.png,311993,2025-11-17T10:01:01+08:00,FFT_EfficientNet_1,image,FFT-related artifact
FFT_EfficientNet_1/output/image_translation/array_03/results/original_model_analysis_plots/combo_plots_High_Severity/combo_sample_1176.png,combo_sample_1176.png,.png,320205,2025-11-17T10:01:01+08:00,FFT_EfficientNet_1,image,FFT-related artifact
FFT_EfficientNet_1/output/image_translation/array_03/results/original_model_analysis_plots/combo_plots_High_Severity/combo_sample_1192.png,combo_sample_1192.png,.png,351153,2025-11-17T10:01:01+08:00,FFT_EfficientNet_1,image,FFT-related artifact
FFT_EfficientNet_1/output/image_translation/array_03/results/original_model_analysis_plots/combo_plots_High_Severity/combo_sample_1236.png,combo_sample_1236.png,.png,337202,2025-11-17T10:01:01+08:00,FFT_EfficientNet_1,image,FFT-related artifact
FFT_EfficientNet_1/output/image_translation/array_03/results/original_model_analysis_plots/combo_plots_High_Severity/combo_sample_1237.png,combo_sample_1237.png,.png,333789,2025-11-17T10:01:01+08:00,FFT_EfficientNet_1,image,FFT-related artifact
FFT_EfficientNet_1/output/image_translation/array_03/results/original_model_analysis_plots/combo_plots_High_Severity/combo_sample_1239.png,combo_sample_1239.png,.png,322876,2025-11-17T10:01:01+08:00,FFT_EfficientNet_1,image,FFT-related artifact
FFT_EfficientNet_1/output/image_translation/array_03/results/original_model_analysis_plots/combo_plots_High_Severity/combo_sample_1240.png,combo_sample_1240.png,.png,324491,2025-11-17T10:01:01+08:00,FFT_EfficientNet_1,image,FFT-related artifact
FFT_EfficientNet_1/output/image_translation/array_03/results/original_model_analysis_plots/combo_plots_High_Severity/combo_sample_1244.png,combo_sample_1244.png,.png,324572,2025-11-17T10:01:01+08:00,FFT_EfficientNet_1,image,FFT-related artifact
FFT_EfficientNet_1/output/image_translation/array_03/results/original_model_analysis_plots/combo_plots_High_Severity/combo_sample_1324.png,combo_sample_1324.png,.png,318092,2025-11-17T10:01:01+08:00,FFT_EfficientNet_1,image,FFT-related artifact
FFT_EfficientNet_1/output/image_translation/array_03/results/original_model_analysis_plots/combo_plots_High_Severity/combo_sample_1386.png,combo_sample_1386.png,.png,346848,2025-11-17T10:01:01+08:00,FFT_EfficientNet_1,image,FFT-related artifact
FFT_EfficientNet_1/output/image_translation/array_03/results/original_model_analysis_plots/combo_plots_High_Severity/combo_sample_1403.png,combo_sample_1403.png,.png,305455,2025-11-17T10:01:01+08:00,FFT_EfficientNet_1,image,FFT-related artifact
FFT_EfficientNet_1/output/image_translation/array_03/results/original_model_analysis_plots/combo_plots_High_Severity/combo_sample_1404.png,combo_sample_1404.png,.png,310033,2025-11-17T10:01:01+08:00,FFT_EfficientNet_1,image,FFT-related artifact
FFT_EfficientNet_1/output/image_translation/array_03/results/original_model_analysis_plots/combo_plots_High_Severity/combo_sample_1410.png,combo_sample_1410.png,.png,318020,2025-11-17T10:01:01+08:00,FFT_EfficientNet_1,image,FFT-related artifact
FFT_EfficientNet_1/output/image_translation/array_03/results/original_model_analysis_plots/combo_plots_High_Severity/combo_sample_1418.png,combo_sample_1418.png,.png,364738,2025-11-17T10:01:01+08:00,FFT_EfficientNet_1,image,FFT-related artifact
FFT_EfficientNet_1/output/image_translation/array_03/results/original_model_analysis_plots/combo_plots_High_Severity/combo_sample_1422.png,combo_sample_1422.png,.png,349388,2025-11-17T10:01:01+08:00,FFT_EfficientNet_1,image,FFT-related artifact
FFT_EfficientNet_1/output/image_translation/array_03/results/original_model_analysis_plots/combo_plots_High_Severity/combo_sample_1458.png,combo_sample_1458.png,.png,333823,2025-11-17T10:01:01+08:00,FFT_EfficientNet_1,image,FFT-related artifact
FFT_EfficientNet_1/output/image_translation/array_03/results/original_model_analysis_plots/combo_plots_High_Severity/combo_sample_1460.png,combo_sample_1460.png,.png,319667,2025-11-17T10:01:01+08:00,FFT_EfficientNet_1,image,FFT-related artifact
FFT_EfficientNet_1/output/image_translation/array_03/results/original_model_analysis_plots/combo_plots_High_Severity/combo_sample_1493.png,combo_sample_1493.png,.png,325519,2025-11-17T10:01:01+08:00,FFT_EfficientNet_1,image,FFT-related artifact
FFT_EfficientNet_1/output/image_translation/array_03/results/original_model_analysis_plots/combo_plots_High_Severity/combo_sample_1494.png,combo_sample_1494.png,.png,325418,2025-11-17T10:01:01+08:00,FFT_EfficientNet_1,image,FFT-related artifact
FFT_EfficientNet_1/output/image_translation/array_03/results/original_model_analysis_plots/combo_plots_High_Severity/combo_sample_1496.png,combo_sample_1496.png,.png,317665,2025-11-17T10:01:01+08:00,FFT_EfficientNet_1,image,FFT-related artifact
FFT_EfficientNet_1/output/image_translation/array_03/results/original_model_analysis_plots/combo_plots_High_Severity/combo_sample_1498.png,combo_sample_1498.png,.png,332696,2025-11-17T10:01:01+08:00,FFT_EfficientNet_1,image,FFT-related artifact
FFT_EfficientNet_1/output/image_translation/array_03/results/original_model_analysis_plots/combo_plots_High_Severity/combo_sample_1502.png,combo_sample_1502.png,.png,318204,2025-11-17T10:01:01+08:00,FFT_EfficientNet_1,image,FFT-related artifact
FFT_EfficientNet_1/output/image_translation/array_03/results/original_model_analysis_plots/combo_plots_High_Severity/combo_sample_1507.png,combo_sample_1507.png,.png,377085,2025-11-17T10:01:02+08:00,FFT_EfficientNet_1,image,FFT-related artifact
FFT_EfficientNet_1/output/image_translation/array_03/results/original_model_analysis_plots/combo_plots_High_Severity/combo_sample_1508.png,combo_sample_1508.png,.png,354546,2025-11-17T10:01:02+08:00,FFT_EfficientNet_1,image,FFT-related artifact
FFT_EfficientNet_1/output/image_translation/array_03/results/original_model_analysis_plots/combo_plots_High_Severity/combo_sample_1717.png,combo_sample_1717.png,.png,301197,2025-11-17T10:01:02+08:00,FFT_EfficientNet_1,image,FFT-related artifact
FFT_EfficientNet_1/output/image_translation/array_03/results/original_model_analysis_plots/combo_plots_High_Severity/combo_sample_1750.png,combo_sample_1750.png,.png,335616,2025-11-17T10:01:02+08:00,FFT_EfficientNet_1,image,FFT-related artifact
FFT_EfficientNet_1/output/image_translation/array_03/results/original_model_analysis_plots/combo_plots_High_Severity/combo_sample_1751.png,combo_sample_1751.png,.png,342467,2025-11-17T10:01:02+08:00,FFT_EfficientNet_1,image,FFT-related artifact
FFT_EfficientNet_1/output/image_translation/array_03/results/original_model_analysis_plots/combo_plots_High_Severity/combo_sample_1755.png,combo_sample_1755.png,.png,347854,2025-11-17T10:01:02+08:00,FFT_EfficientNet_1,image,FFT-related artifact
FFT_EfficientNet_1/output/image_translation/array_03/results/original_model_analysis_plots/combo_plots_High_Severity/combo_sample_1765.png,combo_sample_1765.png,.png,327114,2025-11-17T10:01:02+08:00,FFT_EfficientNet_1,image,FFT-related artifact
FFT_EfficientNet_1/output/image_translation/array_03/results/original_model_analysis_plots/combo_plots_High_Severity/combo_sample_2163.png,combo_sample_2163.png,.png,299713,2025-11-17T10:01:02+08:00,FFT_EfficientNet_1,image,FFT-related artifact
FFT_EfficientNet_1/output/image_translation/array_03/results/original_model_analysis_plots/combo_plots_High_Severity/combo_sample_228.png,combo_sample_228.png,.png,381783,2025-11-17T10:01:02+08:00,FFT_EfficientNet_1,image,FFT-related artifact
FFT_EfficientNet_1/output/image_translation/array_03/results/original_model_analysis_plots/combo_plots_High_Severity/combo_sample_233.png,combo_sample_233.png,.png,328131,2025-11-17T10:01:02+08:00,FFT_EfficientNet_1,image,FFT-related artifact
FFT_EfficientNet_1/output/image_translation/array_03/results/original_model_analysis_plots/combo_plots_High_Severity/combo_sample_238.png,combo_sample_238.png,.png,326006,2025-11-17T10:01:02+08:00,FFT_EfficientNet_1,image,FFT-related artifact
FFT_EfficientNet_1/output/image_translation/array_03/results/original_model_analysis_plots/combo_plots_High_Severity/combo_sample_244.png,combo_sample_244.png,.png,333024,2025-11-17T10:01:02+08:00,FFT_EfficientNet_1,image,FFT-related artifact
FFT_EfficientNet_1/output/image_translation/array_03/results/original_model_analysis_plots/combo_plots_High_Severity/combo_sample_245.png,combo_sample_245.png,.png,340788,2025-11-17T10:01:02+08:00,FFT_EfficientNet_1,image,FFT-related artifact
FFT_EfficientNet_1/output/image_translation/array_03/results/original_model_analysis_plots/combo_plots_High_Severity/combo_sample_246.png,combo_sample_246.png,.png,349937,2025-11-17T10:01:02+08:00,FFT_EfficientNet_1,image,FFT-related artifact
FFT_EfficientNet_1/output/image_translation/array_03/results/original_model_analysis_plots/combo_plots_High_Severity/combo_sample_247.png,combo_sample_247.png,.png,341717,2025-11-17T10:01:02+08:00,FFT_EfficientNet_1,image,FFT-related artifact
FFT_EfficientNet_1/output/image_translation/array_03/results/original_model_analysis_plots/combo_plots_High_Severity/combo_sample_259.png,combo_sample_259.png,.png,319121,2025-11-17T10:01:02+08:00,FFT_EfficientNet_1,image,FFT-related artifact
FFT_EfficientNet_1/output/image_translation/array_03/results/original_model_analysis_plots/combo_plots_High_Severity/combo_sample_260.png,combo_sample_260.png,.png,321738,2025-11-17T10:01:02+08:00,FFT_EfficientNet_1,image,FFT-related artifact
FFT_EfficientNet_1/output/image_translation/array_03/results/original_model_analysis_plots/combo_plots_High_Severity/combo_sample_262.png,combo_sample_262.png,.png,322928,2025-11-17T10:01:02+08:00,FFT_EfficientNet_1,image,FFT-related artifact
FFT_EfficientNet_1/output/image_translation/array_03/results/original_model_analysis_plots/combo_plots_High_Severity/combo_sample_264.png,combo_sample_264.png,.png,330306,2025-11-17T10:01:02+08:00,FFT_EfficientNet_1,image,FFT-related artifact
FFT_EfficientNet_1/output/image_translation/array_03/results/original_model_analysis_plots/combo_plots_High_Severity/combo_sample_265.png,combo_sample_265.png,.png,332283,2025-11-17T10:01:02+08:00,FFT_EfficientNet_1,image,FFT-related artifact
FFT_EfficientNet_1/output/image_translation/array_03/results/original_model_analysis_plots/combo_plots_High_Severity/combo_sample_269.png,combo_sample_269.png,.png,326542,2025-11-17T10:01:02+08:00,FFT_EfficientNet_1,image,FFT-related artifact
FFT_EfficientNet_1/output/image_translation/array_03/results/original_model_analysis_plots/combo_plots_High_Severity/combo_sample_273.png,combo_sample_273.png,.png,317142,2025-11-17T10:01:02+08:00,FFT_EfficientNet_1,image,FFT-related artifact
FFT_EfficientNet_1/output/image_translation/array_03/results/original_model_analysis_plots/combo_plots_High_Severity/combo_sample_2773.png,combo_sample_2773.png,.png,313135,2025-11-17T10:01:02+08:00,FFT_EfficientNet_1,image,FFT-related artifact
FFT_EfficientNet_1/output/image_translation/array_03/results/original_model_analysis_plots/combo_plots_High_Severity/combo_sample_278.png,combo_sample_278.png,.png,320736,2025-11-17T10:01:02+08:00,FFT_EfficientNet_1,image,FFT-related artifact
FFT_EfficientNet_1/output/image_translation/array_03/results/original_model_analysis_plots/combo_plots_High_Severity/combo_sample_281.png,combo_sample_281.png,.png,318572,2025-11-17T10:01:02+08:00,FFT_EfficientNet_1,image,FFT-related artifact
FFT_EfficientNet_1/output/image_translation/array_03/results/original_model_analysis_plots/combo_plots_High_Severity/combo_sample_283.png,combo_sample_283.png,.png,320307,2025-11-17T10:01:02+08:00,FFT_EfficientNet_1,image,FFT-related artifact
FFT_EfficientNet_1/output/image_translation/array_03/results/original_model_analysis_plots/combo_plots_High_Severity/combo_sample_285.png,combo_sample_285.png,.png,313939,2025-11-17T10:01:02+08:00,FFT_EfficientNet_1,image,FFT-related artifact
FFT_EfficientNet_1/output/image_translation/array_03/results/original_model_analysis_plots/combo_plots_High_Severity/combo_sample_291.png,combo_sample_291.png,.png,348500,2025-11-17T10:01:02+08:00,FFT_EfficientNet_1,image,FFT-related artifact
FFT_EfficientNet_1/output/image_translation/array_03/results/original_model_analysis_plots/combo_plots_High_Severity/combo_sample_315.png,combo_sample_315.png,.png,317868,2025-11-17T10:01:02+08:00,FFT_EfficientNet_1,image,FFT-related artifact
FFT_EfficientNet_1/output/image_translation/array_03/results/original_model_analysis_plots/combo_plots_High_Severity/combo_sample_316.png,combo_sample_316.png,.png,326090,2025-11-17T10:01:02+08:00,FFT_EfficientNet_1,image,FFT-related artifact
FFT_EfficientNet_1/output/image_translation/array_03/results/original_model_analysis_plots/combo_plots_High_Severity/combo_sample_317.png,combo_sample_317.png,.png,335355,2025-11-17T10:01:02+08:00,FFT_EfficientNet_1,image,FFT-related artifact
FFT_EfficientNet_1/output/image_translation/array_03/results/original_model_analysis_plots/combo_plots_High_Severity/combo_sample_337.png,combo_sample_337.png,.png,315459,2025-11-17T10:01:02+08:00,FFT_EfficientNet_1,image,FFT-related artifact
FFT_EfficientNet_1/output/image_translation/array_03/results/original_model_analysis_plots/combo_plots_High_Severity/combo_sample_338.png,combo_sample_338.png,.png,308346,2025-11-17T10:01:02+08:00,FFT_EfficientNet_1,image,FFT-related artifact
FFT_EfficientNet_1/output/image_translation/array_03/results/original_model_analysis_plots/combo_plots_High_Severity/combo_sample_341.png,combo_sample_341.png,.png,313606,2025-11-17T10:01:02+08:00,FFT_EfficientNet_1,image,FFT-related artifact
FFT_EfficientNet_1/output/image_translation/array_03/results/original_model_analysis_plots/combo_plots_High_Severity/combo_sample_342.png,combo_sample_342.png,.png,306385,2025-11-17T10:01:02+08:00,FFT_EfficientNet_1,image,FFT-related artifact
FFT_EfficientNet_1/output/image_translation/array_03/results/original_model_analysis_plots/combo_plots_High_Severity/combo_sample_343.png,combo_sample_343.png,.png,306629,2025-11-17T10:01:02+08:00,FFT_EfficientNet_1,image,FFT-related artifact
FFT_EfficientNet_1/output/image_translation/array_03/results/original_model_analysis_plots/combo_plots_High_Severity/combo_sample_344.png,combo_sample_344.png,.png,307381,2025-11-17T10:01:02+08:00,FFT_EfficientNet_1,image,FFT-related artifact
FFT_EfficientNet_1/output/image_translation/array_03/results/original_model_analysis_plots/combo_plots_High_Severity/combo_sample_347.png,combo_sample_347.png,.png,307983,2025-11-17T10:01:02+08:00,FFT_EfficientNet_1,image,FFT-related artifact
FFT_EfficientNet_1/output/image_translation/array_03/results/original_model_analysis_plots/combo_plots_High_Severity/combo_sample_349.png,combo_sample_349.png,.png,315560,2025-11-17T10:01:02+08:00,FFT_EfficientNet_1,image,FFT-related artifact
FFT_EfficientNet_1/output/image_translation/array_03/results/original_model_analysis_plots/combo_plots_High_Severity/combo_sample_350.png,combo_sample_350.png,.png,318291,2025-11-17T10:01:03+08:00,FFT_EfficientNet_1,image,FFT-related artifact
FFT_EfficientNet_1/output/image_translation/array_03/results/original_model_analysis_plots/combo_plots_High_Severity/combo_sample_355.png,combo_sample_355.png,.png,328768,2025-11-17T10:01:02+08:00,FFT_EfficientNet_1,image,FFT-related artifact
FFT_EfficientNet_1/output/image_translation/array_03/results/original_model_analysis_plots/combo_plots_High_Severity/combo_sample_357.png,combo_sample_357.png,.png,319976,2025-11-17T10:01:03+08:00,FFT_EfficientNet_1,image,FFT-related artifact
FFT_EfficientNet_1/output/image_translation/array_03/results/original_model_analysis_plots/combo_plots_High_Severity/combo_sample_359.png,combo_sample_359.png,.png,322733,2025-11-17T10:01:03+08:00,FFT_EfficientNet_1,image,FFT-related artifact
FFT_EfficientNet_1/output/image_translation/array_03/results/original_model_analysis_plots/combo_plots_High_Severity/combo_sample_36.png,combo_sample_36.png,.png,300713,2025-11-17T10:01:03+08:00,FFT_EfficientNet_1,image,FFT-related artifact
FFT_EfficientNet_1/output/image_translation/array_03/results/original_model_analysis_plots/combo_plots_High_Severity/combo_sample_365.png,combo_sample_365.png,.png,309960,2025-11-17T10:01:03+08:00,FFT_EfficientNet_1,image,FFT-related artifact
FFT_EfficientNet_1/output/image_translation/array_03/results/original_model_analysis_plots/combo_plots_High_Severity/combo_sample_366.png,combo_sample_366.png,.png,299019,2025-11-17T10:01:03+08:00,FFT_EfficientNet_1,image,FFT-related artifact
FFT_EfficientNet_1/output/image_translation/array_03/results/original_model_analysis_plots/combo_plots_High_Severity/combo_sample_369.png,combo_sample_369.png,.png,312810,2025-11-17T10:01:03+08:00,FFT_EfficientNet_1,image,FFT-related artifact
FFT_EfficientNet_1/output/image_translation/array_03/results/original_model_analysis_plots/combo_plots_High_Severity/combo_sample_371.png,combo_sample_371.png,.png,326087,2025-11-17T10:01:03+08:00,FFT_EfficientNet_1,image,FFT-related artifact
FFT_EfficientNet_1/output/image_translation/array_03/results/original_model_analysis_plots/combo_plots_High_Severity/combo_sample_372.png,combo_sample_372.png,.png,326262,2025-11-17T10:01:03+08:00,FFT_EfficientNet_1,image,FFT-related artifact
FFT_EfficientNet_1/output/image_translation/array_03/results/original_model_analysis_plots/combo_plots_High_Severity/combo_sample_379.png,combo_sample_379.png,.png,320126,2025-11-17T10:01:03+08:00,FFT_EfficientNet_1,image,FFT-related artifact
FFT_EfficientNet_1/output/image_translation/array_03/results/original_model_analysis_plots/combo_plots_High_Severity/combo_sample_382.png,combo_sample_382.png,.png,322943,2025-11-17T10:01:03+08:00,FFT_EfficientNet_1,image,FFT-related artifact
FFT_EfficientNet_1/output/image_translation/array_03/results/original_model_analysis_plots/combo_plots_High_Severity/combo_sample_385.png,combo_sample_385.png,.png,332178,2025-11-17T10:01:03+08:00,FFT_EfficientNet_1,image,FFT-related artifact
FFT_EfficientNet_1/output/image_translation/array_03/results/original_model_analysis_plots/combo_plots_High_Severity/combo_sample_386.png,combo_sample_386.png,.png,337497,2025-11-17T10:01:03+08:00,FFT_EfficientNet_1,image,FFT-related artifact
FFT_EfficientNet_1/output/image_translation/array_03/results/original_model_analysis_plots/combo_plots_High_Severity/combo_sample_389.png,combo_sample_389.png,.png,338068,2025-11-17T10:01:03+08:00,FFT_EfficientNet_1,image,FFT-related artifact
FFT_EfficientNet_1/output/image_translation/array_03/results/original_model_analysis_plots/combo_plots_High_Severity/combo_sample_391.png,combo_sample_391.png,.png,347939,2025-11-17T10:01:03+08:00,FFT_EfficientNet_1,image,FFT-related artifact
FFT_EfficientNet_1/output/image_translation/array_03/results/original_model_analysis_plots/combo_plots_High_Severity/combo_sample_392.png,combo_sample_392.png,.png,333475,2025-11-17T10:01:03+08:00,FFT_EfficientNet_1,image,FFT-related artifact
FFT_EfficientNet_1/output/image_translation/array_03/results/original_model_analysis_plots/combo_plots_High_Severity/combo_sample_393.png,combo_sample_393.png,.png,335358,2025-11-17T10:01:03+08:00,FFT_EfficientNet_1,image,FFT-related artifact
FFT_EfficientNet_1/output/image_translation/array_03/results/original_model_analysis_plots/combo_plots_High_Severity/combo_sample_396.png,combo_sample_396.png,.png,339254,2025-11-17T10:01:03+08:00,FFT_EfficientNet_1,image,FFT-related artifact
FFT_EfficientNet_1/output/image_translation/array_03/results/original_model_analysis_plots/combo_plots_High_Severity/combo_sample_397.png,combo_sample_397.png,.png,336049,2025-11-17T10:01:03+08:00,FFT_EfficientNet_1,image,FFT-related artifact
FFT_EfficientNet_1/output/image_translation/array_03/results/original_model_analysis_plots/combo_plots_High_Severity/combo_sample_398.png,combo_sample_398.png,.png,333091,2025-11-17T10:01:03+08:00,FFT_EfficientNet_1,image,FFT-related artifact
FFT_EfficientNet_1/output/image_translation/array_03/results/original_model_analysis_plots/combo_plots_High_Severity/combo_sample_412.png,combo_sample_412.png,.png,332182,2025-11-17T10:01:03+08:00,FFT_EfficientNet_1,image,FFT-related artifact
FFT_EfficientNet_1/output/image_translation/array_03/results/original_model_analysis_plots/combo_plots_High_Severity/combo_sample_413.png,combo_sample_413.png,.png,331444,2025-11-17T10:01:03+08:00,FFT_EfficientNet_1,image,FFT-related artifact
FFT_EfficientNet_1/output/image_translation/array_03/results/original_model_analysis_plots/combo_plots_High_Severity/combo_sample_414.png,combo_sample_414.png,.png,308227,2025-11-17T10:01:03+08:00,FFT_EfficientNet_1,image,FFT-related artifact
FFT_EfficientNet_1/output/image_translation/array_03/results/original_model_analysis_plots/combo_plots_High_Severity/combo_sample_417.png,combo_sample_417.png,.png,324105,2025-11-17T10:01:03+08:00,FFT_EfficientNet_1,image,FFT-related artifact
FFT_EfficientNet_1/output/image_translation/array_03/results/original_model_analysis_plots/combo_plots_High_Severity/combo_sample_422.png,combo_sample_422.png,.png,322680,2025-11-17T10:01:03+08:00,FFT_EfficientNet_1,image,FFT-related artifact
FFT_EfficientNet_1/output/image_translation/array_03/results/original_model_analysis_plots/combo_plots_High_Severity/combo_sample_424.png,combo_sample_424.png,.png,335827,2025-11-17T10:01:03+08:00,FFT_EfficientNet_1,image,FFT-related artifact
FFT_EfficientNet_1/output/image_translation/array_03/results/original_model_analysis_plots/combo_plots_High_Severity/combo_sample_426.png,combo_sample_426.png,.png,339592,2025-11-17T10:01:03+08:00,FFT_EfficientNet_1,image,FFT-related artifact
FFT_EfficientNet_1/output/image_translation/array_03/results/original_model_analysis_plots/combo_plots_High_Severity/combo_sample_427.png,combo_sample_427.png,.png,334708,2025-11-17T10:01:03+08:00,FFT_EfficientNet_1,image,FFT-related artifact
FFT_EfficientNet_1/output/image_translation/array_03/results/original_model_analysis_plots/combo_plots_High_Severity/combo_sample_437.png,combo_sample_437.png,.png,342803,2025-11-17T10:01:03+08:00,FFT_EfficientNet_1,image,FFT-related artifact
FFT_EfficientNet_1/output/image_translation/array_03/results/original_model_analysis_plots/combo_plots_High_Severity/combo_sample_439.png,combo_sample_439.png,.png,330494,2025-11-17T10:01:03+08:00,FFT_EfficientNet_1,image,FFT-related artifact
FFT_EfficientNet_1/output/image_translation/array_03/results/original_model_analysis_plots/combo_plots_High_Severity/combo_sample_442.png,combo_sample_442.png,.png,324965,2025-11-17T10:01:03+08:00,FFT_EfficientNet_1,image,FFT-related artifact
FFT_EfficientNet_1/output/image_translation/array_03/results/original_model_analysis_plots/combo_plots_High_Severity/combo_sample_447.png,combo_sample_447.png,.png,305969,2025-11-17T10:01:03+08:00,FFT_EfficientNet_1,image,FFT-related artifact
FFT_EfficientNet_1/output/image_translation/array_03/results/original_model_analysis_plots/combo_plots_High_Severity/combo_sample_448.png,combo_sample_448.png,.png,305668,2025-11-17T10:01:03+08:00,FFT_EfficientNet_1,image,FFT-related artifact
FFT_EfficientNet_1/output/image_translation/array_03/results/original_model_analysis_plots/combo_plots_High_Severity/combo_sample_449.png,combo_sample_449.png,.png,335530,2025-11-17T10:01:03+08:00,FFT_EfficientNet_1,image,FFT-related artifact
FFT_EfficientNet_1/output/image_translation/array_03/results/original_model_analysis_plots/combo_plots_High_Severity/combo_sample_466.png,combo_sample_466.png,.png,315178,2025-11-17T10:01:03+08:00,FFT_EfficientNet_1,image,FFT-related artifact
FFT_EfficientNet_1/output/image_translation/array_03/results/original_model_analysis_plots/combo_plots_High_Severity/combo_sample_467.png,combo_sample_467.png,.png,317335,2025-11-17T10:01:04+08:00,FFT_EfficientNet_1,image,FFT-related artifact
FFT_EfficientNet_1/output/image_translation/array_03/results/original_model_analysis_plots/combo_plots_High_Severity/combo_sample_471.png,combo_sample_471.png,.png,317688,2025-11-17T10:01:04+08:00,FFT_EfficientNet_1,image,FFT-related artifact
FFT_EfficientNet_1/output/image_translation/array_03/results/original_model_analysis_plots/combo_plots_High_Severity/combo_sample_475.png,combo_sample_475.png,.png,333157,2025-11-17T10:01:03+08:00,FFT_EfficientNet_1,image,FFT-related artifact
FFT_EfficientNet_1/output/image_translation/array_03/results/original_model_analysis_plots/combo_plots_High_Severity/combo_sample_476.png,combo_sample_476.png,.png,340817,2025-11-17T10:01:04+08:00,FFT_EfficientNet_1,image,FFT-related artifact
FFT_EfficientNet_1/output/image_translation/array_03/results/original_model_analysis_plots/combo_plots_High_Severity/combo_sample_480.png,combo_sample_480.png,.png,338029,2025-11-17T10:01:04+08:00,FFT_EfficientNet_1,image,FFT-related artifact
FFT_EfficientNet_1/output/image_translation/array_03/results/original_model_analysis_plots/combo_plots_High_Severity/combo_sample_481.png,combo_sample_481.png,.png,339286,2025-11-17T10:01:04+08:00,FFT_EfficientNet_1,image,FFT-related artifact
FFT_EfficientNet_1/output/image_translation/array_03/results/original_model_analysis_plots/combo_plots_High_Severity/combo_sample_482.png,combo_sample_482.png,.png,340994,2025-11-17T10:01:04+08:00,FFT_EfficientNet_1,image,FFT-related artifact
FFT_EfficientNet_1/output/image_translation/array_03/results/original_model_analysis_plots/combo_plots_High_Severity/combo_sample_520.png,combo_sample_520.png,.png,306059,2025-11-17T10:01:04+08:00,FFT_EfficientNet_1,image,FFT-related artifact
FFT_EfficientNet_1/output/image_translation/array_03/results/original_model_analysis_plots/combo_plots_High_Severity/combo_sample_526.png,combo_sample_526.png,.png,293370,2025-11-17T10:01:04+08:00,FFT_EfficientNet_1,image,FFT-related artifact
FFT_EfficientNet_1/output/image_translation/array_03/results/original_model_analysis_plots/combo_plots_High_Severity/combo_sample_560.png,combo_sample_560.png,.png,325026,2025-11-17T10:01:04+08:00,FFT_EfficientNet_1,image,FFT-related artifact
FFT_EfficientNet_1/output/image_translation/array_03/results/original_model_analysis_plots/combo_plots_High_Severity/combo_sample_574.png,combo_sample_574.png,.png,311577,2025-11-17T10:01:04+08:00,FFT_EfficientNet_1,image,FFT-related artifact
FFT_EfficientNet_1/output/image_translation/array_03/results/original_model_analysis_plots/combo_plots_High_Severity/combo_sample_576.png,combo_sample_576.png,.png,314508,2025-11-17T10:01:04+08:00,FFT_EfficientNet_1,image,FFT-related artifact
FFT_EfficientNet_1/output/image_translation/array_03/results/original_model_analysis_plots/combo_plots_High_Severity/combo_sample_591.png,combo_sample_591.png,.png,321071,2025-11-17T10:01:04+08:00,FFT_EfficientNet_1,image,FFT-related artifact
FFT_EfficientNet_1/output/image_translation/array_03/results/original_model_analysis_plots/combo_plots_High_Severity/combo_sample_596.png,combo_sample_596.png,.png,325428,2025-11-17T10:01:04+08:00,FFT_EfficientNet_1,image,FFT-related artifact
FFT_EfficientNet_1/output/image_translation/array_03/results/original_model_analysis_plots/combo_plots_High_Severity/combo_sample_598.png,combo_sample_598.png,.png,329327,2025-11-17T10:01:04+08:00,FFT_EfficientNet_1,image,FFT-related artifact
FFT_EfficientNet_1/output/image_translation/array_03/results/original_model_analysis_plots/combo_plots_High_Severity/combo_sample_602.png,combo_sample_602.png,.png,322823,2025-11-17T10:01:04+08:00,FFT_EfficientNet_1,image,FFT-related artifact
FFT_EfficientNet_1/output/image_translation/array_03/results/original_model_analysis_plots/combo_plots_High_Severity/combo_sample_603.png,combo_sample_603.png,.png,322878,2025-11-17T10:01:04+08:00,FFT_EfficientNet_1,image,FFT-related artifact
FFT_EfficientNet_1/output/image_translation/array_03/results/original_model_analysis_plots/combo_plots_High_Severity/combo_sample_605.png,combo_sample_605.png,.png,342177,2025-11-17T10:01:04+08:00,FFT_EfficientNet_1,image,FFT-related artifact
FFT_EfficientNet_1/output/image_translation/array_03/results/original_model_analysis_plots/combo_plots_High_Severity/combo_sample_61.png,combo_sample_61.png,.png,339629,2025-11-17T10:01:04+08:00,FFT_EfficientNet_1,image,FFT-related artifact
FFT_EfficientNet_1/output/image_translation/array_03/results/original_model_analysis_plots/combo_plots_High_Severity/combo_sample_635.png,combo_sample_635.png,.png,330226,2025-11-17T10:01:04+08:00,FFT_EfficientNet_1,image,FFT-related artifact
FFT_EfficientNet_1/output/image_translation/array_03/results/original_model_analysis_plots/combo_plots_High_Severity/combo_sample_637.png,combo_sample_637.png,.png,316151,2025-11-17T10:01:04+08:00,FFT_EfficientNet_1,image,FFT-related artifact
FFT_EfficientNet_1/output/image_translation/array_03/results/original_model_analysis_plots/combo_plots_High_Severity/combo_sample_639.png,combo_sample_639.png,.png,316957,2025-11-17T10:01:04+08:00,FFT_EfficientNet_1,image,FFT-related artifact
FFT_EfficientNet_1/output/image_translation/array_03/results/original_model_analysis_plots/combo_plots_High_Severity/combo_sample_640.png,combo_sample_640.png,.png,320063,2025-11-17T10:01:04+08:00,FFT_EfficientNet_1,image,FFT-related artifact
FFT_EfficientNet_1/output/image_translation/array_03/results/original_model_analysis_plots/combo_plots_High_Severity/combo_sample_643.png,combo_sample_643.png,.png,332049,2025-11-17T10:01:04+08:00,FFT_EfficientNet_1,image,FFT-related artifact
FFT_EfficientNet_1/output/image_translation/array_03/results/original_model_analysis_plots/combo_plots_High_Severity/combo_sample_645.png,combo_sample_645.png,.png,333805,2025-11-17T10:01:04+08:00,FFT_EfficientNet_1,image,FFT-related artifact
FFT_EfficientNet_1/output/image_translation/array_03/results/original_model_analysis_plots/combo_plots_High_Severity/combo_sample_649.png,combo_sample_649.png,.png,320510,2025-11-17T10:01:04+08:00,FFT_EfficientNet_1,image,FFT-related artifact
FFT_EfficientNet_1/output/image_translation/array_03/results/original_model_analysis_plots/combo_plots_High_Severity/combo_sample_653.png,combo_sample_653.png,.png,341342,2025-11-17T10:01:04+08:00,FFT_EfficientNet_1,image,FFT-related artifact
FFT_EfficientNet_1/output/image_translation/array_03/results/original_model_analysis_plots/combo_plots_High_Severity/combo_sample_654.png,combo_sample_654.png,.png,325210,2025-11-17T10:01:04+08:00,FFT_EfficientNet_1,image,FFT-related artifact
FFT_EfficientNet_1/output/image_translation/array_03/results/original_model_analysis_plots/combo_plots_High_Severity/combo_sample_656.png,combo_sample_656.png,.png,321311,2025-11-17T10:01:04+08:00,FFT_EfficientNet_1,image,FFT-related artifact
FFT_EfficientNet_1/output/image_translation/array_03/results/original_model_analysis_plots/combo_plots_High_Severity/combo_sample_657.png,combo_sample_657.png,.png,319709,2025-11-17T10:01:04+08:00,FFT_EfficientNet_1,image,FFT-related artifact
FFT_EfficientNet_1/output/image_translation/array_03/results/original_model_analysis_plots/combo_plots_High_Severity/combo_sample_665.png,combo_sample_665.png,.png,331640,2025-11-17T10:01:04+08:00,FFT_EfficientNet_1,image,FFT-related artifact
FFT_EfficientNet_1/output/image_translation/array_03/results/original_model_analysis_plots/combo_plots_High_Severity/combo_sample_672.png,combo_sample_672.png,.png,333729,2025-11-17T10:01:04+08:00,FFT_EfficientNet_1,image,FFT-related artifact
FFT_EfficientNet_1/output/image_translation/array_03/results/original_model_analysis_plots/combo_plots_High_Severity/combo_sample_674.png,combo_sample_674.png,.png,322131,2025-11-17T10:01:04+08:00,FFT_EfficientNet_1,image,FFT-related artifact
FFT_EfficientNet_1/output/image_translation/array_03/results/original_model_analysis_plots/combo_plots_High_Severity/combo_sample_676.png,combo_sample_676.png,.png,336983,2025-11-17T10:01:04+08:00,FFT_EfficientNet_1,image,FFT-related artifact
FFT_EfficientNet_1/output/image_translation/array_03/results/original_model_analysis_plots/combo_plots_High_Severity/combo_sample_677.png,combo_sample_677.png,.png,333032,2025-11-17T10:01:04+08:00,FFT_EfficientNet_1,image,FFT-related artifact
FFT_EfficientNet_1/output/image_translation/array_03/results/original_model_analysis_plots/combo_plots_High_Severity/combo_sample_682.png,combo_sample_682.png,.png,339826,2025-11-17T10:01:04+08:00,FFT_EfficientNet_1,image,FFT-related artifact
FFT_EfficientNet_1/output/image_translation/array_03/results/original_model_analysis_plots/combo_plots_High_Severity/combo_sample_684.png,combo_sample_684.png,.png,347115,2025-11-17T10:01:04+08:00,FFT_EfficientNet_1,image,FFT-related artifact
FFT_EfficientNet_1/output/image_translation/array_03/results/original_model_analysis_plots/combo_plots_High_Severity/combo_sample_686.png,combo_sample_686.png,.png,342416,2025-11-17T10:01:04+08:00,FFT_EfficientNet_1,image,FFT-related artifact
FFT_EfficientNet_1/output/image_translation/array_03/results/original_model_analysis_plots/combo_plots_High_Severity/combo_sample_688.png,combo_sample_688.png,.png,332103,2025-11-17T10:01:04+08:00,FFT_EfficientNet_1,image,FFT-related artifact
FFT_EfficientNet_1/output/image_translation/array_03/results/original_model_analysis_plots/combo_plots_High_Severity/combo_sample_690.png,combo_sample_690.png,.png,341899,2025-11-17T10:01:04+08:00,FFT_EfficientNet_1,image,FFT-related artifact
FFT_EfficientNet_1/output/image_translation/array_03/results/original_model_analysis_plots/combo_plots_High_Severity/combo_sample_701.png,combo_sample_701.png,.png,317418,2025-11-17T10:01:05+08:00,FFT_EfficientNet_1,image,FFT-related artifact
FFT_EfficientNet_1/output/image_translation/array_03/results/original_model_analysis_plots/combo_plots_High_Severity/combo_sample_706.png,combo_sample_706.png,.png,336160,2025-11-17T10:01:04+08:00,FFT_EfficientNet_1,image,FFT-related artifact
FFT_EfficientNet_1/output/image_translation/array_03/results/original_model_analysis_plots/combo_plots_High_Severity/combo_sample_707.png,combo_sample_707.png,.png,326884,2025-11-17T10:01:05+08:00,FFT_EfficientNet_1,image,FFT-related artifact
FFT_EfficientNet_1/output/image_translation/array_03/results/original_model_analysis_plots/combo_plots_High_Severity/combo_sample_711.png,combo_sample_711.png,.png,325782,2025-11-17T10:01:05+08:00,FFT_EfficientNet_1,image,FFT-related artifact
FFT_EfficientNet_1/output/image_translation/array_03/results/original_model_analysis_plots/combo_plots_High_Severity/combo_sample_712.png,combo_sample_712.png,.png,341082,2025-11-17T10:01:05+08:00,FFT_EfficientNet_1,image,FFT-related artifact
FFT_EfficientNet_1/output/image_translation/array_03/results/original_model_analysis_plots/combo_plots_High_Severity/combo_sample_720.png,combo_sample_720.png,.png,326188,2025-11-17T10:01:05+08:00,FFT_EfficientNet_1,image,FFT-related artifact
FFT_EfficientNet_1/output/image_translation/array_03/results/original_model_analysis_plots/combo_plots_High_Severity/combo_sample_725.png,combo_sample_725.png,.png,326626,2025-11-17T10:01:05+08:00,FFT_EfficientNet_1,image,FFT-related artifact
FFT_EfficientNet_1/output/image_translation/array_03/results/original_model_analysis_plots/combo_plots_High_Severity/combo_sample_726.png,combo_sample_726.png,.png,315933,2025-11-17T10:01:05+08:00,FFT_EfficientNet_1,image,FFT-related artifact
FFT_EfficientNet_1/output/image_translation/array_03/results/original_model_analysis_plots/combo_plots_High_Severity/combo_sample_727.png,combo_sample_727.png,.png,318556,2025-11-17T10:01:05+08:00,FFT_EfficientNet_1,image,FFT-related artifact
FFT_EfficientNet_1/output/image_translation/array_03/results/original_model_analysis_plots/combo_plots_High_Severity/combo_sample_730.png,combo_sample_730.png,.png,313975,2025-11-17T10:01:05+08:00,FFT_EfficientNet_1,image,FFT-related artifact
FFT_EfficientNet_1/output/image_translation/array_03/results/original_model_analysis_plots/combo_plots_High_Severity/combo_sample_733.png,combo_sample_733.png,.png,325712,2025-11-17T10:01:05+08:00,FFT_EfficientNet_1,image,FFT-related artifact
FFT_EfficientNet_1/output/image_translation/array_03/results/original_model_analysis_plots/combo_plots_High_Severity/combo_sample_744.png,combo_sample_744.png,.png,345787,2025-11-17T10:01:05+08:00,FFT_EfficientNet_1,image,FFT-related artifact
FFT_EfficientNet_1/output/image_translation/array_03/results/original_model_analysis_plots/combo_plots_High_Severity/combo_sample_747.png,combo_sample_747.png,.png,330321,2025-11-17T10:01:05+08:00,FFT_EfficientNet_1,image,FFT-related artifact
FFT_EfficientNet_1/output/image_translation/array_03/results/original_model_analysis_plots/combo_plots_High_Severity/combo_sample_749.png,combo_sample_749.png,.png,327712,2025-11-17T10:01:05+08:00,FFT_EfficientNet_1,image,FFT-related artifact
FFT_EfficientNet_1/output/image_translation/array_03/results/original_model_analysis_plots/combo_plots_High_Severity/combo_sample_750.png,combo_sample_750.png,.png,326369,2025-11-17T10:01:05+08:00,FFT_EfficientNet_1,image,FFT-related artifact
FFT_EfficientNet_1/output/image_translation/array_03/results/original_model_analysis_plots/combo_plots_High_Severity/combo_sample_753.png,combo_sample_753.png,.png,335520,2025-11-17T10:01:05+08:00,FFT_EfficientNet_1,image,FFT-related artifact
FFT_EfficientNet_1/output/image_translation/array_03/results/original_model_analysis_plots/combo_plots_High_Severity/combo_sample_756.png,combo_sample_756.png,.png,315059,2025-11-17T10:01:05+08:00,FFT_EfficientNet_1,image,FFT-related artifact
FFT_EfficientNet_1/output/image_translation/array_03/results/original_model_analysis_plots/combo_plots_High_Severity/combo_sample_764.png,combo_sample_764.png,.png,311965,2025-11-17T10:01:05+08:00,FFT_EfficientNet_1,image,FFT-related artifact
FFT_EfficientNet_1/output/image_translation/array_03/results/original_model_analysis_plots/combo_plots_High_Severity/combo_sample_765.png,combo_sample_765.png,.png,334199,2025-11-17T10:01:05+08:00,FFT_EfficientNet_1,image,FFT-related artifact
FFT_EfficientNet_1/output/image_translation/array_03/results/original_model_analysis_plots/combo_plots_High_Severity/combo_sample_770.png,combo_sample_770.png,.png,303201,2025-11-17T10:01:05+08:00,FFT_EfficientNet_1,image,FFT-related artifact
FFT_EfficientNet_1/output/image_translation/array_03/results/original_model_analysis_plots/combo_plots_High_Severity/combo_sample_771.png,combo_sample_771.png,.png,302974,2025-11-17T10:01:05+08:00,FFT_EfficientNet_1,image,FFT-related artifact
FFT_EfficientNet_1/output/image_translation/array_03/results/original_model_analysis_plots/combo_plots_High_Severity/combo_sample_772.png,combo_sample_772.png,.png,310120,2025-11-17T10:01:05+08:00,FFT_EfficientNet_1,image,FFT-related artifact
FFT_EfficientNet_1/output/image_translation/array_03/results/original_model_analysis_plots/combo_plots_High_Severity/combo_sample_774.png,combo_sample_774.png,.png,300459,2025-11-17T10:01:05+08:00,FFT_EfficientNet_1,image,FFT-related artifact
FFT_EfficientNet_1/output/image_translation/array_03/results/original_model_analysis_plots/combo_plots_High_Severity/combo_sample_782.png,combo_sample_782.png,.png,352008,2025-11-17T10:01:05+08:00,FFT_EfficientNet_1,image,FFT-related artifact
FFT_EfficientNet_1/output/image_translation/array_03/results/original_model_analysis_plots/combo_plots_High_Severity/combo_sample_783.png,combo_sample_783.png,.png,349685,2025-11-17T10:01:05+08:00,FFT_EfficientNet_1,image,FFT-related artifact
FFT_EfficientNet_1/output/image_translation/array_03/results/original_model_analysis_plots/combo_plots_High_Severity/combo_sample_797.png,combo_sample_797.png,.png,339692,2025-11-17T10:01:05+08:00,FFT_EfficientNet_1,image,FFT-related artifact
FFT_EfficientNet_1/output/image_translation/array_03/results/original_model_analysis_plots/combo_plots_High_Severity/combo_sample_798.png,combo_sample_798.png,.png,329349,2025-11-17T10:01:05+08:00,FFT_EfficientNet_1,image,FFT-related artifact
FFT_EfficientNet_1/output/image_translation/array_03/results/original_model_analysis_plots/combo_plots_High_Severity/combo_sample_81.png,combo_sample_81.png,.png,333737,2025-11-17T10:01:05+08:00,FFT_EfficientNet_1,image,FFT-related artifact
FFT_EfficientNet_1/output/image_translation/array_03/results/original_model_analysis_plots/combo_plots_High_Severity/combo_sample_827.png,combo_sample_827.png,.png,332431,2025-11-17T10:01:05+08:00,FFT_EfficientNet_1,image,FFT-related artifact
FFT_EfficientNet_1/output/image_translation/array_03/results/original_model_analysis_plots/combo_plots_High_Severity/combo_sample_829.png,combo_sample_829.png,.png,310737,2025-11-17T10:01:05+08:00,FFT_EfficientNet_1,image,FFT-related artifact
FFT_EfficientNet_1/output/image_translation/array_03/results/original_model_analysis_plots/combo_plots_High_Severity/combo_sample_83.png,combo_sample_83.png,.png,345647,2025-11-17T10:01:05+08:00,FFT_EfficientNet_1,image,FFT-related artifact
FFT_EfficientNet_1/output/image_translation/array_03/results/original_model_analysis_plots/combo_plots_High_Severity/combo_sample_832.png,combo_sample_832.png,.png,316140,2025-11-17T10:01:05+08:00,FFT_EfficientNet_1,image,FFT-related artifact
FFT_EfficientNet_1/output/image_translation/array_03/results/original_model_analysis_plots/combo_plots_High_Severity/combo_sample_833.png,combo_sample_833.png,.png,319717,2025-11-17T10:01:05+08:00,FFT_EfficientNet_1,image,FFT-related artifact
FFT_EfficientNet_1/output/image_translation/array_03/results/original_model_analysis_plots/combo_plots_High_Severity/combo_sample_834.png,combo_sample_834.png,.png,315154,2025-11-17T10:01:05+08:00,FFT_EfficientNet_1,image,FFT-related artifact
FFT_EfficientNet_1/output/image_translation/array_03/results/original_model_analysis_plots/combo_plots_High_Severity/combo_sample_835.png,combo_sample_835.png,.png,320356,2025-11-17T10:01:05+08:00,FFT_EfficientNet_1,image,FFT-related artifact
FFT_EfficientNet_1/output/image_translation/array_03/results/original_model_analysis_plots/combo_plots_High_Severity/combo_sample_838.png,combo_sample_838.png,.png,316938,2025-11-17T10:01:05+08:00,FFT_EfficientNet_1,image,FFT-related artifact
FFT_EfficientNet_1/output/image_translation/array_03/results/original_model_analysis_plots/combo_plots_High_Severity/combo_sample_841.png,combo_sample_841.png,.png,326701,2025-11-17T10:01:05+08:00,FFT_EfficientNet_1,image,FFT-related artifact
FFT_EfficientNet_1/output/image_translation/array_03/results/original_model_analysis_plots/combo_plots_High_Severity/combo_sample_842.png,combo_sample_842.png,.png,319937,2025-11-17T10:01:05+08:00,FFT_EfficientNet_1,image,FFT-related artifact
FFT_EfficientNet_1/output/image_translation/array_03/results/original_model_analysis_plots/combo_plots_High_Severity/combo_sample_847.png,combo_sample_847.png,.png,333652,2025-11-17T10:01:05+08:00,FFT_EfficientNet_1,image,FFT-related artifact
FFT_EfficientNet_1/output/image_translation/array_03/results/original_model_analysis_plots/combo_plots_High_Severity/combo_sample_848.png,combo_sample_848.png,.png,316629,2025-11-17T10:01:05+08:00,FFT_EfficientNet_1,image,FFT-related artifact
FFT_EfficientNet_1/output/image_translation/array_03/results/original_model_analysis_plots/combo_plots_High_Severity/combo_sample_850.png,combo_sample_850.png,.png,293133,2025-11-17T10:01:06+08:00,FFT_EfficientNet_1,image,FFT-related artifact
FFT_EfficientNet_1/output/image_translation/array_03/results/original_model_analysis_plots/combo_plots_High_Severity/combo_sample_854.png,combo_sample_854.png,.png,312855,2025-11-17T10:01:06+08:00,FFT_EfficientNet_1,image,FFT-related artifact
FFT_EfficientNet_1/output/image_translation/array_03/results/original_model_analysis_plots/combo_plots_High_Severity/combo_sample_855.png,combo_sample_855.png,.png,325284,2025-11-17T10:01:06+08:00,FFT_EfficientNet_1,image,FFT-related artifact
FFT_EfficientNet_1/output/image_translation/array_03/results/original_model_analysis_plots/combo_plots_High_Severity/combo_sample_856.png,combo_sample_856.png,.png,337667,2025-11-17T10:01:06+08:00,FFT_EfficientNet_1,image,FFT-related artifact
FFT_EfficientNet_1/output/image_translation/array_03/results/original_model_analysis_plots/combo_plots_High_Severity/combo_sample_857.png,combo_sample_857.png,.png,345373,2025-11-17T10:01:06+08:00,FFT_EfficientNet_1,image,FFT-related artifact
FFT_EfficientNet_1/output/image_translation/array_03/results/original_model_analysis_plots/combo_plots_High_Severity/combo_sample_863.png,combo_sample_863.png,.png,343164,2025-11-17T10:01:06+08:00,FFT_EfficientNet_1,image,FFT-related artifact
FFT_EfficientNet_1/output/image_translation/array_03/results/original_model_analysis_plots/combo_plots_High_Severity/combo_sample_864.png,combo_sample_864.png,.png,359936,2025-11-17T10:01:06+08:00,FFT_EfficientNet_1,image,FFT-related artifact
FFT_EfficientNet_1/output/image_translation/array_03/results/original_model_analysis_plots/combo_plots_High_Severity/combo_sample_865.png,combo_sample_865.png,.png,355446,2025-11-17T10:01:06+08:00,FFT_EfficientNet_1,image,FFT-related artifact
FFT_EfficientNet_1/output/image_translation/array_03/results/original_model_analysis_plots/combo_plots_High_Severity/combo_sample_87.png,combo_sample_87.png,.png,339601,2025-11-17T10:01:06+08:00,FFT_EfficientNet_1,image,FFT-related artifact
FFT_EfficientNet_1/output/image_translation/array_03/results/original_model_analysis_plots/combo_plots_High_Severity/combo_sample_872.png,combo_sample_872.png,.png,343062,2025-11-17T10:01:06+08:00,FFT_EfficientNet_1,image,FFT-related artifact
FFT_EfficientNet_1/output/image_translation/array_03/results/original_model_analysis_plots/combo_plots_High_Severity/combo_sample_873.png,combo_sample_873.png,.png,344473,2025-11-17T10:01:06+08:00,FFT_EfficientNet_1,image,FFT-related artifact
FFT_EfficientNet_1/output/image_translation/array_03/results/original_model_analysis_plots/combo_plots_High_Severity/combo_sample_874.png,combo_sample_874.png,.png,344383,2025-11-17T10:01:06+08:00,FFT_EfficientNet_1,image,FFT-related artifact
FFT_EfficientNet_1/output/image_translation/array_03/results/original_model_analysis_plots/combo_plots_High_Severity/combo_sample_879.png,combo_sample_879.png,.png,330511,2025-11-17T10:01:06+08:00,FFT_EfficientNet_1,image,FFT-related artifact
FFT_EfficientNet_1/output/image_translation/array_03/results/original_model_analysis_plots/combo_plots_High_Severity/combo_sample_880.png,combo_sample_880.png,.png,322166,2025-11-17T10:01:06+08:00,FFT_EfficientNet_1,image,FFT-related artifact
FFT_EfficientNet_1/output/image_translation/array_03/results/original_model_analysis_plots/combo_plots_High_Severity/combo_sample_883.png,combo_sample_883.png,.png,317144,2025-11-17T10:01:06+08:00,FFT_EfficientNet_1,image,FFT-related artifact
FFT_EfficientNet_1/output/image_translation/array_03/results/original_model_analysis_plots/combo_plots_High_Severity/combo_sample_888.png,combo_sample_888.png,.png,335057,2025-11-17T10:01:06+08:00,FFT_EfficientNet_1,image,FFT-related artifact
FFT_EfficientNet_1/output/image_translation/array_03/results/original_model_analysis_plots/combo_plots_High_Severity/combo_sample_892.png,combo_sample_892.png,.png,323371,2025-11-17T10:01:06+08:00,FFT_EfficientNet_1,image,FFT-related artifact
FFT_EfficientNet_1/output/image_translation/array_03/results/original_model_analysis_plots/combo_plots_High_Severity/combo_sample_893.png,combo_sample_893.png,.png,326772,2025-11-17T10:01:06+08:00,FFT_EfficientNet_1,image,FFT-related artifact
FFT_EfficientNet_1/output/image_translation/array_03/results/original_model_analysis_plots/combo_plots_High_Severity/combo_sample_894.png,combo_sample_894.png,.png,343778,2025-11-17T10:01:06+08:00,FFT_EfficientNet_1,image,FFT-related artifact
FFT_EfficientNet_1/output/image_translation/array_03/results/original_model_analysis_plots/combo_plots_High_Severity/combo_sample_898.png,combo_sample_898.png,.png,326667,2025-11-17T10:01:06+08:00,FFT_EfficientNet_1,image,FFT-related artifact
FFT_EfficientNet_1/output/image_translation/array_03/results/original_model_analysis_plots/combo_plots_High_Severity/combo_sample_902.png,combo_sample_902.png,.png,347389,2025-11-17T10:01:06+08:00,FFT_EfficientNet_1,image,FFT-related artifact
FFT_EfficientNet_1/output/image_translation/array_03/results/original_model_analysis_plots/combo_plots_High_Severity/combo_sample_905.png,combo_sample_905.png,.png,330213,2025-11-17T10:01:06+08:00,FFT_EfficientNet_1,image,FFT-related artifact
FFT_EfficientNet_1/output/image_translation/array_03/results/original_model_analysis_plots/combo_plots_High_Severity/combo_sample_909.png,combo_sample_909.png,.png,342353,2025-11-17T10:01:06+08:00,FFT_EfficientNet_1,image,FFT-related artifact
FFT_EfficientNet_1/output/image_translation/array_03/results/original_model_analysis_plots/combo_plots_High_Severity/combo_sample_912.png,combo_sample_912.png,.png,341418,2025-11-17T10:01:06+08:00,FFT_EfficientNet_1,image,FFT-related artifact
FFT_EfficientNet_1/output/image_translation/array_03/results/original_model_analysis_plots/combo_plots_High_Severity/combo_sample_914.png,combo_sample_914.png,.png,330462,2025-11-17T10:01:06+08:00,FFT_EfficientNet_1,image,FFT-related artifact
FFT_EfficientNet_1/output/image_translation/array_03/results/original_model_analysis_plots/combo_plots_High_Severity/combo_sample_918.png,combo_sample_918.png,.png,322169,2025-11-17T10:01:06+08:00,FFT_EfficientNet_1,image,FFT-related artifact
FFT_EfficientNet_1/output/image_translation/array_03/results/original_model_analysis_plots/combo_plots_High_Severity/combo_sample_921.png,combo_sample_921.png,.png,320170,2025-11-17T10:01:06+08:00,FFT_EfficientNet_1,image,FFT-related artifact
FFT_EfficientNet_1/output/image_translation/array_03/results/original_model_analysis_plots/combo_plots_High_Severity/combo_sample_928.png,combo_sample_928.png,.png,311157,2025-11-17T10:01:06+08:00,FFT_EfficientNet_1,image,FFT-related artifact
FFT_EfficientNet_1/output/image_translation/array_03/results/original_model_analysis_plots/combo_plots_High_Severity/combo_sample_929.png,combo_sample_929.png,.png,309534,2025-11-17T10:01:06+08:00,FFT_EfficientNet_1,image,FFT-related artifact
FFT_EfficientNet_1/output/image_translation/array_03/results/original_model_analysis_plots/combo_plots_High_Severity/combo_sample_934.png,combo_sample_934.png,.png,321031,2025-11-17T10:01:06+08:00,FFT_EfficientNet_1,image,FFT-related artifact
FFT_EfficientNet_1/output/image_translation/array_03/results/original_model_analysis_plots/combo_plots_Low_Severity/combo_sample_1030.png,combo_sample_1030.png,.png,288056,2025-11-17T10:00:56+08:00,FFT_EfficientNet_1,image,FFT-related artifact
FFT_EfficientNet_1/output/image_translation/array_03/results/original_model_analysis_plots/combo_plots_Low_Severity/combo_sample_1031.png,combo_sample_1031.png,.png,300283,2025-11-17T10:00:56+08:00,FFT_EfficientNet_1,image,FFT-related artifact
FFT_EfficientNet_1/output/image_translation/array_03/results/original_model_analysis_plots/combo_plots_Low_Severity/combo_sample_1035.png,combo_sample_1035.png,.png,297120,2025-11-17T10:00:56+08:00,FFT_EfficientNet_1,image,FFT-related artifact
FFT_EfficientNet_1/output/image_translation/array_03/results/original_model_analysis_plots/combo_plots_Low_Severity/combo_sample_1037.png,combo_sample_1037.png,.png,296284,2025-11-17T10:00:56+08:00,FFT_EfficientNet_1,image,FFT-related artifact
FFT_EfficientNet_1/output/image_translation/array_03/results/original_model_analysis_plots/combo_plots_Low_Severity/combo_sample_1041.png,combo_sample_1041.png,.png,296661,2025-11-17T10:00:56+08:00,FFT_EfficientNet_1,image,FFT-related artifact
FFT_EfficientNet_1/output/image_translation/array_03/results/original_model_analysis_plots/combo_plots_Low_Severity/combo_sample_106.png,combo_sample_106.png,.png,326818,2025-11-17T10:00:56+08:00,FFT_EfficientNet_1,image,FFT-related artifact
FFT_EfficientNet_1/output/image_translation/array_03/results/original_model_analysis_plots/combo_plots_Low_Severity/combo_sample_1068.png,combo_sample_1068.png,.png,326778,2025-11-17T10:00:56+08:00,FFT_EfficientNet_1,image,FFT-related artifact
FFT_EfficientNet_1/output/image_translation/array_03/results/original_model_analysis_plots/combo_plots_Low_Severity/combo_sample_1070.png,combo_sample_1070.png,.png,328560,2025-11-17T10:00:56+08:00,FFT_EfficientNet_1,image,FFT-related artifact
FFT_EfficientNet_1/output/image_translation/array_03/results/original_model_analysis_plots/combo_plots_Low_Severity/combo_sample_1071.png,combo_sample_1071.png,.png,320131,2025-11-17T10:00:56+08:00,FFT_EfficientNet_1,image,FFT-related artifact
FFT_EfficientNet_1/output/image_translation/array_03/results/original_model_analysis_plots/combo_plots_Low_Severity/combo_sample_1074.png,combo_sample_1074.png,.png,318156,2025-11-17T10:00:56+08:00,FFT_EfficientNet_1,image,FFT-related artifact
FFT_EfficientNet_1/output/image_translation/array_03/results/original_model_analysis_plots/combo_plots_Low_Severity/combo_sample_1097.png,combo_sample_1097.png,.png,297806,2025-11-17T10:00:56+08:00,FFT_EfficientNet_1,image,FFT-related artifact
FFT_EfficientNet_1/output/image_translation/array_03/results/original_model_analysis_plots/combo_plots_Low_Severity/combo_sample_1099.png,combo_sample_1099.png,.png,296040,2025-11-17T10:00:56+08:00,FFT_EfficientNet_1,image,FFT-related artifact
FFT_EfficientNet_1/output/image_translation/array_03/results/original_model_analysis_plots/combo_plots_Low_Severity/combo_sample_1107.png,combo_sample_1107.png,.png,310230,2025-11-17T10:00:56+08:00,FFT_EfficientNet_1,image,FFT-related artifact
FFT_EfficientNet_1/output/image_translation/array_03/results/original_model_analysis_plots/combo_plots_Low_Severity/combo_sample_1110.png,combo_sample_1110.png,.png,306311,2025-11-17T10:00:56+08:00,FFT_EfficientNet_1,image,FFT-related artifact
FFT_EfficientNet_1/output/image_translation/array_03/results/original_model_analysis_plots/combo_plots_Low_Severity/combo_sample_1111.png,combo_sample_1111.png,.png,307004,2025-11-17T10:00:56+08:00,FFT_EfficientNet_1,image,FFT-related artifact
FFT_EfficientNet_1/output/image_translation/array_03/results/original_model_analysis_plots/combo_plots_Low_Severity/combo_sample_1116.png,combo_sample_1116.png,.png,312521,2025-11-17T10:00:56+08:00,FFT_EfficientNet_1,image,FFT-related artifact
FFT_EfficientNet_1/output/image_translation/array_03/results/original_model_analysis_plots/combo_plots_Low_Severity/combo_sample_1119.png,combo_sample_1119.png,.png,311972,2025-11-17T10:00:56+08:00,FFT_EfficientNet_1,image,FFT-related artifact
FFT_EfficientNet_1/output/image_translation/array_03/results/original_model_analysis_plots/combo_plots_Low_Severity/combo_sample_1123.png,combo_sample_1123.png,.png,293863,2025-11-17T10:00:56+08:00,FFT_EfficientNet_1,image,FFT-related artifact
FFT_EfficientNet_1/output/image_translation/array_03/results/original_model_analysis_plots/combo_plots_Low_Severity/combo_sample_1126.png,combo_sample_1126.png,.png,291819,2025-11-17T10:00:56+08:00,FFT_EfficientNet_1,image,FFT-related artifact
FFT_EfficientNet_1/output/image_translation/array_03/results/original_model_analysis_plots/combo_plots_Low_Severity/combo_sample_1135.png,combo_sample_1135.png,.png,290449,2025-11-17T10:00:56+08:00,FFT_EfficientNet_1,image,FFT-related artifact
FFT_EfficientNet_1/output/image_translation/array_03/results/original_model_analysis_plots/combo_plots_Low_Severity/combo_sample_1136.png,combo_sample_1136.png,.png,297123,2025-11-17T10:00:56+08:00,FFT_EfficientNet_1,image,FFT-related artifact
FFT_EfficientNet_1/output/image_translation/array_03/results/original_model_analysis_plots/combo_plots_Low_Severity/combo_sample_1139.png,combo_sample_1139.png,.png,302479,2025-11-17T10:00:56+08:00,FFT_EfficientNet_1,image,FFT-related artifact
FFT_EfficientNet_1/output/image_translation/array_03/results/original_model_analysis_plots/combo_plots_Low_Severity/combo_sample_1140.png,combo_sample_1140.png,.png,307591,2025-11-17T10:00:56+08:00,FFT_EfficientNet_1,image,FFT-related artifact
FFT_EfficientNet_1/output/image_translation/array_03/results/original_model_analysis_plots/combo_plots_Low_Severity/combo_sample_118.png,combo_sample_118.png,.png,297311,2025-11-17T10:00:56+08:00,FFT_EfficientNet_1,image,FFT-related artifact
FFT_EfficientNet_1/output/image_translation/array_03/results/original_model_analysis_plots/combo_plots_Low_Severity/combo_sample_120.png,combo_sample_120.png,.png,280664,2025-11-17T10:00:56+08:00,FFT_EfficientNet_1,image,FFT-related artifact
FFT_EfficientNet_1/output/image_translation/array_03/results/original_model_analysis_plots/combo_plots_Low_Severity/combo_sample_121.png,combo_sample_121.png,.png,283825,2025-11-17T10:00:56+08:00,FFT_EfficientNet_1,image,FFT-related artifact
FFT_EfficientNet_1/output/image_translation/array_03/results/original_model_analysis_plots/combo_plots_Low_Severity/combo_sample_1215.png,combo_sample_1215.png,.png,289492,2025-11-17T10:00:56+08:00,FFT_EfficientNet_1,image,FFT-related artifact
FFT_EfficientNet_1/output/image_translation/array_03/results/original_model_analysis_plots/combo_plots_Low_Severity/combo_sample_1222.png,combo_sample_1222.png,.png,333241,2025-11-17T10:00:56+08:00,FFT_EfficientNet_1,image,FFT-related artifact
FFT_EfficientNet_1/output/image_translation/array_03/results/original_model_analysis_plots/combo_plots_Low_Severity/combo_sample_1223.png,combo_sample_1223.png,.png,332608,2025-11-17T10:00:56+08:00,FFT_EfficientNet_1,image,FFT-related artifact
FFT_EfficientNet_1/output/image_translation/array_03/results/original_model_analysis_plots/combo_plots_Low_Severity/combo_sample_1224.png,combo_sample_1224.png,.png,329454,2025-11-17T10:00:56+08:00,FFT_EfficientNet_1,image,FFT-related artifact
FFT_EfficientNet_1/output/image_translation/array_03/results/original_model_analysis_plots/combo_plots_Low_Severity/combo_sample_1257.png,combo_sample_1257.png,.png,311203,2025-11-17T10:00:56+08:00,FFT_EfficientNet_1,image,FFT-related artifact
FFT_EfficientNet_1/output/image_translation/array_03/results/original_model_analysis_plots/combo_plots_Low_Severity/combo_sample_1259.png,combo_sample_1259.png,.png,335924,2025-11-17T10:00:56+08:00,FFT_EfficientNet_1,image,FFT-related artifact
FFT_EfficientNet_1/output/image_translation/array_03/results/original_model_analysis_plots/combo_plots_Low_Severity/combo_sample_1279.png,combo_sample_1279.png,.png,305769,2025-11-17T10:00:56+08:00,FFT_EfficientNet_1,image,FFT-related artifact
FFT_EfficientNet_1/output/image_translation/array_03/results/original_model_analysis_plots/combo_plots_Low_Severity/combo_sample_1281.png,combo_sample_1281.png,.png,280457,2025-11-17T10:00:56+08:00,FFT_EfficientNet_1,image,FFT-related artifact
FFT_EfficientNet_1/output/image_translation/array_03/results/original_model_analysis_plots/combo_plots_Low_Severity/combo_sample_1312.png,combo_sample_1312.png,.png,305603,2025-11-17T10:00:57+08:00,FFT_EfficientNet_1,image,FFT-related artifact
FFT_EfficientNet_1/output/image_translation/array_03/results/original_model_analysis_plots/combo_plots_Low_Severity/combo_sample_1317.png,combo_sample_1317.png,.png,332956,2025-11-17T10:00:57+08:00,FFT_EfficientNet_1,image,FFT-related artifact
FFT_EfficientNet_1/output/image_translation/array_03/results/original_model_analysis_plots/combo_plots_Low_Severity/combo_sample_132.png,combo_sample_132.png,.png,308572,2025-11-17T10:00:57+08:00,FFT_EfficientNet_1,image,FFT-related artifact
FFT_EfficientNet_1/output/image_translation/array_03/results/original_model_analysis_plots/combo_plots_Low_Severity/combo_sample_133.png,combo_sample_133.png,.png,285172,2025-11-17T10:00:57+08:00,FFT_EfficientNet_1,image,FFT-related artifact
FFT_EfficientNet_1/output/image_translation/array_03/results/original_model_analysis_plots/combo_plots_Low_Severity/combo_sample_134.png,combo_sample_134.png,.png,314554,2025-11-17T10:00:57+08:00,FFT_EfficientNet_1,image,FFT-related artifact
FFT_EfficientNet_1/output/image_translation/array_03/results/original_model_analysis_plots/combo_plots_Low_Severity/combo_sample_135.png,combo_sample_135.png,.png,292733,2025-11-17T10:00:57+08:00,FFT_EfficientNet_1,image,FFT-related artifact
FFT_EfficientNet_1/output/image_translation/array_03/results/original_model_analysis_plots/combo_plots_Low_Severity/combo_sample_1353.png,combo_sample_1353.png,.png,304089,2025-11-17T10:00:57+08:00,FFT_EfficientNet_1,image,FFT-related artifact
FFT_EfficientNet_1/output/image_translation/array_03/results/original_model_analysis_plots/combo_plots_Low_Severity/combo_sample_1354.png,combo_sample_1354.png,.png,292851,2025-11-17T10:00:57+08:00,FFT_EfficientNet_1,image,FFT-related artifact
FFT_EfficientNet_1/output/image_translation/array_03/results/original_model_analysis_plots/combo_plots_Low_Severity/combo_sample_1358.png,combo_sample_1358.png,.png,299504,2025-11-17T10:00:57+08:00,FFT_EfficientNet_1,image,FFT-related artifact
FFT_EfficientNet_1/output/image_translation/array_03/results/original_model_analysis_plots/combo_plots_Low_Severity/combo_sample_1366.png,combo_sample_1366.png,.png,301971,2025-11-17T10:00:57+08:00,FFT_EfficientNet_1,image,FFT-related artifact
FFT_EfficientNet_1/output/image_translation/array_03/results/original_model_analysis_plots/combo_plots_Low_Severity/combo_sample_1367.png,combo_sample_1367.png,.png,315809,2025-11-17T10:00:57+08:00,FFT_EfficientNet_1,image,FFT-related artifact
FFT_EfficientNet_1/output/image_translation/array_03/results/original_model_analysis_plots/combo_plots_Low_Severity/combo_sample_1368.png,combo_sample_1368.png,.png,308343,2025-11-17T10:00:57+08:00,FFT_EfficientNet_1,image,FFT-related artifact
FFT_EfficientNet_1/output/image_translation/array_03/results/original_model_analysis_plots/combo_plots_Low_Severity/combo_sample_138.png,combo_sample_138.png,.png,295040,2025-11-17T10:00:57+08:00,FFT_EfficientNet_1,image,FFT-related artifact
FFT_EfficientNet_1/output/image_translation/array_03/results/original_model_analysis_plots/combo_plots_Low_Severity/combo_sample_139.png,combo_sample_139.png,.png,316343,2025-11-17T10:00:57+08:00,FFT_EfficientNet_1,image,FFT-related artifact
FFT_EfficientNet_1/output/image_translation/array_03/results/original_model_analysis_plots/combo_plots_Low_Severity/combo_sample_143.png,combo_sample_143.png,.png,319959,2025-11-17T10:00:57+08:00,FFT_EfficientNet_1,image,FFT-related artifact
FFT_EfficientNet_1/output/image_translation/array_03/results/original_model_analysis_plots/combo_plots_Low_Severity/combo_sample_1432.png,combo_sample_1432.png,.png,341518,2025-11-17T10:00:57+08:00,FFT_EfficientNet_1,image,FFT-related artifact
FFT_EfficientNet_1/output/image_translation/array_03/results/original_model_analysis_plots/combo_plots_Low_Severity/combo_sample_1433.png,combo_sample_1433.png,.png,332710,2025-11-17T10:00:57+08:00,FFT_EfficientNet_1,image,FFT-related artifact
FFT_EfficientNet_1/output/image_translation/array_03/results/original_model_analysis_plots/combo_plots_Low_Severity/combo_sample_1442.png,combo_sample_1442.png,.png,276024,2025-11-17T10:00:57+08:00,FFT_EfficientNet_1,image,FFT-related artifact
FFT_EfficientNet_1/output/image_translation/array_03/results/original_model_analysis_plots/combo_plots_Low_Severity/combo_sample_145.png,combo_sample_145.png,.png,298693,2025-11-17T10:00:57+08:00,FFT_EfficientNet_1,image,FFT-related artifact
FFT_EfficientNet_1/output/image_translation/array_03/results/original_model_analysis_plots/combo_plots_Low_Severity/combo_sample_1464.png,combo_sample_1464.png,.png,316142,2025-11-17T10:00:57+08:00,FFT_EfficientNet_1,image,FFT-related artifact
FFT_EfficientNet_1/output/image_translation/array_03/results/original_model_analysis_plots/combo_plots_Low_Severity/combo_sample_1465.png,combo_sample_1465.png,.png,336163,2025-11-17T10:00:57+08:00,FFT_EfficientNet_1,image,FFT-related artifact
FFT_EfficientNet_1/output/image_translation/array_03/results/original_model_analysis_plots/combo_plots_Low_Severity/combo_sample_1468.png,combo_sample_1468.png,.png,285804,2025-11-17T10:00:57+08:00,FFT_EfficientNet_1,image,FFT-related artifact
FFT_EfficientNet_1/output/image_translation/array_03/results/original_model_analysis_plots/combo_plots_Low_Severity/combo_sample_1489.png,combo_sample_1489.png,.png,312335,2025-11-17T10:00:57+08:00,FFT_EfficientNet_1,image,FFT-related artifact
FFT_EfficientNet_1/output/image_translation/array_03/results/original_model_analysis_plots/combo_plots_Low_Severity/combo_sample_1526.png,combo_sample_1526.png,.png,285131,2025-11-17T10:00:57+08:00,FFT_EfficientNet_1,image,FFT-related artifact
FFT_EfficientNet_1/output/image_translation/array_03/results/original_model_analysis_plots/combo_plots_Low_Severity/combo_sample_1527.png,combo_sample_1527.png,.png,295002,2025-11-17T10:00:57+08:00,FFT_EfficientNet_1,image,FFT-related artifact
FFT_EfficientNet_1/output/image_translation/array_03/results/original_model_analysis_plots/combo_plots_Low_Severity/combo_sample_153.png,combo_sample_153.png,.png,308977,2025-11-17T10:00:57+08:00,FFT_EfficientNet_1,image,FFT-related artifact
FFT_EfficientNet_1/output/image_translation/array_03/results/original_model_analysis_plots/combo_plots_Low_Severity/combo_sample_154.png,combo_sample_154.png,.png,305634,2025-11-17T10:00:57+08:00,FFT_EfficientNet_1,image,FFT-related artifact
FFT_EfficientNet_1/output/image_translation/array_03/results/original_model_analysis_plots/combo_plots_Low_Severity/combo_sample_1540.png,combo_sample_1540.png,.png,246638,2025-11-17T10:00:31+08:00,FFT_EfficientNet_1,image,FFT-related artifact
FFT_EfficientNet_1/output/image_translation/array_03/results/original_model_analysis_plots/combo_plots_Low_Severity/combo_sample_1542.png,combo_sample_1542.png,.png,249100,2025-11-17T10:00:31+08:00,FFT_EfficientNet_1,image,FFT-related artifact
FFT_EfficientNet_1/output/image_translation/array_03/results/original_model_analysis_plots/combo_plots_Low_Severity/combo_sample_1543.png,combo_sample_1543.png,.png,247994,2025-11-17T10:00:31+08:00,FFT_EfficientNet_1,image,FFT-related artifact
FFT_EfficientNet_1/output/image_translation/array_03/results/original_model_analysis_plots/combo_plots_Low_Severity/combo_sample_1545.png,combo_sample_1545.png,.png,249272,2025-11-17T10:00:31+08:00,FFT_EfficientNet_1,image,FFT-related artifact
FFT_EfficientNet_1/output/image_translation/array_03/results/original_model_analysis_plots/combo_plots_Low_Severity/combo_sample_1546.png,combo_sample_1546.png,.png,250716,2025-11-17T10:00:31+08:00,FFT_EfficientNet_1,image,FFT-related artifact
FFT_EfficientNet_1/output/image_translation/array_03/results/original_model_analysis_plots/combo_plots_Low_Severity/combo_sample_1548.png,combo_sample_1548.png,.png,253767,2025-11-17T10:00:31+08:00,FFT_EfficientNet_1,image,FFT-related artifact
FFT_EfficientNet_1/output/image_translation/array_03/results/original_model_analysis_plots/combo_plots_Low_Severity/combo_sample_159.png,combo_sample_159.png,.png,297466,2025-11-17T10:00:57+08:00,FFT_EfficientNet_1,image,FFT-related artifact
FFT_EfficientNet_1/output/image_translation/array_03/results/original_model_analysis_plots/combo_plots_Low_Severity/combo_sample_1606.png,combo_sample_1606.png,.png,290374,2025-11-17T10:00:57+08:00,FFT_EfficientNet_1,image,FFT-related artifact
FFT_EfficientNet_1/output/image_translation/array_03/results/original_model_analysis_plots/combo_plots_Low_Severity/combo_sample_1608.png,combo_sample_1608.png,.png,293240,2025-11-17T10:00:57+08:00,FFT_EfficientNet_1,image,FFT-related artifact
FFT_EfficientNet_1/output/image_translation/array_03/results/original_model_analysis_plots/combo_plots_Low_Severity/combo_sample_1609.png,combo_sample_1609.png,.png,330109,2025-11-17T10:00:57+08:00,FFT_EfficientNet_1,image,FFT-related artifact
FFT_EfficientNet_1/output/image_translation/array_03/results/original_model_analysis_plots/combo_plots_Low_Severity/combo_sample_1610.png,combo_sample_1610.png,.png,278686,2025-11-17T10:00:57+08:00,FFT_EfficientNet_1,image,FFT-related artifact
FFT_EfficientNet_1/output/image_translation/array_03/results/original_model_analysis_plots/combo_plots_Low_Severity/combo_sample_1642.png,combo_sample_1642.png,.png,297978,2025-11-17T10:00:57+08:00,FFT_EfficientNet_1,image,FFT-related artifact
FFT_EfficientNet_1/output/image_translation/array_03/results/original_model_analysis_plots/combo_plots_Low_Severity/combo_sample_1645.png,combo_sample_1645.png,.png,293521,2025-11-17T10:00:57+08:00,FFT_EfficientNet_1,image,FFT-related artifact
FFT_EfficientNet_1/output/image_translation/array_03/results/original_model_analysis_plots/combo_plots_Low_Severity/combo_sample_1646.png,combo_sample_1646.png,.png,304167,2025-11-17T10:00:57+08:00,FFT_EfficientNet_1,image,FFT-related artifact
FFT_EfficientNet_1/output/image_translation/array_03/results/original_model_analysis_plots/combo_plots_Low_Severity/combo_sample_1650.png,combo_sample_1650.png,.png,320364,2025-11-17T10:00:57+08:00,FFT_EfficientNet_1,image,FFT-related artifact
FFT_EfficientNet_1/output/image_translation/array_03/results/original_model_analysis_plots/combo_plots_Low_Severity/combo_sample_166.png,combo_sample_166.png,.png,300244,2025-11-17T10:00:57+08:00,FFT_EfficientNet_1,image,FFT-related artifact
FFT_EfficientNet_1/output/image_translation/array_03/results/original_model_analysis_plots/combo_plots_Low_Severity/combo_sample_1662.png,combo_sample_1662.png,.png,304116,2025-11-17T10:00:57+08:00,FFT_EfficientNet_1,image,FFT-related artifact
FFT_EfficientNet_1/output/image_translation/array_03/results/original_model_analysis_plots/combo_plots_Low_Severity/combo_sample_1663.png,combo_sample_1663.png,.png,304780,2025-11-17T10:00:57+08:00,FFT_EfficientNet_1,image,FFT-related artifact
FFT_EfficientNet_1/output/image_translation/array_03/results/original_model_analysis_plots/combo_plots_Low_Severity/combo_sample_1666.png,combo_sample_1666.png,.png,303159,2025-11-17T10:00:57+08:00,FFT_EfficientNet_1,image,FFT-related artifact
FFT_EfficientNet_1/output/image_translation/array_03/results/original_model_analysis_plots/combo_plots_Low_Severity/combo_sample_170.png,combo_sample_170.png,.png,327979,2025-11-17T10:00:58+08:00,FFT_EfficientNet_1,image,FFT-related artifact
FFT_EfficientNet_1/output/image_translation/array_03/results/original_model_analysis_plots/combo_plots_Low_Severity/combo_sample_1713.png,combo_sample_1713.png,.png,320364,2025-11-17T10:00:58+08:00,FFT_EfficientNet_1,image,FFT-related artifact
FFT_EfficientNet_1/output/image_translation/array_03/results/original_model_analysis_plots/combo_plots_Low_Severity/combo_sample_1723.png,combo_sample_1723.png,.png,307579,2025-11-17T10:00:58+08:00,FFT_EfficientNet_1,image,FFT-related artifact
FFT_EfficientNet_1/output/image_translation/array_03/results/original_model_analysis_plots/combo_plots_Low_Severity/combo_sample_1724.png,combo_sample_1724.png,.png,309905,2025-11-17T10:00:58+08:00,FFT_EfficientNet_1,image,FFT-related artifact
FFT_EfficientNet_1/output/image_translation/array_03/results/original_model_analysis_plots/combo_plots_Low_Severity/combo_sample_1731.png,combo_sample_1731.png,.png,299159,2025-11-17T10:00:58+08:00,FFT_EfficientNet_1,image,FFT-related artifact
FFT_EfficientNet_1/output/image_translation/array_03/results/original_model_analysis_plots/combo_plots_Low_Severity/combo_sample_1732.png,combo_sample_1732.png,.png,295322,2025-11-17T10:00:58+08:00,FFT_EfficientNet_1,image,FFT-related artifact
FFT_EfficientNet_1/output/image_translation/array_03/results/original_model_analysis_plots/combo_plots_Low_Severity/combo_sample_1734.png,combo_sample_1734.png,.png,309900,2025-11-17T10:00:58+08:00,FFT_EfficientNet_1,image,FFT-related artifact
FFT_EfficientNet_1/output/image_translation/array_03/results/original_model_analysis_plots/combo_plots_Low_Severity/combo_sample_1735.png,combo_sample_1735.png,.png,320946,2025-11-17T10:00:58+08:00,FFT_EfficientNet_1,image,FFT-related artifact
FFT_EfficientNet_1/output/image_translation/array_03/results/original_model_analysis_plots/combo_plots_Low_Severity/combo_sample_1739.png,combo_sample_1739.png,.png,335953,2025-11-17T10:00:58+08:00,FFT_EfficientNet_1,image,FFT-related artifact
FFT_EfficientNet_1/output/image_translation/array_03/results/original_model_analysis_plots/combo_plots_Low_Severity/combo_sample_1780.png,combo_sample_1780.png,.png,274008,2025-11-17T10:00:58+08:00,FFT_EfficientNet_1,image,FFT-related artifact
FFT_EfficientNet_1/output/image_translation/array_03/results/original_model_analysis_plots/combo_plots_Low_Severity/combo_sample_1794.png,combo_sample_1794.png,.png,325587,2025-11-17T10:00:58+08:00,FFT_EfficientNet_1,image,FFT-related artifact
FFT_EfficientNet_1/output/image_translation/array_03/results/original_model_analysis_plots/combo_plots_Low_Severity/combo_sample_1796.png,combo_sample_1796.png,.png,320386,2025-11-17T10:00:58+08:00,FFT_EfficientNet_1,image,FFT-related artifact
FFT_EfficientNet_1/output/image_translation/array_03/results/original_model_analysis_plots/combo_plots_Low_Severity/combo_sample_1797.png,combo_sample_1797.png,.png,319600,2025-11-17T10:00:58+08:00,FFT_EfficientNet_1,image,FFT-related artifact
FFT_EfficientNet_1/output/image_translation/array_03/results/original_model_analysis_plots/combo_plots_Low_Severity/combo_sample_1798.png,combo_sample_1798.png,.png,320222,2025-11-17T10:00:58+08:00,FFT_EfficientNet_1,image,FFT-related artifact
FFT_EfficientNet_1/output/image_translation/array_03/results/original_model_analysis_plots/combo_plots_Low_Severity/combo_sample_180.png,combo_sample_180.png,.png,310152,2025-11-17T10:00:58+08:00,FFT_EfficientNet_1,image,FFT-related artifact
FFT_EfficientNet_1/output/image_translation/array_03/results/original_model_analysis_plots/combo_plots_Low_Severity/combo_sample_1819.png,combo_sample_1819.png,.png,313021,2025-11-17T10:00:58+08:00,FFT_EfficientNet_1,image,FFT-related artifact
FFT_EfficientNet_1/output/image_translation/array_03/results/original_model_analysis_plots/combo_plots_Low_Severity/combo_sample_1820.png,combo_sample_1820.png,.png,303411,2025-11-17T10:00:58+08:00,FFT_EfficientNet_1,image,FFT-related artifact
FFT_EfficientNet_1/output/image_translation/array_03/results/original_model_analysis_plots/combo_plots_Low_Severity/combo_sample_1822.png,combo_sample_1822.png,.png,304765,2025-11-17T10:00:58+08:00,FFT_EfficientNet_1,image,FFT-related artifact
FFT_EfficientNet_1/output/image_translation/array_03/results/original_model_analysis_plots/combo_plots_Low_Severity/combo_sample_1824.png,combo_sample_1824.png,.png,326790,2025-11-17T10:00:58+08:00,FFT_EfficientNet_1,image,FFT-related artifact
FFT_EfficientNet_1/output/image_translation/array_03/results/original_model_analysis_plots/combo_plots_Low_Severity/combo_sample_1828.png,combo_sample_1828.png,.png,332074,2025-11-17T10:00:58+08:00,FFT_EfficientNet_1,image,FFT-related artifact
FFT_EfficientNet_1/output/image_translation/array_03/results/original_model_analysis_plots/combo_plots_Low_Severity/combo_sample_1829.png,combo_sample_1829.png,.png,312246,2025-11-17T10:00:58+08:00,FFT_EfficientNet_1,image,FFT-related artifact
FFT_EfficientNet_1/output/image_translation/array_03/results/original_model_analysis_plots/combo_plots_Low_Severity/combo_sample_1831.png,combo_sample_1831.png,.png,325555,2025-11-17T10:00:58+08:00,FFT_EfficientNet_1,image,FFT-related artifact
FFT_EfficientNet_1/output/image_translation/array_03/results/original_model_analysis_plots/combo_plots_Low_Severity/combo_sample_184.png,combo_sample_184.png,.png,332819,2025-11-17T10:00:58+08:00,FFT_EfficientNet_1,image,FFT-related artifact
FFT_EfficientNet_1/output/image_translation/array_03/results/original_model_analysis_plots/combo_plots_Low_Severity/combo_sample_1842.png,combo_sample_1842.png,.png,322618,2025-11-17T10:00:58+08:00,FFT_EfficientNet_1,image,FFT-related artifact
FFT_EfficientNet_1/output/image_translation/array_03/results/original_model_analysis_plots/combo_plots_Low_Severity/combo_sample_1847.png,combo_sample_1847.png,.png,325533,2025-11-17T10:00:58+08:00,FFT_EfficientNet_1,image,FFT-related artifact
FFT_EfficientNet_1/output/image_translation/array_03/results/original_model_analysis_plots/combo_plots_Low_Severity/combo_sample_1848.png,combo_sample_1848.png,.png,324481,2025-11-17T10:00:58+08:00,FFT_EfficientNet_1,image,FFT-related artifact
FFT_EfficientNet_1/output/image_translation/array_03/results/original_model_analysis_plots/combo_plots_Low_Severity/combo_sample_185.png,combo_sample_185.png,.png,333694,2025-11-17T10:00:58+08:00,FFT_EfficientNet_1,image,FFT-related artifact
FFT_EfficientNet_1/output/image_translation/array_03/results/original_model_analysis_plots/combo_plots_Low_Severity/combo_sample_1850.png,combo_sample_1850.png,.png,334738,2025-11-17T10:00:58+08:00,FFT_EfficientNet_1,image,FFT-related artifact
FFT_EfficientNet_1/output/image_translation/array_03/results/original_model_analysis_plots/combo_plots_Low_Severity/combo_sample_1852.png,combo_sample_1852.png,.png,325879,2025-11-17T10:00:58+08:00,FFT_EfficientNet_1,image,FFT-related artifact
FFT_EfficientNet_1/output/image_translation/array_03/results/original_model_analysis_plots/combo_plots_Low_Severity/combo_sample_186.png,combo_sample_186.png,.png,312581,2025-11-17T10:00:58+08:00,FFT_EfficientNet_1,image,FFT-related artifact
FFT_EfficientNet_1/output/image_translation/array_03/results/original_model_analysis_plots/combo_plots_Low_Severity/combo_sample_187.png,combo_sample_187.png,.png,334165,2025-11-17T10:00:58+08:00,FFT_EfficientNet_1,image,FFT-related artifact
FFT_EfficientNet_1/output/image_translation/array_03/results/original_model_analysis_plots/combo_plots_Low_Severity/combo_sample_188.png,combo_sample_188.png,.png,304308,2025-11-17T10:00:58+08:00,FFT_EfficientNet_1,image,FFT-related artifact
FFT_EfficientNet_1/output/image_translation/array_03/results/original_model_analysis_plots/combo_plots_Low_Severity/combo_sample_190.png,combo_sample_190.png,.png,306833,2025-11-17T10:00:58+08:00,FFT_EfficientNet_1,image,FFT-related artifact
FFT_EfficientNet_1/output/image_translation/array_03/results/original_model_analysis_plots/combo_plots_Low_Severity/combo_sample_1916.png,combo_sample_1916.png,.png,305942,2025-11-17T10:00:58+08:00,FFT_EfficientNet_1,image,FFT-related artifact
FFT_EfficientNet_1/output/image_translation/array_03/results/original_model_analysis_plots/combo_plots_Low_Severity/combo_sample_1917.png,combo_sample_1917.png,.png,300174,2025-11-17T10:00:58+08:00,FFT_EfficientNet_1,image,FFT-related artifact
FFT_EfficientNet_1/output/image_translation/array_03/results/original_model_analysis_plots/combo_plots_Low_Severity/combo_sample_192.png,combo_sample_192.png,.png,327365,2025-11-17T10:00:58+08:00,FFT_EfficientNet_1,image,FFT-related artifact
FFT_EfficientNet_1/output/image_translation/array_03/results/original_model_analysis_plots/combo_plots_Low_Severity/combo_sample_193.png,combo_sample_193.png,.png,322915,2025-11-17T10:00:58+08:00,FFT_EfficientNet_1,image,FFT-related artifact
FFT_EfficientNet_1/output/image_translation/array_03/results/original_model_analysis_plots/combo_plots_Low_Severity/combo_sample_1932.png,combo_sample_1932.png,.png,310434,2025-11-17T10:00:58+08:00,FFT_EfficientNet_1,image,FFT-related artifact
FFT_EfficientNet_1/output/image_translation/array_03/results/original_model_analysis_plots/combo_plots_Low_Severity/combo_sample_1938.png,combo_sample_1938.png,.png,311971,2025-11-17T10:00:58+08:00,FFT_EfficientNet_1,image,FFT-related artifact
FFT_EfficientNet_1/output/image_translation/array_03/results/original_model_analysis_plots/combo_plots_Low_Severity/combo_sample_1941.png,combo_sample_1941.png,.png,309690,2025-11-17T10:00:58+08:00,FFT_EfficientNet_1,image,FFT-related artifact
FFT_EfficientNet_1/output/image_translation/array_03/results/original_model_analysis_plots/combo_plots_Low_Severity/combo_sample_1954.png,combo_sample_1954.png,.png,327199,2025-11-17T10:00:58+08:00,FFT_EfficientNet_1,image,FFT-related artifact
FFT_EfficientNet_1/output/image_translation/array_03/results/original_model_analysis_plots/combo_plots_Low_Severity/combo_sample_1956.png,combo_sample_1956.png,.png,300908,2025-11-17T10:00:58+08:00,FFT_EfficientNet_1,image,FFT-related artifact
FFT_EfficientNet_1/output/image_translation/array_03/results/original_model_analysis_plots/combo_plots_Low_Severity/combo_sample_1957.png,combo_sample_1957.png,.png,304082,2025-11-17T10:00:59+08:00,FFT_EfficientNet_1,image,FFT-related artifact
FFT_EfficientNet_1/output/image_translation/array_03/results/original_model_analysis_plots/combo_plots_Low_Severity/combo_sample_1958.png,combo_sample_1958.png,.png,298185,2025-11-17T10:00:59+08:00,FFT_EfficientNet_1,image,FFT-related artifact
FFT_EfficientNet_1/output/image_translation/array_03/results/original_model_analysis_plots/combo_plots_Low_Severity/combo_sample_1959.png,combo_sample_1959.png,.png,316130,2025-11-17T10:00:59+08:00,FFT_EfficientNet_1,image,FFT-related artifact
FFT_EfficientNet_1/output/image_translation/array_03/results/original_model_analysis_plots/combo_plots_Low_Severity/combo_sample_1960.png,combo_sample_1960.png,.png,320457,2025-11-17T10:00:59+08:00,FFT_EfficientNet_1,image,FFT-related artifact
FFT_EfficientNet_1/output/image_translation/array_03/results/original_model_analysis_plots/combo_plots_Low_Severity/combo_sample_197.png,combo_sample_197.png,.png,316673,2025-11-17T10:00:59+08:00,FFT_EfficientNet_1,image,FFT-related artifact
FFT_EfficientNet_1/output/image_translation/array_03/results/original_model_analysis_plots/combo_plots_Low_Severity/combo_sample_1979.png,combo_sample_1979.png,.png,330472,2025-11-17T10:00:59+08:00,FFT_EfficientNet_1,image,FFT-related artifact
FFT_EfficientNet_1/output/image_translation/array_03/results/original_model_analysis_plots/combo_plots_Low_Severity/combo_sample_1990.png,combo_sample_1990.png,.png,304940,2025-11-17T10:00:59+08:00,FFT_EfficientNet_1,image,FFT-related artifact
FFT_EfficientNet_1/output/image_translation/array_03/results/original_model_analysis_plots/combo_plots_Low_Severity/combo_sample_1993.png,combo_sample_1993.png,.png,326887,2025-11-17T10:00:59+08:00,FFT_EfficientNet_1,image,FFT-related artifact
FFT_EfficientNet_1/output/image_translation/array_03/results/original_model_analysis_plots/combo_plots_Low_Severity/combo_sample_1995.png,combo_sample_1995.png,.png,316365,2025-11-17T10:00:59+08:00,FFT_EfficientNet_1,image,FFT-related artifact
FFT_EfficientNet_1/output/image_translation/array_03/results/original_model_analysis_plots/combo_plots_Low_Severity/combo_sample_2023.png,combo_sample_2023.png,.png,292938,2025-11-17T10:00:59+08:00,FFT_EfficientNet_1,image,FFT-related artifact
FFT_EfficientNet_1/output/image_translation/array_03/results/original_model_analysis_plots/combo_plots_Low_Severity/combo_sample_2030.png,combo_sample_2030.png,.png,296268,2025-11-17T10:00:59+08:00,FFT_EfficientNet_1,image,FFT-related artifact
FFT_EfficientNet_1/output/image_translation/array_03/results/original_model_analysis_plots/combo_plots_Low_Severity/combo_sample_2031.png,combo_sample_2031.png,.png,289118,2025-11-17T10:00:59+08:00,FFT_EfficientNet_1,image,FFT-related artifact
FFT_EfficientNet_1/output/image_translation/array_03/results/original_model_analysis_plots/combo_plots_Low_Severity/combo_sample_2032.png,combo_sample_2032.png,.png,310545,2025-11-17T10:00:59+08:00,FFT_EfficientNet_1,image,FFT-related artifact
FFT_EfficientNet_1/output/image_translation/array_03/results/original_model_analysis_plots/combo_plots_Low_Severity/combo_sample_2041.png,combo_sample_2041.png,.png,312443,2025-11-17T10:00:59+08:00,FFT_EfficientNet_1,image,FFT-related artifact
FFT_EfficientNet_1/output/image_translation/array_03/results/original_model_analysis_plots/combo_plots_Low_Severity/combo_sample_2042.png,combo_sample_2042.png,.png,317646,2025-11-17T10:00:59+08:00,FFT_EfficientNet_1,image,FFT-related artifact
FFT_EfficientNet_1/output/image_translation/array_03/results/original_model_analysis_plots/combo_plots_Low_Severity/combo_sample_2044.png,combo_sample_2044.png,.png,308121,2025-11-17T10:00:59+08:00,FFT_EfficientNet_1,image,FFT-related artifact
FFT_EfficientNet_1/output/image_translation/array_03/results/original_model_analysis_plots/combo_plots_Low_Severity/combo_sample_2093.png,combo_sample_2093.png,.png,301937,2025-11-17T10:00:59+08:00,FFT_EfficientNet_1,image,FFT-related artifact
FFT_EfficientNet_1/output/image_translation/array_03/results/original_model_analysis_plots/combo_plots_Low_Severity/combo_sample_2094.png,combo_sample_2094.png,.png,311680,2025-11-17T10:00:59+08:00,FFT_EfficientNet_1,image,FFT-related artifact
FFT_EfficientNet_1/output/image_translation/array_03/results/original_model_analysis_plots/combo_plots_Low_Severity/combo_sample_2096.png,combo_sample_2096.png,.png,319288,2025-11-17T10:00:59+08:00,FFT_EfficientNet_1,image,FFT-related artifact
FFT_EfficientNet_1/output/image_translation/array_03/results/original_model_analysis_plots/combo_plots_Low_Severity/combo_sample_2100.png,combo_sample_2100.png,.png,304495,2025-11-17T10:00:59+08:00,FFT_EfficientNet_1,image,FFT-related artifact
FFT_EfficientNet_1/output/image_translation/array_03/results/original_model_analysis_plots/combo_plots_Low_Severity/combo_sample_2152.png,combo_sample_2152.png,.png,324636,2025-11-17T10:00:59+08:00,FFT_EfficientNet_1,image,FFT-related artifact
FFT_EfficientNet_1/output/image_translation/array_03/results/original_model_analysis_plots/combo_plots_Low_Severity/combo_sample_2154.png,combo_sample_2154.png,.png,315141,2025-11-17T10:00:59+08:00,FFT_EfficientNet_1,image,FFT-related artifact
FFT_EfficientNet_1/output/image_translation/array_03/results/original_model_analysis_plots/combo_plots_Low_Severity/combo_sample_2170.png,combo_sample_2170.png,.png,320329,2025-11-17T10:00:59+08:00,FFT_EfficientNet_1,image,FFT-related artifact
FFT_EfficientNet_1/output/image_translation/array_03/results/original_model_analysis_plots/combo_plots_Low_Severity/combo_sample_2171.png,combo_sample_2171.png,.png,302285,2025-11-17T10:00:59+08:00,FFT_EfficientNet_1,image,FFT-related artifact
FFT_EfficientNet_1/output/image_translation/array_03/results/original_model_analysis_plots/combo_plots_Low_Severity/combo_sample_2173.png,combo_sample_2173.png,.png,304562,2025-11-17T10:00:59+08:00,FFT_EfficientNet_1,image,FFT-related artifact
FFT_EfficientNet_1/output/image_translation/array_03/results/original_model_analysis_plots/combo_plots_Low_Severity/combo_sample_2199.png,combo_sample_2199.png,.png,327333,2025-11-17T10:00:59+08:00,FFT_EfficientNet_1,image,FFT-related artifact
FFT_EfficientNet_1/output/image_translation/array_03/results/original_model_analysis_plots/combo_plots_Low_Severity/combo_sample_2200.png,combo_sample_2200.png,.png,327751,2025-11-17T10:00:59+08:00,FFT_EfficientNet_1,image,FFT-related artifact
FFT_EfficientNet_1/output/image_translation/array_03/results/original_model_analysis_plots/combo_plots_Low_Severity/combo_sample_2201.png,combo_sample_2201.png,.png,352810,2025-11-17T10:00:59+08:00,FFT_EfficientNet_1,image,FFT-related artifact
FFT_EfficientNet_1/output/image_translation/array_03/results/original_model_analysis_plots/combo_plots_Low_Severity/combo_sample_2204.png,combo_sample_2204.png,.png,279414,2025-11-17T10:00:59+08:00,FFT_EfficientNet_1,image,FFT-related artifact
FFT_EfficientNet_1/output/image_translation/array_03/results/original_model_analysis_plots/combo_plots_Low_Severity/combo_sample_2206.png,combo_sample_2206.png,.png,339792,2025-11-17T10:00:59+08:00,FFT_EfficientNet_1,image,FFT-related artifact
FFT_EfficientNet_1/output/image_translation/array_03/results/original_model_analysis_plots/combo_plots_Low_Severity/combo_sample_2213.png,combo_sample_2213.png,.png,341518,2025-11-17T10:00:59+08:00,FFT_EfficientNet_1,image,FFT-related artifact
FFT_EfficientNet_1/output/image_translation/array_03/results/original_model_analysis_plots/combo_plots_Low_Severity/combo_sample_2228.png,combo_sample_2228.png,.png,312984,2025-11-17T10:00:59+08:00,FFT_EfficientNet_1,image,FFT-related artifact
FFT_EfficientNet_1/output/image_translation/array_03/results/original_model_analysis_plots/combo_plots_Low_Severity/combo_sample_2295.png,combo_sample_2295.png,.png,308108,2025-11-17T10:00:59+08:00,FFT_EfficientNet_1,image,FFT-related artifact
FFT_EfficientNet_1/output/image_translation/array_03/results/original_model_analysis_plots/combo_plots_Low_Severity/combo_sample_2314.png,combo_sample_2314.png,.png,300427,2025-11-17T10:00:59+08:00,FFT_EfficientNet_1,image,FFT-related artifact
FFT_EfficientNet_1/output/image_translation/array_03/results/original_model_analysis_plots/combo_plots_Low_Severity/combo_sample_2315.png,combo_sample_2315.png,.png,295597,2025-11-17T10:00:59+08:00,FFT_EfficientNet_1,image,FFT-related artifact
FFT_EfficientNet_1/output/image_translation/array_03/results/original_model_analysis_plots/combo_plots_Low_Severity/combo_sample_2317.png,combo_sample_2317.png,.png,303082,2025-11-17T10:00:59+08:00,FFT_EfficientNet_1,image,FFT-related artifact
FFT_EfficientNet_1/output/image_translation/array_03/results/original_model_analysis_plots/combo_plots_Low_Severity/combo_sample_2334.png,combo_sample_2334.png,.png,341070,2025-11-17T10:00:59+08:00,FFT_EfficientNet_1,image,FFT-related artifact
FFT_EfficientNet_1/output/image_translation/array_03/results/original_model_analysis_plots/combo_plots_Low_Severity/combo_sample_2335.png,combo_sample_2335.png,.png,310549,2025-11-17T10:00:59+08:00,FFT_EfficientNet_1,image,FFT-related artifact
FFT_EfficientNet_1/output/image_translation/array_03/results/original_model_analysis_plots/combo_plots_Low_Severity/combo_sample_2355.png,combo_sample_2355.png,.png,320822,2025-11-17T10:00:59+08:00,FFT_EfficientNet_1,image,FFT-related artifact
FFT_EfficientNet_1/output/image_translation/array_03/results/original_model_analysis_plots/combo_plots_Low_Severity/combo_sample_2363.png,combo_sample_2363.png,.png,307326,2025-11-17T10:00:59+08:00,FFT_EfficientNet_1,image,FFT-related artifact
FFT_EfficientNet_1/output/image_translation/array_03/results/original_model_analysis_plots/combo_plots_Low_Severity/combo_sample_2369.png,combo_sample_2369.png,.png,311945,2025-11-17T10:00:59+08:00,FFT_EfficientNet_1,image,FFT-related artifact
FFT_EfficientNet_1/output/image_translation/array_03/results/original_model_analysis_plots/combo_plots_Low_Severity/combo_sample_2387.png,combo_sample_2387.png,.png,281001,2025-11-17T10:01:00+08:00,FFT_EfficientNet_1,image,FFT-related artifact
FFT_EfficientNet_1/output/image_translation/array_03/results/original_model_analysis_plots/combo_plots_Low_Severity/combo_sample_2398.png,combo_sample_2398.png,.png,292412,2025-11-17T10:01:00+08:00,FFT_EfficientNet_1,image,FFT-related artifact
FFT_EfficientNet_1/output/image_translation/array_03/results/original_model_analysis_plots/combo_plots_Low_Severity/combo_sample_2399.png,combo_sample_2399.png,.png,289812,2025-11-17T10:01:00+08:00,FFT_EfficientNet_1,image,FFT-related artifact
FFT_EfficientNet_1/output/image_translation/array_03/results/original_model_analysis_plots/combo_plots_Low_Severity/combo_sample_2435.png,combo_sample_2435.png,.png,323884,2025-11-17T10:01:00+08:00,FFT_EfficientNet_1,image,FFT-related artifact
FFT_EfficientNet_1/output/image_translation/array_03/results/original_model_analysis_plots/combo_plots_Low_Severity/combo_sample_2438.png,combo_sample_2438.png,.png,323881,2025-11-17T10:01:00+08:00,FFT_EfficientNet_1,image,FFT-related artifact
FFT_EfficientNet_1/output/image_translation/array_03/results/original_model_analysis_plots/combo_plots_Low_Severity/combo_sample_2440.png,combo_sample_2440.png,.png,338165,2025-11-17T10:01:00+08:00,FFT_EfficientNet_1,image,FFT-related artifact
FFT_EfficientNet_1/output/image_translation/array_03/results/original_model_analysis_plots/combo_plots_Low_Severity/combo_sample_2443.png,combo_sample_2443.png,.png,309872,2025-11-17T10:01:00+08:00,FFT_EfficientNet_1,image,FFT-related artifact
FFT_EfficientNet_1/output/image_translation/array_03/results/original_model_analysis_plots/combo_plots_Low_Severity/combo_sample_2464.png,combo_sample_2464.png,.png,304003,2025-11-17T10:01:00+08:00,FFT_EfficientNet_1,image,FFT-related artifact
FFT_EfficientNet_1/output/image_translation/array_03/results/original_model_analysis_plots/combo_plots_Low_Severity/combo_sample_2510.png,combo_sample_2510.png,.png,321886,2025-11-17T10:01:00+08:00,FFT_EfficientNet_1,image,FFT-related artifact
FFT_EfficientNet_1/output/image_translation/array_03/results/original_model_analysis_plots/combo_plots_Low_Severity/combo_sample_2540.png,combo_sample_2540.png,.png,302495,2025-11-17T10:01:00+08:00,FFT_EfficientNet_1,image,FFT-related artifact
FFT_EfficientNet_1/output/image_translation/array_03/results/original_model_analysis_plots/combo_plots_Low_Severity/combo_sample_2555.png,combo_sample_2555.png,.png,329411,2025-11-17T10:01:00+08:00,FFT_EfficientNet_1,image,FFT-related artifact
FFT_EfficientNet_1/output/image_translation/array_03/results/original_model_analysis_plots/combo_plots_Low_Severity/combo_sample_2565.png,combo_sample_2565.png,.png,311133,2025-11-17T10:01:00+08:00,FFT_EfficientNet_1,image,FFT-related artifact
FFT_EfficientNet_1/output/image_translation/array_03/results/original_model_analysis_plots/combo_plots_Low_Severity/combo_sample_2587.png,combo_sample_2587.png,.png,334988,2025-11-17T10:01:00+08:00,FFT_EfficientNet_1,image,FFT-related artifact
FFT_EfficientNet_1/output/image_translation/array_03/results/original_model_analysis_plots/combo_plots_Low_Severity/combo_sample_2590.png,combo_sample_2590.png,.png,314456,2025-11-17T10:01:00+08:00,FFT_EfficientNet_1,image,FFT-related artifact
FFT_EfficientNet_1/output/image_translation/array_03/results/original_model_analysis_plots/combo_plots_Low_Severity/combo_sample_2610.png,combo_sample_2610.png,.png,336432,2025-11-17T10:01:00+08:00,FFT_EfficientNet_1,image,FFT-related artifact
FFT_EfficientNet_1/output/image_translation/array_03/results/original_model_analysis_plots/combo_plots_Low_Severity/combo_sample_2620.png,combo_sample_2620.png,.png,326100,2025-11-17T10:01:00+08:00,FFT_EfficientNet_1,image,FFT-related artifact
FFT_EfficientNet_1/output/image_translation/array_03/results/original_model_analysis_plots/combo_plots_Low_Severity/combo_sample_2621.png,combo_sample_2621.png,.png,349569,2025-11-17T10:01:00+08:00,FFT_EfficientNet_1,image,FFT-related artifact
FFT_EfficientNet_1/output/image_translation/array_03/results/original_model_analysis_plots/combo_plots_Low_Severity/combo_sample_2735.png,combo_sample_2735.png,.png,246089,2025-11-17T10:00:34+08:00,FFT_EfficientNet_1,image,FFT-related artifact
FFT_EfficientNet_1/output/image_translation/array_03/results/original_model_analysis_plots/combo_plots_Low_Severity/combo_sample_2747.png,combo_sample_2747.png,.png,327549,2025-11-17T10:01:00+08:00,FFT_EfficientNet_1,image,FFT-related artifact
FFT_EfficientNet_1/output/image_translation/array_03/results/original_model_analysis_plots/combo_plots_Low_Severity/combo_sample_2785.png,combo_sample_2785.png,.png,310904,2025-11-17T10:01:00+08:00,FFT_EfficientNet_1,image,FFT-related artifact
FFT_EfficientNet_1/output/image_translation/array_03/results/original_model_analysis_plots/combo_plots_Low_Severity/combo_sample_2791.png,combo_sample_2791.png,.png,314126,2025-11-17T10:01:00+08:00,FFT_EfficientNet_1,image,FFT-related artifact
FFT_EfficientNet_1/output/image_translation/array_03/results/original_model_analysis_plots/combo_plots_Low_Severity/combo_sample_2794.png,combo_sample_2794.png,.png,292112,2025-11-17T10:01:00+08:00,FFT_EfficientNet_1,image,FFT-related artifact
FFT_EfficientNet_1/output/image_translation/array_03/results/original_model_analysis_plots/combo_plots_Low_Severity/combo_sample_2799.png,combo_sample_2799.png,.png,307964,2025-11-17T10:01:00+08:00,FFT_EfficientNet_1,image,FFT-related artifact
FFT_EfficientNet_1/output/image_translation/array_03/results/original_model_analysis_plots/combo_plots_Low_Severity/combo_sample_2811.png,combo_sample_2811.png,.png,319935,2025-11-17T10:01:00+08:00,FFT_EfficientNet_1,image,FFT-related artifact
FFT_EfficientNet_1/output/image_translation/array_03/results/original_model_analysis_plots/combo_plots_Low_Severity/combo_sample_2812.png,combo_sample_2812.png,.png,334432,2025-11-17T10:01:00+08:00,FFT_EfficientNet_1,image,FFT-related artifact
FFT_EfficientNet_1/output/image_translation/array_03/results/original_model_analysis_plots/combo_plots_Low_Severity/combo_sample_2814.png,combo_sample_2814.png,.png,335018,2025-11-17T10:01:00+08:00,FFT_EfficientNet_1,image,FFT-related artifact
FFT_EfficientNet_1/output/image_translation/array_03/results/original_model_analysis_plots/combo_plots_Low_Severity/combo_sample_2818.png,combo_sample_2818.png,.png,329296,2025-11-17T10:01:00+08:00,FFT_EfficientNet_1,image,FFT-related artifact
FFT_EfficientNet_1/output/image_translation/array_03/results/original_model_analysis_plots/combo_plots_Low_Severity/combo_sample_2823.png,combo_sample_2823.png,.png,301146,2025-11-17T10:01:00+08:00,FFT_EfficientNet_1,image,FFT-related artifact
FFT_EfficientNet_1/output/image_translation/array_03/results/original_model_analysis_plots/combo_plots_Low_Severity/combo_sample_2832.png,combo_sample_2832.png,.png,284208,2025-11-17T10:01:00+08:00,FFT_EfficientNet_1,image,FFT-related artifact
FFT_EfficientNet_1/output/image_translation/array_03/results/original_model_analysis_plots/combo_plots_Low_Severity/combo_sample_2833.png,combo_sample_2833.png,.png,283916,2025-11-17T10:01:00+08:00,FFT_EfficientNet_1,image,FFT-related artifact
FFT_EfficientNet_1/output/image_translation/array_03/results/original_model_analysis_plots/combo_plots_Low_Severity/combo_sample_287.png,combo_sample_287.png,.png,348708,2025-11-17T10:01:00+08:00,FFT_EfficientNet_1,image,FFT-related artifact
FFT_EfficientNet_1/output/image_translation/array_03/results/original_model_analysis_plots/combo_plots_Low_Severity/combo_sample_298.png,combo_sample_298.png,.png,320795,2025-11-17T10:01:00+08:00,FFT_EfficientNet_1,image,FFT-related artifact
FFT_EfficientNet_1/output/image_translation/array_03/results/original_model_analysis_plots/combo_plots_Low_Severity/combo_sample_299.png,combo_sample_299.png,.png,326192,2025-11-17T10:01:00+08:00,FFT_EfficientNet_1,image,FFT-related artifact
FFT_EfficientNet_1/output/image_translation/array_03/results/original_model_analysis_plots/combo_plots_Low_Severity/combo_sample_491.png,combo_sample_491.png,.png,297757,2025-11-17T10:01:00+08:00,FFT_EfficientNet_1,image,FFT-related artifact
FFT_EfficientNet_1/output/image_translation/array_03/results/original_model_analysis_plots/combo_plots_Low_Severity/combo_sample_499.png,combo_sample_499.png,.png,310565,2025-11-17T10:01:00+08:00,FFT_EfficientNet_1,image,FFT-related artifact
FFT_EfficientNet_1/output/image_translation/array_03/results/original_model_analysis_plots/combo_plots_Low_Severity/combo_sample_507.png,combo_sample_507.png,.png,320223,2025-11-17T10:01:00+08:00,FFT_EfficientNet_1,image,FFT-related artifact
FFT_EfficientNet_1/output/image_translation/array_03/results/original_model_analysis_plots/combo_plots_Low_Severity/combo_sample_511.png,combo_sample_511.png,.png,318346,2025-11-17T10:01:00+08:00,FFT_EfficientNet_1,image,FFT-related artifact
FFT_EfficientNet_1/output/image_translation/array_03/results/original_model_analysis_plots/combo_plots_Low_Severity/combo_sample_512.png,combo_sample_512.png,.png,307115,2025-11-17T10:01:00+08:00,FFT_EfficientNet_1,image,FFT-related artifact
FFT_EfficientNet_1/output/image_translation/array_03/results/original_model_analysis_plots/combo_plots_Low_Severity/combo_sample_513.png,combo_sample_513.png,.png,314058,2025-11-17T10:01:00+08:00,FFT_EfficientNet_1,image,FFT-related artifact
FFT_EfficientNet_1/output/image_translation/array_03/results/original_model_analysis_plots/combo_plots_Low_Severity/combo_sample_515.png,combo_sample_515.png,.png,317609,2025-11-17T10:01:00+08:00,FFT_EfficientNet_1,image,FFT-related artifact
FFT_EfficientNet_1/output/image_translation/array_03/results/original_model_analysis_plots/combo_plots_Low_Severity/combo_sample_55.png,combo_sample_55.png,.png,326904,2025-11-17T10:01:00+08:00,FFT_EfficientNet_1,image,FFT-related artifact
FFT_EfficientNet_1/output/image_translation/array_03/results/original_model_analysis_plots/combo_plots_Low_Severity/combo_sample_6.png,combo_sample_6.png,.png,287846,2025-11-17T10:01:00+08:00,FFT_EfficientNet_1,image,FFT-related artifact
FFT_EfficientNet_1/output/image_translation/array_03/results/original_model_analysis_plots/combo_plots_Low_Severity/combo_sample_939.png,combo_sample_939.png,.png,306296,2025-11-17T10:01:00+08:00,FFT_EfficientNet_1,image,FFT-related artifact
FFT_EfficientNet_1/output/image_translation/array_03/results/original_model_analysis_plots/combo_plots_Low_Severity/combo_sample_946.png,combo_sample_946.png,.png,314845,2025-11-17T10:01:00+08:00,FFT_EfficientNet_1,image,FFT-related artifact
FFT_EfficientNet_1/output/image_translation/array_03/results/original_model_analysis_plots/combo_plots_Low_Severity/combo_sample_947.png,combo_sample_947.png,.png,321832,2025-11-17T10:01:01+08:00,FFT_EfficientNet_1,image,FFT-related artifact
FFT_EfficientNet_1/output/image_translation/array_03/results/original_model_analysis_plots/combo_plots_Low_Severity/combo_sample_95.png,combo_sample_95.png,.png,329115,2025-11-17T10:01:00+08:00,FFT_EfficientNet_1,image,FFT-related artifact
FFT_EfficientNet_1/output/image_translation/array_03/results/original_model_analysis_plots/combo_plots_Low_Severity/combo_sample_952.png,combo_sample_952.png,.png,325663,2025-11-17T10:01:01+08:00,FFT_EfficientNet_1,image,FFT-related artifact
FFT_EfficientNet_1/output/image_translation/array_03/results/original_model_analysis_plots/combo_plots_Low_Severity/combo_sample_954.png,combo_sample_954.png,.png,300832,2025-11-17T10:01:01+08:00,FFT_EfficientNet_1,image,FFT-related artifact
FFT_EfficientNet_1/output/image_translation/array_03/results/original_model_analysis_plots/combo_plots_Low_Severity/combo_sample_955.png,combo_sample_955.png,.png,293850,2025-11-17T10:01:01+08:00,FFT_EfficientNet_1,image,FFT-related artifact
FFT_EfficientNet_1/output/image_translation/array_03/results/original_model_analysis_plots/combo_plots_Low_Severity/combo_sample_957.png,combo_sample_957.png,.png,302172,2025-11-17T10:01:01+08:00,FFT_EfficientNet_1,image,FFT-related artifact
FFT_EfficientNet_1/output/image_translation/array_03/results/original_model_analysis_plots/combo_plots_Low_Severity/combo_sample_961.png,combo_sample_961.png,.png,303255,2025-11-17T10:01:01+08:00,FFT_EfficientNet_1,image,FFT-related artifact
FFT_EfficientNet_1/output/image_translation/array_03/results/original_model_analysis_plots/combo_plots_Low_Severity/combo_sample_962.png,combo_sample_962.png,.png,309612,2025-11-17T10:01:01+08:00,FFT_EfficientNet_1,image,FFT-related artifact
FFT_EfficientNet_1/output/image_translation/array_03/results/original_model_analysis_plots/combo_plots_Low_Severity/combo_sample_967.png,combo_sample_967.png,.png,305166,2025-11-17T10:01:01+08:00,FFT_EfficientNet_1,image,FFT-related artifact
FFT_EfficientNet_1/output/image_translation/array_03/results/original_model_analysis_plots/combo_plots_Low_Severity/combo_sample_984.png,combo_sample_984.png,.png,317540,2025-11-17T10:01:01+08:00,FFT_EfficientNet_1,image,FFT-related artifact
FFT_EfficientNet_1/output/image_translation/array_03/results/original_model_analysis_plots/combo_plots_Medium_Severity/combo_sample_100.png,combo_sample_100.png,.png,327378,2025-11-17T10:01:06+08:00,FFT_EfficientNet_1,image,FFT-related artifact
FFT_EfficientNet_1/output/image_translation/array_03/results/original_model_analysis_plots/combo_plots_Medium_Severity/combo_sample_1052.png,combo_sample_1052.png,.png,345330,2025-11-17T10:01:06+08:00,FFT_EfficientNet_1,image,FFT-related artifact
FFT_EfficientNet_1/output/image_translation/array_03/results/original_model_analysis_plots/combo_plots_Medium_Severity/combo_sample_1054.png,combo_sample_1054.png,.png,345257,2025-11-17T10:01:06+08:00,FFT_EfficientNet_1,image,FFT-related artifact
FFT_EfficientNet_1/output/image_translation/array_03/results/original_model_analysis_plots/combo_plots_Medium_Severity/combo_sample_1077.png,combo_sample_1077.png,.png,320319,2025-11-17T10:01:06+08:00,FFT_EfficientNet_1,image,FFT-related artifact
FFT_EfficientNet_1/output/image_translation/array_03/results/original_model_analysis_plots/combo_plots_Medium_Severity/combo_sample_108.png,combo_sample_108.png,.png,343759,2025-11-17T10:01:06+08:00,FFT_EfficientNet_1,image,FFT-related artifact
FFT_EfficientNet_1/output/image_translation/array_03/results/original_model_analysis_plots/combo_plots_Medium_Severity/combo_sample_1081.png,combo_sample_1081.png,.png,310126,2025-11-17T10:01:06+08:00,FFT_EfficientNet_1,image,FFT-related artifact
FFT_EfficientNet_1/output/image_translation/array_03/results/original_model_analysis_plots/combo_plots_Medium_Severity/combo_sample_1083.png,combo_sample_1083.png,.png,306991,2025-11-17T10:01:06+08:00,FFT_EfficientNet_1,image,FFT-related artifact
FFT_EfficientNet_1/output/image_translation/array_03/results/original_model_analysis_plots/combo_plots_Medium_Severity/combo_sample_1085.png,combo_sample_1085.png,.png,340084,2025-11-17T10:01:06+08:00,FFT_EfficientNet_1,image,FFT-related artifact
FFT_EfficientNet_1/output/image_translation/array_03/results/original_model_analysis_plots/combo_plots_Medium_Severity/combo_sample_1100.png,combo_sample_1100.png,.png,296981,2025-11-17T10:01:06+08:00,FFT_EfficientNet_1,image,FFT-related artifact
FFT_EfficientNet_1/output/image_translation/array_03/results/original_model_analysis_plots/combo_plots_Medium_Severity/combo_sample_1103.png,combo_sample_1103.png,.png,276194,2025-11-17T10:01:06+08:00,FFT_EfficientNet_1,image,FFT-related artifact
FFT_EfficientNet_1/output/image_translation/array_03/results/original_model_analysis_plots/combo_plots_Medium_Severity/combo_sample_112.png,combo_sample_112.png,.png,317836,2025-11-17T10:01:07+08:00,FFT_EfficientNet_1,image,FFT-related artifact
FFT_EfficientNet_1/output/image_translation/array_03/results/original_model_analysis_plots/combo_plots_Medium_Severity/combo_sample_1127.png,combo_sample_1127.png,.png,289357,2025-11-17T10:01:06+08:00,FFT_EfficientNet_1,image,FFT-related artifact
FFT_EfficientNet_1/output/image_translation/array_03/results/original_model_analysis_plots/combo_plots_Medium_Severity/combo_sample_1143.png,combo_sample_1143.png,.png,323867,2025-11-17T10:01:07+08:00,FFT_EfficientNet_1,image,FFT-related artifact
FFT_EfficientNet_1/output/image_translation/array_03/results/original_model_analysis_plots/combo_plots_Medium_Severity/combo_sample_1144.png,combo_sample_1144.png,.png,322527,2025-11-17T10:01:07+08:00,FFT_EfficientNet_1,image,FFT-related artifact
FFT_EfficientNet_1/output/image_translation/array_03/results/original_model_analysis_plots/combo_plots_Medium_Severity/combo_sample_1146.png,combo_sample_1146.png,.png,330645,2025-11-17T10:01:07+08:00,FFT_EfficientNet_1,image,FFT-related artifact
FFT_EfficientNet_1/output/image_translation/array_03/results/original_model_analysis_plots/combo_plots_Medium_Severity/combo_sample_1148.png,combo_sample_1148.png,.png,323024,2025-11-17T10:01:07+08:00,FFT_EfficientNet_1,image,FFT-related artifact
FFT_EfficientNet_1/output/image_translation/array_03/results/original_model_analysis_plots/combo_plots_Medium_Severity/combo_sample_1168.png,combo_sample_1168.png,.png,317184,2025-11-17T10:01:07+08:00,FFT_EfficientNet_1,image,FFT-related artifact
FFT_EfficientNet_1/output/image_translation/array_03/results/original_model_analysis_plots/combo_plots_Medium_Severity/combo_sample_1172.png,combo_sample_1172.png,.png,314222,2025-11-17T10:01:07+08:00,FFT_EfficientNet_1,image,FFT-related artifact
FFT_EfficientNet_1/output/image_translation/array_03/results/original_model_analysis_plots/combo_plots_Medium_Severity/combo_sample_1177.png,combo_sample_1177.png,.png,317876,2025-11-17T10:01:07+08:00,FFT_EfficientNet_1,image,FFT-related artifact
FFT_EfficientNet_1/output/image_translation/array_03/results/original_model_analysis_plots/combo_plots_Medium_Severity/combo_sample_1179.png,combo_sample_1179.png,.png,315661,2025-11-17T10:01:07+08:00,FFT_EfficientNet_1,image,FFT-related artifact
FFT_EfficientNet_1/output/image_translation/array_03/results/original_model_analysis_plots/combo_plots_Medium_Severity/combo_sample_1186.png,combo_sample_1186.png,.png,287340,2025-11-17T10:01:07+08:00,FFT_EfficientNet_1,image,FFT-related artifact
FFT_EfficientNet_1/output/image_translation/array_03/results/original_model_analysis_plots/combo_plots_Medium_Severity/combo_sample_1188.png,combo_sample_1188.png,.png,319206,2025-11-17T10:01:07+08:00,FFT_EfficientNet_1,image,FFT-related artifact
FFT_EfficientNet_1/output/image_translation/array_03/results/original_model_analysis_plots/combo_plots_Medium_Severity/combo_sample_1189.png,combo_sample_1189.png,.png,319317,2025-11-17T10:01:07+08:00,FFT_EfficientNet_1,image,FFT-related artifact
FFT_EfficientNet_1/output/image_translation/array_03/results/original_model_analysis_plots/combo_plots_Medium_Severity/combo_sample_1190.png,combo_sample_1190.png,.png,334324,2025-11-17T10:01:07+08:00,FFT_EfficientNet_1,image,FFT-related artifact
FFT_EfficientNet_1/output/image_translation/array_03/results/original_model_analysis_plots/combo_plots_Medium_Severity/combo_sample_1194.png,combo_sample_1194.png,.png,352461,2025-11-17T10:01:07+08:00,FFT_EfficientNet_1,image,FFT-related artifact
FFT_EfficientNet_1/output/image_translation/array_03/results/original_model_analysis_plots/combo_plots_Medium_Severity/combo_sample_1195.png,combo_sample_1195.png,.png,348243,2025-11-17T10:01:07+08:00,FFT_EfficientNet_1,image,FFT-related artifact
FFT_EfficientNet_1/output/image_translation/array_03/results/original_model_analysis_plots/combo_plots_Medium_Severity/combo_sample_1203.png,combo_sample_1203.png,.png,344818,2025-11-17T10:01:07+08:00,FFT_EfficientNet_1,image,FFT-related artifact
FFT_EfficientNet_1/output/image_translation/array_03/results/original_model_analysis_plots/combo_plots_Medium_Severity/combo_sample_1205.png,combo_sample_1205.png,.png,341658,2025-11-17T10:01:07+08:00,FFT_EfficientNet_1,image,FFT-related artifact
FFT_EfficientNet_1/output/image_translation/array_03/results/original_model_analysis_plots/combo_plots_Medium_Severity/combo_sample_1206.png,combo_sample_1206.png,.png,340697,2025-11-17T10:01:07+08:00,FFT_EfficientNet_1,image,FFT-related artifact
FFT_EfficientNet_1/output/image_translation/array_03/results/original_model_analysis_plots/combo_plots_Medium_Severity/combo_sample_1207.png,combo_sample_1207.png,.png,325083,2025-11-17T10:01:07+08:00,FFT_EfficientNet_1,image,FFT-related artifact
FFT_EfficientNet_1/output/image_translation/array_03/results/original_model_analysis_plots/combo_plots_Medium_Severity/combo_sample_1245.png,combo_sample_1245.png,.png,324207,2025-11-17T10:01:07+08:00,FFT_EfficientNet_1,image,FFT-related artifact
FFT_EfficientNet_1/output/image_translation/array_03/results/original_model_analysis_plots/combo_plots_Medium_Severity/combo_sample_1246.png,combo_sample_1246.png,.png,329545,2025-11-17T10:01:07+08:00,FFT_EfficientNet_1,image,FFT-related artifact
FFT_EfficientNet_1/output/image_translation/array_03/results/original_model_analysis_plots/combo_plots_Medium_Severity/combo_sample_1249.png,combo_sample_1249.png,.png,331928,2025-11-17T10:01:07+08:00,FFT_EfficientNet_1,image,FFT-related artifact
FFT_EfficientNet_1/output/image_translation/array_03/results/original_model_analysis_plots/combo_plots_Medium_Severity/combo_sample_1251.png,combo_sample_1251.png,.png,319967,2025-11-17T10:01:07+08:00,FFT_EfficientNet_1,image,FFT-related artifact
FFT_EfficientNet_1/output/image_translation/array_03/results/original_model_analysis_plots/combo_plots_Medium_Severity/combo_sample_1252.png,combo_sample_1252.png,.png,306942,2025-11-17T10:01:07+08:00,FFT_EfficientNet_1,image,FFT-related artifact
FFT_EfficientNet_1/output/image_translation/array_03/results/original_model_analysis_plots/combo_plots_Medium_Severity/combo_sample_1262.png,combo_sample_1262.png,.png,329625,2025-11-17T10:01:07+08:00,FFT_EfficientNet_1,image,FFT-related artifact
FFT_EfficientNet_1/output/image_translation/array_03/results/original_model_analysis_plots/combo_plots_Medium_Severity/combo_sample_1278.png,combo_sample_1278.png,.png,295381,2025-11-17T10:01:07+08:00,FFT_EfficientNet_1,image,FFT-related artifact
FFT_EfficientNet_1/output/image_translation/array_03/results/original_model_analysis_plots/combo_plots_Medium_Severity/combo_sample_1304.png,combo_sample_1304.png,.png,322185,2025-11-17T10:01:07+08:00,FFT_EfficientNet_1,image,FFT-related artifact
FFT_EfficientNet_1/output/image_translation/array_03/results/original_model_analysis_plots/combo_plots_Medium_Severity/combo_sample_1305.png,combo_sample_1305.png,.png,313056,2025-11-17T10:01:07+08:00,FFT_EfficientNet_1,image,FFT-related artifact
FFT_EfficientNet_1/output/image_translation/array_03/results/original_model_analysis_plots/combo_plots_Medium_Severity/combo_sample_1306.png,combo_sample_1306.png,.png,314373,2025-11-17T10:01:07+08:00,FFT_EfficientNet_1,image,FFT-related artifact
FFT_EfficientNet_1/output/image_translation/array_03/results/original_model_analysis_plots/combo_plots_Medium_Severity/combo_sample_1309.png,combo_sample_1309.png,.png,327536,2025-11-17T10:01:07+08:00,FFT_EfficientNet_1,image,FFT-related artifact
FFT_EfficientNet_1/output/image_translation/array_03/results/original_model_analysis_plots/combo_plots_Medium_Severity/combo_sample_1310.png,combo_sample_1310.png,.png,327968,2025-11-17T10:01:07+08:00,FFT_EfficientNet_1,image,FFT-related artifact
FFT_EfficientNet_1/output/image_translation/array_03/results/original_model_analysis_plots/combo_plots_Medium_Severity/combo_sample_1311.png,combo_sample_1311.png,.png,331409,2025-11-17T10:01:07+08:00,FFT_EfficientNet_1,image,FFT-related artifact
FFT_EfficientNet_1/output/image_translation/array_03/results/original_model_analysis_plots/combo_plots_Medium_Severity/combo_sample_1319.png,combo_sample_1319.png,.png,321991,2025-11-17T10:01:07+08:00,FFT_EfficientNet_1,image,FFT-related artifact
FFT_EfficientNet_1/output/image_translation/array_03/results/original_model_analysis_plots/combo_plots_Medium_Severity/combo_sample_1346.png,combo_sample_1346.png,.png,324726,2025-11-17T10:01:07+08:00,FFT_EfficientNet_1,image,FFT-related artifact
FFT_EfficientNet_1/output/image_translation/array_03/results/original_model_analysis_plots/combo_plots_Medium_Severity/combo_sample_1348.png,combo_sample_1348.png,.png,327450,2025-11-17T10:01:07+08:00,FFT_EfficientNet_1,image,FFT-related artifact
FFT_EfficientNet_1/output/image_translation/array_03/results/original_model_analysis_plots/combo_plots_Medium_Severity/combo_sample_1380.png,combo_sample_1380.png,.png,328557,2025-11-17T10:01:07+08:00,FFT_EfficientNet_1,image,FFT-related artifact
FFT_EfficientNet_1/output/image_translation/array_03/results/original_model_analysis_plots/combo_plots_Medium_Severity/combo_sample_1394.png,combo_sample_1394.png,.png,321154,2025-11-17T10:01:07+08:00,FFT_EfficientNet_1,image,FFT-related artifact
FFT_EfficientNet_1/output/image_translation/array_03/results/original_model_analysis_plots/combo_plots_Medium_Severity/combo_sample_1409.png,combo_sample_1409.png,.png,321737,2025-11-17T10:01:08+08:00,FFT_EfficientNet_1,image,FFT-related artifact
FFT_EfficientNet_1/output/image_translation/array_03/results/original_model_analysis_plots/combo_plots_Medium_Severity/combo_sample_1413.png,combo_sample_1413.png,.png,339672,2025-11-17T10:01:07+08:00,FFT_EfficientNet_1,image,FFT-related artifact
FFT_EfficientNet_1/output/image_translation/array_03/results/original_model_analysis_plots/combo_plots_Medium_Severity/combo_sample_1416.png,combo_sample_1416.png,.png,343802,2025-11-17T10:01:08+08:00,FFT_EfficientNet_1,image,FFT-related artifact
FFT_EfficientNet_1/output/image_translation/array_03/results/original_model_analysis_plots/combo_plots_Medium_Severity/combo_sample_1417.png,combo_sample_1417.png,.png,345807,2025-11-17T10:01:08+08:00,FFT_EfficientNet_1,image,FFT-related artifact
FFT_EfficientNet_1/output/image_translation/array_03/results/original_model_analysis_plots/combo_plots_Medium_Severity/combo_sample_1426.png,combo_sample_1426.png,.png,318317,2025-11-17T10:01:08+08:00,FFT_EfficientNet_1,image,FFT-related artifact
FFT_EfficientNet_1/output/image_translation/array_03/results/original_model_analysis_plots/combo_plots_Medium_Severity/combo_sample_1428.png,combo_sample_1428.png,.png,330414,2025-11-17T10:01:08+08:00,FFT_EfficientNet_1,image,FFT-related artifact
FFT_EfficientNet_1/output/image_translation/array_03/results/original_model_analysis_plots/combo_plots_Medium_Severity/combo_sample_1435.png,combo_sample_1435.png,.png,341068,2025-11-17T10:01:08+08:00,FFT_EfficientNet_1,image,FFT-related artifact
FFT_EfficientNet_1/output/image_translation/array_03/results/original_model_analysis_plots/combo_plots_Medium_Severity/combo_sample_1438.png,combo_sample_1438.png,.png,329907,2025-11-17T10:01:08+08:00,FFT_EfficientNet_1,image,FFT-related artifact
FFT_EfficientNet_1/output/image_translation/array_03/results/original_model_analysis_plots/combo_plots_Medium_Severity/combo_sample_1440.png,combo_sample_1440.png,.png,294916,2025-11-17T10:01:08+08:00,FFT_EfficientNet_1,image,FFT-related artifact
FFT_EfficientNet_1/output/image_translation/array_03/results/original_model_analysis_plots/combo_plots_Medium_Severity/combo_sample_1449.png,combo_sample_1449.png,.png,320281,2025-11-17T10:01:08+08:00,FFT_EfficientNet_1,image,FFT-related artifact
FFT_EfficientNet_1/output/image_translation/array_03/results/original_model_analysis_plots/combo_plots_Medium_Severity/combo_sample_1450.png,combo_sample_1450.png,.png,322821,2025-11-17T10:01:08+08:00,FFT_EfficientNet_1,image,FFT-related artifact
FFT_EfficientNet_1/output/image_translation/array_03/results/original_model_analysis_plots/combo_plots_Medium_Severity/combo_sample_1452.png,combo_sample_1452.png,.png,333347,2025-11-17T10:01:08+08:00,FFT_EfficientNet_1,image,FFT-related artifact
FFT_EfficientNet_1/output/image_translation/array_03/results/original_model_analysis_plots/combo_plots_Medium_Severity/combo_sample_1453.png,combo_sample_1453.png,.png,332740,2025-11-17T10:01:08+08:00,FFT_EfficientNet_1,image,FFT-related artifact
FFT_EfficientNet_1/output/image_translation/array_03/results/original_model_analysis_plots/combo_plots_Medium_Severity/combo_sample_1463.png,combo_sample_1463.png,.png,338027,2025-11-17T10:01:08+08:00,FFT_EfficientNet_1,image,FFT-related artifact
FFT_EfficientNet_1/output/image_translation/array_03/results/original_model_analysis_plots/combo_plots_Medium_Severity/combo_sample_1469.png,combo_sample_1469.png,.png,299858,2025-11-17T10:01:08+08:00,FFT_EfficientNet_1,image,FFT-related artifact
FFT_EfficientNet_1/output/image_translation/array_03/results/original_model_analysis_plots/combo_plots_Medium_Severity/combo_sample_1471.png,combo_sample_1471.png,.png,298721,2025-11-17T10:01:08+08:00,FFT_EfficientNet_1,image,FFT-related artifact
FFT_EfficientNet_1/output/image_translation/array_03/results/original_model_analysis_plots/combo_plots_Medium_Severity/combo_sample_1476.png,combo_sample_1476.png,.png,304990,2025-11-17T10:01:08+08:00,FFT_EfficientNet_1,image,FFT-related artifact
FFT_EfficientNet_1/output/image_translation/array_03/results/original_model_analysis_plots/combo_plots_Medium_Severity/combo_sample_1478.png,combo_sample_1478.png,.png,299640,2025-11-17T10:01:08+08:00,FFT_EfficientNet_1,image,FFT-related artifact
FFT_EfficientNet_1/output/image_translation/array_03/results/original_model_analysis_plots/combo_plots_Medium_Severity/combo_sample_1490.png,combo_sample_1490.png,.png,313233,2025-11-17T10:01:08+08:00,FFT_EfficientNet_1,image,FFT-related artifact
FFT_EfficientNet_1/output/image_translation/array_03/results/original_model_analysis_plots/combo_plots_Medium_Severity/combo_sample_1510.png,combo_sample_1510.png,.png,372925,2025-11-17T10:01:08+08:00,FFT_EfficientNet_1,image,FFT-related artifact
FFT_EfficientNet_1/output/image_translation/array_03/results/original_model_analysis_plots/combo_plots_Medium_Severity/combo_sample_1515.png,combo_sample_1515.png,.png,305952,2025-11-17T10:01:08+08:00,FFT_EfficientNet_1,image,FFT-related artifact
FFT_EfficientNet_1/output/image_translation/array_03/results/original_model_analysis_plots/combo_plots_Medium_Severity/combo_sample_1517.png,combo_sample_1517.png,.png,328108,2025-11-17T10:01:08+08:00,FFT_EfficientNet_1,image,FFT-related artifact
FFT_EfficientNet_1/output/image_translation/array_03/results/original_model_analysis_plots/combo_plots_Medium_Severity/combo_sample_1521.png,combo_sample_1521.png,.png,292181,2025-11-17T10:01:08+08:00,FFT_EfficientNet_1,image,FFT-related artifact
FFT_EfficientNet_1/output/image_translation/array_03/results/original_model_analysis_plots/combo_plots_Medium_Severity/combo_sample_1522.png,combo_sample_1522.png,.png,317587,2025-11-17T10:01:08+08:00,FFT_EfficientNet_1,image,FFT-related artifact
FFT_EfficientNet_1/output/image_translation/array_03/results/original_model_analysis_plots/combo_plots_Medium_Severity/combo_sample_1524.png,combo_sample_1524.png,.png,295000,2025-11-17T10:01:08+08:00,FFT_EfficientNet_1,image,FFT-related artifact
FFT_EfficientNet_1/output/image_translation/array_03/results/original_model_analysis_plots/combo_plots_Medium_Severity/combo_sample_1594.png,combo_sample_1594.png,.png,304024,2025-11-17T10:01:08+08:00,FFT_EfficientNet_1,image,FFT-related artifact
FFT_EfficientNet_1/output/image_translation/array_03/results/original_model_analysis_plots/combo_plots_Medium_Severity/combo_sample_1601.png,combo_sample_1601.png,.png,338654,2025-11-17T10:01:08+08:00,FFT_EfficientNet_1,image,FFT-related artifact
FFT_EfficientNet_1/output/image_translation/array_03/results/original_model_analysis_plots/combo_plots_Medium_Severity/combo_sample_1602.png,combo_sample_1602.png,.png,340563,2025-11-17T10:01:08+08:00,FFT_EfficientNet_1,image,FFT-related artifact
FFT_EfficientNet_1/output/image_translation/array_03/results/original_model_analysis_plots/combo_plots_Medium_Severity/combo_sample_1603.png,combo_sample_1603.png,.png,329074,2025-11-17T10:01:08+08:00,FFT_EfficientNet_1,image,FFT-related artifact
FFT_EfficientNet_1/output/image_translation/array_03/results/original_model_analysis_plots/combo_plots_Medium_Severity/combo_sample_1700.png,combo_sample_1700.png,.png,278350,2025-11-17T10:01:08+08:00,FFT_EfficientNet_1,image,FFT-related artifact
FFT_EfficientNet_1/output/image_translation/array_03/results/original_model_analysis_plots/combo_plots_Medium_Severity/combo_sample_1719.png,combo_sample_1719.png,.png,329234,2025-11-17T10:01:08+08:00,FFT_EfficientNet_1,image,FFT-related artifact
FFT_EfficientNet_1/output/image_translation/array_03/results/original_model_analysis_plots/combo_plots_Medium_Severity/combo_sample_1744.png,combo_sample_1744.png,.png,344061,2025-11-17T10:01:08+08:00,FFT_EfficientNet_1,image,FFT-related artifact
FFT_EfficientNet_1/output/image_translation/array_03/results/original_model_analysis_plots/combo_plots_Medium_Severity/combo_sample_1746.png,combo_sample_1746.png,.png,330367,2025-11-17T10:01:08+08:00,FFT_EfficientNet_1,image,FFT-related artifact
FFT_EfficientNet_1/output/image_translation/array_03/results/original_model_analysis_plots/combo_plots_Medium_Severity/combo_sample_1773.png,combo_sample_1773.png,.png,340184,2025-11-17T10:01:08+08:00,FFT_EfficientNet_1,image,FFT-related artifact
FFT_EfficientNet_1/output/image_translation/array_03/results/original_model_analysis_plots/combo_plots_Medium_Severity/combo_sample_18.png,combo_sample_18.png,.png,330288,2025-11-17T10:01:08+08:00,FFT_EfficientNet_1,image,FFT-related artifact
FFT_EfficientNet_1/output/image_translation/array_03/results/original_model_analysis_plots/combo_plots_Medium_Severity/combo_sample_1856.png,combo_sample_1856.png,.png,343547,2025-11-17T10:01:08+08:00,FFT_EfficientNet_1,image,FFT-related artifact
FFT_EfficientNet_1/output/image_translation/array_03/results/original_model_analysis_plots/combo_plots_Medium_Severity/combo_sample_1858.png,combo_sample_1858.png,.png,323856,2025-11-17T10:01:08+08:00,FFT_EfficientNet_1,image,FFT-related artifact
FFT_EfficientNet_1/output/image_translation/array_03/results/original_model_analysis_plots/combo_plots_Medium_Severity/combo_sample_1861.png,combo_sample_1861.png,.png,359982,2025-11-17T10:01:08+08:00,FFT_EfficientNet_1,image,FFT-related artifact
FFT_EfficientNet_1/output/image_translation/array_03/results/original_model_analysis_plots/combo_plots_Medium_Severity/combo_sample_1862.png,combo_sample_1862.png,.png,327640,2025-11-17T10:01:08+08:00,FFT_EfficientNet_1,image,FFT-related artifact
FFT_EfficientNet_1/output/image_translation/array_03/results/original_model_analysis_plots/combo_plots_Medium_Severity/combo_sample_1953.png,combo_sample_1953.png,.png,299619,2025-11-17T10:01:08+08:00,FFT_EfficientNet_1,image,FFT-related artifact
FFT_EfficientNet_1/output/image_translation/array_03/results/original_model_analysis_plots/combo_plots_Medium_Severity/combo_sample_20.png,combo_sample_20.png,.png,295740,2025-11-17T10:01:08+08:00,FFT_EfficientNet_1,image,FFT-related artifact
FFT_EfficientNet_1/output/image_translation/array_03/results/original_model_analysis_plots/combo_plots_Medium_Severity/combo_sample_2001.png,combo_sample_2001.png,.png,334715,2025-11-17T10:01:09+08:00,FFT_EfficientNet_1,image,FFT-related artifact
FFT_EfficientNet_1/output/image_translation/array_03/results/original_model_analysis_plots/combo_plots_Medium_Severity/combo_sample_2005.png,combo_sample_2005.png,.png,339480,2025-11-17T10:01:09+08:00,FFT_EfficientNet_1,image,FFT-related artifact
FFT_EfficientNet_1/output/image_translation/array_03/results/original_model_analysis_plots/combo_plots_Medium_Severity/combo_sample_201.png,combo_sample_201.png,.png,334590,2025-11-17T10:01:09+08:00,FFT_EfficientNet_1,image,FFT-related artifact
FFT_EfficientNet_1/output/image_translation/array_03/results/original_model_analysis_plots/combo_plots_Medium_Severity/combo_sample_203.png,combo_sample_203.png,.png,271435,2025-11-17T10:01:09+08:00,FFT_EfficientNet_1,image,FFT-related artifact
FFT_EfficientNet_1/output/image_translation/array_03/results/original_model_analysis_plots/combo_plots_Medium_Severity/combo_sample_2033.png,combo_sample_2033.png,.png,311913,2025-11-17T10:01:09+08:00,FFT_EfficientNet_1,image,FFT-related artifact
FFT_EfficientNet_1/output/image_translation/array_03/results/original_model_analysis_plots/combo_plots_Medium_Severity/combo_sample_212.png,combo_sample_212.png,.png,323736,2025-11-17T10:01:09+08:00,FFT_EfficientNet_1,image,FFT-related artifact
FFT_EfficientNet_1/output/image_translation/array_03/results/original_model_analysis_plots/combo_plots_Medium_Severity/combo_sample_2140.png,combo_sample_2140.png,.png,323987,2025-11-17T10:01:09+08:00,FFT_EfficientNet_1,image,FFT-related artifact
FFT_EfficientNet_1/output/image_translation/array_03/results/original_model_analysis_plots/combo_plots_Medium_Severity/combo_sample_2168.png,combo_sample_2168.png,.png,329440,2025-11-17T10:01:09+08:00,FFT_EfficientNet_1,image,FFT-related artifact
FFT_EfficientNet_1/output/image_translation/array_03/results/original_model_analysis_plots/combo_plots_Medium_Severity/combo_sample_217.png,combo_sample_217.png,.png,339108,2025-11-17T10:01:09+08:00,FFT_EfficientNet_1,image,FFT-related artifact
FFT_EfficientNet_1/output/image_translation/array_03/results/original_model_analysis_plots/combo_plots_Medium_Severity/combo_sample_219.png,combo_sample_219.png,.png,334529,2025-11-17T10:01:09+08:00,FFT_EfficientNet_1,image,FFT-related artifact
FFT_EfficientNet_1/output/image_translation/array_03/results/original_model_analysis_plots/combo_plots_Medium_Severity/combo_sample_221.png,combo_sample_221.png,.png,341842,2025-11-17T10:01:09+08:00,FFT_EfficientNet_1,image,FFT-related artifact
FFT_EfficientNet_1/output/image_translation/array_03/results/original_model_analysis_plots/combo_plots_Medium_Severity/combo_sample_2232.png,combo_sample_2232.png,.png,334755,2025-11-17T10:01:09+08:00,FFT_EfficientNet_1,image,FFT-related artifact
FFT_EfficientNet_1/output/image_translation/array_03/results/original_model_analysis_plots/combo_plots_Medium_Severity/combo_sample_2294.png,combo_sample_2294.png,.png,308922,2025-11-17T10:01:09+08:00,FFT_EfficientNet_1,image,FFT-related artifact
FFT_EfficientNet_1/output/image_translation/array_03/results/original_model_analysis_plots/combo_plots_Medium_Severity/combo_sample_2336.png,combo_sample_2336.png,.png,305917,2025-11-17T10:01:09+08:00,FFT_EfficientNet_1,image,FFT-related artifact
FFT_EfficientNet_1/output/image_translation/array_03/results/original_model_analysis_plots/combo_plots_Medium_Severity/combo_sample_2339.png,combo_sample_2339.png,.png,319107,2025-11-17T10:01:09+08:00,FFT_EfficientNet_1,image,FFT-related artifact
FFT_EfficientNet_1/output/image_translation/array_03/results/original_model_analysis_plots/combo_plots_Medium_Severity/combo_sample_2372.png,combo_sample_2372.png,.png,325680,2025-11-17T10:01:09+08:00,FFT_EfficientNet_1,image,FFT-related artifact
FFT_EfficientNet_1/output/image_translation/array_03/results/original_model_analysis_plots/combo_plots_Medium_Severity/combo_sample_2375.png,combo_sample_2375.png,.png,308904,2025-11-17T10:01:09+08:00,FFT_EfficientNet_1,image,FFT-related artifact
FFT_EfficientNet_1/output/image_translation/array_03/results/original_model_analysis_plots/combo_plots_Medium_Severity/combo_sample_2376.png,combo_sample_2376.png,.png,303991,2025-11-17T10:01:09+08:00,FFT_EfficientNet_1,image,FFT-related artifact
FFT_EfficientNet_1/output/image_translation/array_03/results/original_model_analysis_plots/combo_plots_Medium_Severity/combo_sample_2379.png,combo_sample_2379.png,.png,313676,2025-11-17T10:01:09+08:00,FFT_EfficientNet_1,image,FFT-related artifact
FFT_EfficientNet_1/output/image_translation/array_03/results/original_model_analysis_plots/combo_plots_Medium_Severity/combo_sample_2382.png,combo_sample_2382.png,.png,330942,2025-11-17T10:01:09+08:00,FFT_EfficientNet_1,image,FFT-related artifact
FFT_EfficientNet_1/output/image_translation/array_03/results/original_model_analysis_plots/combo_plots_Medium_Severity/combo_sample_240.png,combo_sample_240.png,.png,333838,2025-11-17T10:01:09+08:00,FFT_EfficientNet_1,image,FFT-related artifact
FFT_EfficientNet_1/output/image_translation/array_03/results/original_model_analysis_plots/combo_plots_Medium_Severity/combo_sample_2489.png,combo_sample_2489.png,.png,330324,2025-11-17T10:01:09+08:00,FFT_EfficientNet_1,image,FFT-related artifact
FFT_EfficientNet_1/output/image_translation/array_03/results/original_model_analysis_plots/combo_plots_Medium_Severity/combo_sample_249.png,combo_sample_249.png,.png,344108,2025-11-17T10:01:09+08:00,FFT_EfficientNet_1,image,FFT-related artifact
FFT_EfficientNet_1/output/image_translation/array_03/results/original_model_analysis_plots/combo_plots_Medium_Severity/combo_sample_2491.png,combo_sample_2491.png,.png,339591,2025-11-17T10:01:09+08:00,FFT_EfficientNet_1,image,FFT-related artifact
FFT_EfficientNet_1/output/image_translation/array_03/results/original_model_analysis_plots/combo_plots_Medium_Severity/combo_sample_2499.png,combo_sample_2499.png,.png,312594,2025-11-17T10:01:09+08:00,FFT_EfficientNet_1,image,FFT-related artifact
FFT_EfficientNet_1/output/image_translation/array_03/results/original_model_analysis_plots/combo_plots_Medium_Severity/combo_sample_2513.png,combo_sample_2513.png,.png,303064,2025-11-17T10:01:09+08:00,FFT_EfficientNet_1,image,FFT-related artifact
FFT_EfficientNet_1/output/image_translation/array_03/results/original_model_analysis_plots/combo_plots_Medium_Severity/combo_sample_2514.png,combo_sample_2514.png,.png,305387,2025-11-17T10:01:09+08:00,FFT_EfficientNet_1,image,FFT-related artifact
FFT_EfficientNet_1/output/image_translation/array_03/results/original_model_analysis_plots/combo_plots_Medium_Severity/combo_sample_2515.png,combo_sample_2515.png,.png,306257,2025-11-17T10:01:09+08:00,FFT_EfficientNet_1,image,FFT-related artifact
FFT_EfficientNet_1/output/image_translation/array_03/results/original_model_analysis_plots/combo_plots_Medium_Severity/combo_sample_2517.png,combo_sample_2517.png,.png,305838,2025-11-17T10:01:09+08:00,FFT_EfficientNet_1,image,FFT-related artifact
FFT_EfficientNet_1/output/image_translation/array_03/results/original_model_analysis_plots/combo_plots_Medium_Severity/combo_sample_2520.png,combo_sample_2520.png,.png,300700,2025-11-17T10:01:09+08:00,FFT_EfficientNet_1,image,FFT-related artifact
FFT_EfficientNet_1/output/image_translation/array_03/results/original_model_analysis_plots/combo_plots_Medium_Severity/combo_sample_2522.png,combo_sample_2522.png,.png,305354,2025-11-17T10:01:09+08:00,FFT_EfficientNet_1,image,FFT-related artifact
FFT_EfficientNet_1/output/image_translation/array_03/results/original_model_analysis_plots/combo_plots_Medium_Severity/combo_sample_2545.png,combo_sample_2545.png,.png,306621,2025-11-17T10:01:09+08:00,FFT_EfficientNet_1,image,FFT-related artifact
FFT_EfficientNet_1/output/image_translation/array_03/results/original_model_analysis_plots/combo_plots_Medium_Severity/combo_sample_2547.png,combo_sample_2547.png,.png,302738,2025-11-17T10:01:09+08:00,FFT_EfficientNet_1,image,FFT-related artifact
FFT_EfficientNet_1/output/image_translation/array_03/results/original_model_analysis_plots/combo_plots_Medium_Severity/combo_sample_2548.png,combo_sample_2548.png,.png,320688,2025-11-17T10:01:09+08:00,FFT_EfficientNet_1,image,FFT-related artifact
FFT_EfficientNet_1/output/image_translation/array_03/results/original_model_analysis_plots/combo_plots_Medium_Severity/combo_sample_255.png,combo_sample_255.png,.png,326910,2025-11-17T10:01:09+08:00,FFT_EfficientNet_1,image,FFT-related artifact
FFT_EfficientNet_1/output/image_translation/array_03/results/original_model_analysis_plots/combo_plots_Medium_Severity/combo_sample_2552.png,combo_sample_2552.png,.png,332061,2025-11-17T10:01:09+08:00,FFT_EfficientNet_1,image,FFT-related artifact
FFT_EfficientNet_1/output/image_translation/array_03/results/original_model_analysis_plots/combo_plots_Medium_Severity/combo_sample_2585.png,combo_sample_2585.png,.png,320123,2025-11-17T10:01:09+08:00,FFT_EfficientNet_1,image,FFT-related artifact
FFT_EfficientNet_1/output/image_translation/array_03/results/original_model_analysis_plots/combo_plots_Medium_Severity/combo_sample_2586.png,combo_sample_2586.png,.png,331638,2025-11-17T10:01:09+08:00,FFT_EfficientNet_1,image,FFT-related artifact
FFT_EfficientNet_1/output/image_translation/array_03/results/original_model_analysis_plots/combo_plots_Medium_Severity/combo_sample_2599.png,combo_sample_2599.png,.png,336943,2025-11-17T10:01:09+08:00,FFT_EfficientNet_1,image,FFT-related artifact
FFT_EfficientNet_1/output/image_translation/array_03/results/original_model_analysis_plots/combo_plots_Medium_Severity/combo_sample_26.png,combo_sample_26.png,.png,325877,2025-11-17T10:01:09+08:00,FFT_EfficientNet_1,image,FFT-related artifact
FFT_EfficientNet_1/output/image_translation/array_03/results/original_model_analysis_plots/combo_plots_Medium_Severity/combo_sample_2604.png,combo_sample_2604.png,.png,312703,2025-11-17T10:01:10+08:00,FFT_EfficientNet_1,image,FFT-related artifact
FFT_EfficientNet_1/output/image_translation/array_03/results/original_model_analysis_plots/combo_plots_Medium_Severity/combo_sample_2607.png,combo_sample_2607.png,.png,325772,2025-11-17T10:01:10+08:00,FFT_EfficientNet_1,image,FFT-related artifact
FFT_EfficientNet_1/output/image_translation/array_03/results/original_model_analysis_plots/combo_plots_Medium_Severity/combo_sample_2608.png,combo_sample_2608.png,.png,340304,2025-11-17T10:01:10+08:00,FFT_EfficientNet_1,image,FFT-related artifact
FFT_EfficientNet_1/output/image_translation/array_03/results/original_model_analysis_plots/combo_plots_Medium_Severity/combo_sample_2609.png,combo_sample_2609.png,.png,340729,2025-11-17T10:01:10+08:00,FFT_EfficientNet_1,image,FFT-related artifact
FFT_EfficientNet_1/output/image_translation/array_03/results/original_model_analysis_plots/combo_plots_Medium_Severity/combo_sample_2615.png,combo_sample_2615.png,.png,356037,2025-11-17T10:01:10+08:00,FFT_EfficientNet_1,image,FFT-related artifact
FFT_EfficientNet_1/output/image_translation/array_03/results/original_model_analysis_plots/combo_plots_Medium_Severity/combo_sample_2626.png,combo_sample_2626.png,.png,338277,2025-11-17T10:01:10+08:00,FFT_EfficientNet_1,image,FFT-related artifact
FFT_EfficientNet_1/output/image_translation/array_03/results/original_model_analysis_plots/combo_plots_Medium_Severity/combo_sample_2632.png,combo_sample_2632.png,.png,332875,2025-11-17T10:01:10+08:00,FFT_EfficientNet_1,image,FFT-related artifact
FFT_EfficientNet_1/output/image_translation/array_03/results/original_model_analysis_plots/combo_plots_Medium_Severity/combo_sample_2633.png,combo_sample_2633.png,.png,334228,2025-11-17T10:01:10+08:00,FFT_EfficientNet_1,image,FFT-related artifact
FFT_EfficientNet_1/output/image_translation/array_03/results/original_model_analysis_plots/combo_plots_Medium_Severity/combo_sample_2733.png,combo_sample_2733.png,.png,260244,2025-11-17T10:00:45+08:00,FFT_EfficientNet_1,image,FFT-related artifact
FFT_EfficientNet_1/output/image_translation/array_03/results/original_model_analysis_plots/combo_plots_Medium_Severity/combo_sample_2739.png,combo_sample_2739.png,.png,260502,2025-11-17T10:00:45+08:00,FFT_EfficientNet_1,image,FFT-related artifact
FFT_EfficientNet_1/output/image_translation/array_03/results/original_model_analysis_plots/combo_plots_Medium_Severity/combo_sample_2750.png,combo_sample_2750.png,.png,326646,2025-11-17T10:01:10+08:00,FFT_EfficientNet_1,image,FFT-related artifact
FFT_EfficientNet_1/output/image_translation/array_03/results/original_model_analysis_plots/combo_plots_Medium_Severity/combo_sample_2753.png,combo_sample_2753.png,.png,327752,2025-11-17T10:01:10+08:00,FFT_EfficientNet_1,image,FFT-related artifact
FFT_EfficientNet_1/output/image_translation/array_03/results/original_model_analysis_plots/combo_plots_Medium_Severity/combo_sample_2759.png,combo_sample_2759.png,.png,308258,2025-11-17T10:01:10+08:00,FFT_EfficientNet_1,image,FFT-related artifact
FFT_EfficientNet_1/output/image_translation/array_03/results/original_model_analysis_plots/combo_plots_Medium_Severity/combo_sample_2766.png,combo_sample_2766.png,.png,340595,2025-11-17T10:01:10+08:00,FFT_EfficientNet_1,image,FFT-related artifact
FFT_EfficientNet_1/output/image_translation/array_03/results/original_model_analysis_plots/combo_plots_Medium_Severity/combo_sample_2777.png,combo_sample_2777.png,.png,335920,2025-11-17T10:01:10+08:00,FFT_EfficientNet_1,image,FFT-related artifact
FFT_EfficientNet_1/output/image_translation/array_03/results/original_model_analysis_plots/combo_plots_Medium_Severity/combo_sample_2780.png,combo_sample_2780.png,.png,314965,2025-11-17T10:01:10+08:00,FFT_EfficientNet_1,image,FFT-related artifact
FFT_EfficientNet_1/output/image_translation/array_03/results/original_model_analysis_plots/combo_plots_Medium_Severity/combo_sample_2806.png,combo_sample_2806.png,.png,229853,2025-11-17T10:00:45+08:00,FFT_EfficientNet_1,image,FFT-related artifact
FFT_EfficientNet_1/output/image_translation/array_03/results/original_model_analysis_plots/combo_plots_Medium_Severity/combo_sample_2808.png,combo_sample_2808.png,.png,254021,2025-11-17T10:00:45+08:00,FFT_EfficientNet_1,image,FFT-related artifact
FFT_EfficientNet_1/output/image_translation/array_03/results/original_model_analysis_plots/combo_plots_Medium_Severity/combo_sample_2817.png,combo_sample_2817.png,.png,316079,2025-11-17T10:01:10+08:00,FFT_EfficientNet_1,image,FFT-related artifact
FFT_EfficientNet_1/output/image_translation/array_03/results/original_model_analysis_plots/combo_plots_Medium_Severity/combo_sample_288.png,combo_sample_288.png,.png,338985,2025-11-17T10:01:10+08:00,FFT_EfficientNet_1,image,FFT-related artifact
FFT_EfficientNet_1/output/image_translation/array_03/results/original_model_analysis_plots/combo_plots_Medium_Severity/combo_sample_289.png,combo_sample_289.png,.png,321606,2025-11-17T10:01:10+08:00,FFT_EfficientNet_1,image,FFT-related artifact
FFT_EfficientNet_1/output/image_translation/array_03/results/original_model_analysis_plots/combo_plots_Medium_Severity/combo_sample_302.png,combo_sample_302.png,.png,322878,2025-11-17T10:01:10+08:00,FFT_EfficientNet_1,image,FFT-related artifact
FFT_EfficientNet_1/output/image_translation/array_03/results/original_model_analysis_plots/combo_plots_Medium_Severity/combo_sample_303.png,combo_sample_303.png,.png,316649,2025-11-17T10:01:10+08:00,FFT_EfficientNet_1,image,FFT-related artifact
FFT_EfficientNet_1/output/image_translation/array_03/results/original_model_analysis_plots/combo_plots_Medium_Severity/combo_sample_305.png,combo_sample_305.png,.png,310513,2025-11-17T10:01:10+08:00,FFT_EfficientNet_1,image,FFT-related artifact
FFT_EfficientNet_1/output/image_translation/array_03/results/original_model_analysis_plots/combo_plots_Medium_Severity/combo_sample_306.png,combo_sample_306.png,.png,312060,2025-11-17T10:01:10+08:00,FFT_EfficientNet_1,image,FFT-related artifact
FFT_EfficientNet_1/output/image_translation/array_03/results/original_model_analysis_plots/combo_plots_Medium_Severity/combo_sample_319.png,combo_sample_319.png,.png,322391,2025-11-17T10:01:10+08:00,FFT_EfficientNet_1,image,FFT-related artifact
FFT_EfficientNet_1/output/image_translation/array_03/results/original_model_analysis_plots/combo_plots_Medium_Severity/combo_sample_32.png,combo_sample_32.png,.png,299939,2025-11-17T10:01:10+08:00,FFT_EfficientNet_1,image,FFT-related artifact
FFT_EfficientNet_1/output/image_translation/array_03/results/original_model_analysis_plots/combo_plots_Medium_Severity/combo_sample_321.png,combo_sample_321.png,.png,318882,2025-11-17T10:01:10+08:00,FFT_EfficientNet_1,image,FFT-related artifact
FFT_EfficientNet_1/output/image_translation/array_03/results/original_model_analysis_plots/combo_plots_Medium_Severity/combo_sample_324.png,combo_sample_324.png,.png,301586,2025-11-17T10:01:10+08:00,FFT_EfficientNet_1,image,FFT-related artifact
FFT_EfficientNet_1/output/image_translation/array_03/results/original_model_analysis_plots/combo_plots_Medium_Severity/combo_sample_326.png,combo_sample_326.png,.png,318355,2025-11-17T10:01:10+08:00,FFT_EfficientNet_1,image,FFT-related artifact
FFT_EfficientNet_1/output/image_translation/array_03/results/original_model_analysis_plots/combo_plots_Medium_Severity/combo_sample_330.png,combo_sample_330.png,.png,306224,2025-11-17T10:01:10+08:00,FFT_EfficientNet_1,image,FFT-related artifact
FFT_EfficientNet_1/output/image_translation/array_03/results/original_model_analysis_plots/combo_plots_Medium_Severity/combo_sample_331.png,combo_sample_331.png,.png,309687,2025-11-17T10:01:10+08:00,FFT_EfficientNet_1,image,FFT-related artifact
FFT_EfficientNet_1/output/image_translation/array_03/results/original_model_analysis_plots/combo_plots_Medium_Severity/combo_sample_334.png,combo_sample_334.png,.png,310168,2025-11-17T10:01:10+08:00,FFT_EfficientNet_1,image,FFT-related artifact
FFT_EfficientNet_1/output/image_translation/array_03/results/original_model_analysis_plots/combo_plots_Medium_Severity/combo_sample_373.png,combo_sample_373.png,.png,324151,2025-11-17T10:01:10+08:00,FFT_EfficientNet_1,image,FFT-related artifact
FFT_EfficientNet_1/output/image_translation/array_03/results/original_model_analysis_plots/combo_plots_Medium_Severity/combo_sample_374.png,combo_sample_374.png,.png,319971,2025-11-17T10:01:10+08:00,FFT_EfficientNet_1,image,FFT-related artifact
FFT_EfficientNet_1/output/image_translation/array_03/results/original_model_analysis_plots/combo_plots_Medium_Severity/combo_sample_375.png,combo_sample_375.png,.png,306164,2025-11-17T10:01:10+08:00,FFT_EfficientNet_1,image,FFT-related artifact
FFT_EfficientNet_1/output/image_translation/array_03/results/original_model_analysis_plots/combo_plots_Medium_Severity/combo_sample_400.png,combo_sample_400.png,.png,319960,2025-11-17T10:01:10+08:00,FFT_EfficientNet_1,image,FFT-related artifact
FFT_EfficientNet_1/output/image_translation/array_03/results/original_model_analysis_plots/combo_plots_Medium_Severity/combo_sample_403.png,combo_sample_403.png,.png,321008,2025-11-17T10:01:10+08:00,FFT_EfficientNet_1,image,FFT-related artifact
FFT_EfficientNet_1/output/image_translation/array_03/results/original_model_analysis_plots/combo_plots_Medium_Severity/combo_sample_41.png,combo_sample_41.png,.png,275726,2025-11-17T10:01:10+08:00,FFT_EfficientNet_1,image,FFT-related artifact
FFT_EfficientNet_1/output/image_translation/array_03/results/original_model_analysis_plots/combo_plots_Medium_Severity/combo_sample_451.png,combo_sample_451.png,.png,320569,2025-11-17T10:01:10+08:00,FFT_EfficientNet_1,image,FFT-related artifact
FFT_EfficientNet_1/output/image_translation/array_03/results/original_model_analysis_plots/combo_plots_Medium_Severity/combo_sample_460.png,combo_sample_460.png,.png,318514,2025-11-17T10:01:10+08:00,FFT_EfficientNet_1,image,FFT-related artifact
FFT_EfficientNet_1/output/image_translation/array_03/results/original_model_analysis_plots/combo_plots_Medium_Severity/combo_sample_468.png,combo_sample_468.png,.png,325772,2025-11-17T10:01:10+08:00,FFT_EfficientNet_1,image,FFT-related artifact
FFT_EfficientNet_1/output/image_translation/array_03/results/original_model_analysis_plots/combo_plots_Medium_Severity/combo_sample_469.png,combo_sample_469.png,.png,318916,2025-11-17T10:01:10+08:00,FFT_EfficientNet_1,image,FFT-related artifact
FFT_EfficientNet_1/output/image_translation/array_03/results/original_model_analysis_plots/combo_plots_Medium_Severity/combo_sample_47.png,combo_sample_47.png,.png,301700,2025-11-17T10:01:11+08:00,FFT_EfficientNet_1,image,FFT-related artifact
FFT_EfficientNet_1/output/image_translation/array_03/results/original_model_analysis_plots/combo_plots_Medium_Severity/combo_sample_48.png,combo_sample_48.png,.png,304289,2025-11-17T10:01:11+08:00,FFT_EfficientNet_1,image,FFT-related artifact
FFT_EfficientNet_1/output/image_translation/array_03/results/original_model_analysis_plots/combo_plots_Medium_Severity/combo_sample_489.png,combo_sample_489.png,.png,314432,2025-11-17T10:01:11+08:00,FFT_EfficientNet_1,image,FFT-related artifact
FFT_EfficientNet_1/output/image_translation/array_03/results/original_model_analysis_plots/combo_plots_Medium_Severity/combo_sample_490.png,combo_sample_490.png,.png,329620,2025-11-17T10:01:11+08:00,FFT_EfficientNet_1,image,FFT-related artifact
FFT_EfficientNet_1/output/image_translation/array_03/results/original_model_analysis_plots/combo_plots_Medium_Severity/combo_sample_51.png,combo_sample_51.png,.png,324574,2025-11-17T10:01:11+08:00,FFT_EfficientNet_1,image,FFT-related artifact
FFT_EfficientNet_1/output/image_translation/array_03/results/original_model_analysis_plots/combo_plots_Medium_Severity/combo_sample_53.png,combo_sample_53.png,.png,333172,2025-11-17T10:01:11+08:00,FFT_EfficientNet_1,image,FFT-related artifact
FFT_EfficientNet_1/output/image_translation/array_03/results/original_model_analysis_plots/combo_plots_Medium_Severity/combo_sample_531.png,combo_sample_531.png,.png,258467,2025-11-17T10:00:46+08:00,FFT_EfficientNet_1,image,FFT-related artifact
FFT_EfficientNet_1/output/image_translation/array_03/results/original_model_analysis_plots/combo_plots_Medium_Severity/combo_sample_539.png,combo_sample_539.png,.png,309095,2025-11-17T10:01:11+08:00,FFT_EfficientNet_1,image,FFT-related artifact
FFT_EfficientNet_1/output/image_translation/array_03/results/original_model_analysis_plots/combo_plots_Medium_Severity/combo_sample_542.png,combo_sample_542.png,.png,305551,2025-11-17T10:01:11+08:00,FFT_EfficientNet_1,image,FFT-related artifact
FFT_EfficientNet_1/output/image_translation/array_03/results/original_model_analysis_plots/combo_plots_Medium_Severity/combo_sample_545.png,combo_sample_545.png,.png,321863,2025-11-17T10:01:11+08:00,FFT_EfficientNet_1,image,FFT-related artifact
FFT_EfficientNet_1/output/image_translation/array_03/results/original_model_analysis_plots/combo_plots_Medium_Severity/combo_sample_548.png,combo_sample_548.png,.png,320763,2025-11-17T10:01:11+08:00,FFT_EfficientNet_1,image,FFT-related artifact
FFT_EfficientNet_1/output/image_translation/array_03/results/original_model_analysis_plots/combo_plots_Medium_Severity/combo_sample_550.png,combo_sample_550.png,.png,323119,2025-11-17T10:01:11+08:00,FFT_EfficientNet_1,image,FFT-related artifact
FFT_EfficientNet_1/output/image_translation/array_03/results/original_model_analysis_plots/combo_plots_Medium_Severity/combo_sample_551.png,combo_sample_551.png,.png,329656,2025-11-17T10:01:11+08:00,FFT_EfficientNet_1,image,FFT-related artifact
FFT_EfficientNet_1/output/image_translation/array_03/results/original_model_analysis_plots/combo_plots_Medium_Severity/combo_sample_552.png,combo_sample_552.png,.png,325254,2025-11-17T10:01:11+08:00,FFT_EfficientNet_1,image,FFT-related artifact
FFT_EfficientNet_1/output/image_translation/array_03/results/original_model_analysis_plots/combo_plots_Medium_Severity/combo_sample_553.png,combo_sample_553.png,.png,324684,2025-11-17T10:01:11+08:00,FFT_EfficientNet_1,image,FFT-related artifact
FFT_EfficientNet_1/output/image_translation/array_03/results/original_model_analysis_plots/combo_plots_Medium_Severity/combo_sample_555.png,combo_sample_555.png,.png,326161,2025-11-17T10:01:11+08:00,FFT_EfficientNet_1,image,FFT-related artifact
FFT_EfficientNet_1/output/image_translation/array_03/results/original_model_analysis_plots/combo_plots_Medium_Severity/combo_sample_569.png,combo_sample_569.png,.png,322311,2025-11-17T10:01:11+08:00,FFT_EfficientNet_1,image,FFT-related artifact
FFT_EfficientNet_1/output/image_translation/array_03/results/original_model_analysis_plots/combo_plots_Medium_Severity/combo_sample_582.png,combo_sample_582.png,.png,313685,2025-11-17T10:01:11+08:00,FFT_EfficientNet_1,image,FFT-related artifact
FFT_EfficientNet_1/output/image_translation/array_03/results/original_model_analysis_plots/combo_plots_Medium_Severity/combo_sample_586.png,combo_sample_586.png,.png,318574,2025-11-17T10:01:11+08:00,FFT_EfficientNet_1,image,FFT-related artifact
FFT_EfficientNet_1/output/image_translation/array_03/results/original_model_analysis_plots/combo_plots_Medium_Severity/combo_sample_59.png,combo_sample_59.png,.png,336663,2025-11-17T10:01:11+08:00,FFT_EfficientNet_1,image,FFT-related artifact
FFT_EfficientNet_1/output/image_translation/array_03/results/original_model_analysis_plots/combo_plots_Medium_Severity/combo_sample_592.png,combo_sample_592.png,.png,316515,2025-11-17T10:01:11+08:00,FFT_EfficientNet_1,image,FFT-related artifact
FFT_EfficientNet_1/output/image_translation/array_03/results/original_model_analysis_plots/combo_plots_Medium_Severity/combo_sample_609.png,combo_sample_609.png,.png,300177,2025-11-17T10:01:11+08:00,FFT_EfficientNet_1,image,FFT-related artifact
FFT_EfficientNet_1/output/image_translation/array_03/results/original_model_analysis_plots/combo_plots_Medium_Severity/combo_sample_617.png,combo_sample_617.png,.png,323825,2025-11-17T10:01:11+08:00,FFT_EfficientNet_1,image,FFT-related artifact
FFT_EfficientNet_1/output/image_translation/array_03/results/original_model_analysis_plots/combo_plots_Medium_Severity/combo_sample_618.png,combo_sample_618.png,.png,310572,2025-11-17T10:01:11+08:00,FFT_EfficientNet_1,image,FFT-related artifact
FFT_EfficientNet_1/output/image_translation/array_03/results/original_model_analysis_plots/combo_plots_Medium_Severity/combo_sample_619.png,combo_sample_619.png,.png,315999,2025-11-17T10:01:11+08:00,FFT_EfficientNet_1,image,FFT-related artifact
FFT_EfficientNet_1/output/image_translation/array_03/results/original_model_analysis_plots/combo_plots_Medium_Severity/combo_sample_622.png,combo_sample_622.png,.png,324613,2025-11-17T10:01:11+08:00,FFT_EfficientNet_1,image,FFT-related artifact
FFT_EfficientNet_1/output/image_translation/array_03/results/original_model_analysis_plots/combo_plots_Medium_Severity/combo_sample_632.png,combo_sample_632.png,.png,336697,2025-11-17T10:01:11+08:00,FFT_EfficientNet_1,image,FFT-related artifact
FFT_EfficientNet_1/output/image_translation/array_03/results/original_model_analysis_plots/combo_plots_Medium_Severity/combo_sample_696.png,combo_sample_696.png,.png,346469,2025-11-17T10:01:11+08:00,FFT_EfficientNet_1,image,FFT-related artifact
FFT_EfficientNet_1/output/image_translation/array_03/results/original_model_analysis_plots/combo_plots_Medium_Severity/combo_sample_697.png,combo_sample_697.png,.png,354619,2025-11-17T10:01:11+08:00,FFT_EfficientNet_1,image,FFT-related artifact
FFT_EfficientNet_1/output/image_translation/array_03/results/original_model_analysis_plots/combo_plots_Medium_Severity/combo_sample_7.png,combo_sample_7.png,.png,286064,2025-11-17T10:01:11+08:00,FFT_EfficientNet_1,image,FFT-related artifact
FFT_EfficientNet_1/output/image_translation/array_03/results/original_model_analysis_plots/combo_plots_Medium_Severity/combo_sample_724.png,combo_sample_724.png,.png,329294,2025-11-17T10:01:11+08:00,FFT_EfficientNet_1,image,FFT-related artifact
FFT_EfficientNet_1/output/image_translation/array_03/results/original_model_analysis_plots/combo_plots_Medium_Severity/combo_sample_735.png,combo_sample_735.png,.png,321570,2025-11-17T10:01:11+08:00,FFT_EfficientNet_1,image,FFT-related artifact
FFT_EfficientNet_1/output/image_translation/array_03/results/original_model_analysis_plots/combo_plots_Medium_Severity/combo_sample_738.png,combo_sample_738.png,.png,321953,2025-11-17T10:01:11+08:00,FFT_EfficientNet_1,image,FFT-related artifact
FFT_EfficientNet_1/output/image_translation/array_03/results/original_model_analysis_plots/combo_plots_Medium_Severity/combo_sample_75.png,combo_sample_75.png,.png,328802,2025-11-17T10:01:11+08:00,FFT_EfficientNet_1,image,FFT-related artifact
FFT_EfficientNet_1/output/image_translation/array_03/results/original_model_analysis_plots/combo_plots_Medium_Severity/combo_sample_78.png,combo_sample_78.png,.png,336399,2025-11-17T10:01:11+08:00,FFT_EfficientNet_1,image,FFT-related artifact
FFT_EfficientNet_1/output/image_translation/array_03/results/original_model_analysis_plots/combo_plots_Medium_Severity/combo_sample_787.png,combo_sample_787.png,.png,324747,2025-11-17T10:01:11+08:00,FFT_EfficientNet_1,image,FFT-related artifact
FFT_EfficientNet_1/output/image_translation/array_03/results/original_model_analysis_plots/combo_plots_Medium_Severity/combo_sample_8.png,combo_sample_8.png,.png,281867,2025-11-17T10:01:11+08:00,FFT_EfficientNet_1,image,FFT-related artifact
FFT_EfficientNet_1/output/image_translation/array_03/results/original_model_analysis_plots/combo_plots_Medium_Severity/combo_sample_806.png,combo_sample_806.png,.png,342559,2025-11-17T10:01:11+08:00,FFT_EfficientNet_1,image,FFT-related artifact
FFT_EfficientNet_1/output/image_translation/array_03/results/original_model_analysis_plots/combo_plots_Medium_Severity/combo_sample_807.png,combo_sample_807.png,.png,336065,2025-11-17T10:01:11+08:00,FFT_EfficientNet_1,image,FFT-related artifact
FFT_EfficientNet_1/output/image_translation/array_03/results/original_model_analysis_plots/combo_plots_Medium_Severity/combo_sample_809.png,combo_sample_809.png,.png,348478,2025-11-17T10:01:11+08:00,FFT_EfficientNet_1,image,FFT-related artifact
FFT_EfficientNet_1/output/image_translation/array_03/results/original_model_analysis_plots/combo_plots_Medium_Severity/combo_sample_819.png,combo_sample_819.png,.png,343620,2025-11-17T10:01:11+08:00,FFT_EfficientNet_1,image,FFT-related artifact
FFT_EfficientNet_1/output/image_translation/array_03/results/original_model_analysis_plots/combo_plots_Medium_Severity/combo_sample_824.png,combo_sample_824.png,.png,323002,2025-11-17T10:01:12+08:00,FFT_EfficientNet_1,image,FFT-related artifact
FFT_EfficientNet_1/output/image_translation/array_03/results/original_model_analysis_plots/combo_plots_Medium_Severity/combo_sample_851.png,combo_sample_851.png,.png,295291,2025-11-17T10:01:12+08:00,FFT_EfficientNet_1,image,FFT-related artifact
FFT_EfficientNet_1/output/image_translation/array_03/results/original_model_analysis_plots/combo_plots_Medium_Severity/combo_sample_89.png,combo_sample_89.png,.png,324770,2025-11-17T10:01:12+08:00,FFT_EfficientNet_1,image,FFT-related artifact
FFT_EfficientNet_1/output/image_translation/array_03/results/original_model_analysis_plots/combo_plots_Medium_Severity/combo_sample_9.png,combo_sample_9.png,.png,311814,2025-11-17T10:01:12+08:00,FFT_EfficientNet_1,image,FFT-related artifact
FFT_EfficientNet_1/output/image_translation/array_03/results/original_model_analysis_plots/combo_plots_Medium_Severity/combo_sample_925.png,combo_sample_925.png,.png,315716,2025-11-17T10:01:12+08:00,FFT_EfficientNet_1,image,FFT-related artifact
FFT_EfficientNet_1/output/image_translation/array_03/results/original_model_analysis_plots/combo_plots_Medium_Severity/combo_sample_972.png,combo_sample_972.png,.png,343747,2025-11-17T10:01:12+08:00,FFT_EfficientNet_1,image,FFT-related artifact
FFT_EfficientNet_1/output/image_translation/array_03/results/original_model_analysis_plots/combo_plots_Medium_Severity/combo_sample_975.png,combo_sample_975.png,.png,331078,2025-11-17T10:01:12+08:00,FFT_EfficientNet_1,image,FFT-related artifact
FFT_EfficientNet_1/output/image_translation/array_03/results/original_model_analysis_plots/combo_plots_Medium_Severity/combo_sample_99.png,combo_sample_99.png,.png,329108,2025-11-17T10:01:12+08:00,FFT_EfficientNet_1,image,FFT-related artifact
FFT_EfficientNet_1/output/image_translation/array_03/results/original_model_analysis_plots/combo_plots_Negligible/combo_sample_1001.png,combo_sample_1001.png,.png,296584,2025-11-17T10:01:12+08:00,FFT_EfficientNet_1,image,FFT-related artifact
FFT_EfficientNet_1/output/image_translation/array_03/results/original_model_analysis_plots/combo_plots_Negligible/combo_sample_1002.png,combo_sample_1002.png,.png,283075,2025-11-17T10:01:12+08:00,FFT_EfficientNet_1,image,FFT-related artifact
FFT_EfficientNet_1/output/image_translation/array_03/results/original_model_analysis_plots/combo_plots_Negligible/combo_sample_1005.png,combo_sample_1005.png,.png,289193,2025-11-17T10:01:12+08:00,FFT_EfficientNet_1,image,FFT-related artifact
FFT_EfficientNet_1/output/image_translation/array_03/results/original_model_analysis_plots/combo_plots_Negligible/combo_sample_1007.png,combo_sample_1007.png,.png,302335,2025-11-17T10:01:12+08:00,FFT_EfficientNet_1,image,FFT-related artifact
FFT_EfficientNet_1/output/image_translation/array_03/results/original_model_analysis_plots/combo_plots_Negligible/combo_sample_1010.png,combo_sample_1010.png,.png,313906,2025-11-17T10:01:12+08:00,FFT_EfficientNet_1,image,FFT-related artifact
FFT_EfficientNet_1/output/image_translation/array_03/results/original_model_analysis_plots/combo_plots_Negligible/combo_sample_1011.png,combo_sample_1011.png,.png,323328,2025-11-17T10:01:12+08:00,FFT_EfficientNet_1,image,FFT-related artifact
FFT_EfficientNet_1/output/image_translation/array_03/results/original_model_analysis_plots/combo_plots_Negligible/combo_sample_1014.png,combo_sample_1014.png,.png,284695,2025-11-17T10:01:12+08:00,FFT_EfficientNet_1,image,FFT-related artifact
FFT_EfficientNet_1/output/image_translation/array_03/results/original_model_analysis_plots/combo_plots_Negligible/combo_sample_1015.png,combo_sample_1015.png,.png,286255,2025-11-17T10:01:12+08:00,FFT_EfficientNet_1,image,FFT-related artifact
FFT_EfficientNet_1/output/image_translation/array_03/results/original_model_analysis_plots/combo_plots_Negligible/combo_sample_1016.png,combo_sample_1016.png,.png,293139,2025-11-17T10:01:12+08:00,FFT_EfficientNet_1,image,FFT-related artifact
FFT_EfficientNet_1/output/image_translation/array_03/results/original_model_analysis_plots/combo_plots_Negligible/combo_sample_1019.png,combo_sample_1019.png,.png,274015,2025-11-17T10:01:12+08:00,FFT_EfficientNet_1,image,FFT-related artifact
FFT_EfficientNet_1/output/image_translation/array_03/results/original_model_analysis_plots/combo_plots_Negligible/combo_sample_1020.png,combo_sample_1020.png,.png,277038,2025-11-17T10:01:12+08:00,FFT_EfficientNet_1,image,FFT-related artifact
FFT_EfficientNet_1/output/image_translation/array_03/results/original_model_analysis_plots/combo_plots_Negligible/combo_sample_1027.png,combo_sample_1027.png,.png,274187,2025-11-17T10:01:12+08:00,FFT_EfficientNet_1,image,FFT-related artifact
FFT_EfficientNet_1/output/image_translation/array_03/results/original_model_analysis_plots/combo_plots_Negligible/combo_sample_1028.png,combo_sample_1028.png,.png,297969,2025-11-17T10:01:12+08:00,FFT_EfficientNet_1,image,FFT-related artifact
FFT_EfficientNet_1/output/image_translation/array_03/results/original_model_analysis_plots/combo_plots_Negligible/combo_sample_1086.png,combo_sample_1086.png,.png,304536,2025-11-17T10:01:12+08:00,FFT_EfficientNet_1,image,FFT-related artifact
FFT_EfficientNet_1/output/image_translation/array_03/results/original_model_analysis_plots/combo_plots_Negligible/combo_sample_1092.png,combo_sample_1092.png,.png,303689,2025-11-17T10:01:12+08:00,FFT_EfficientNet_1,image,FFT-related artifact
FFT_EfficientNet_1/output/image_translation/array_03/results/original_model_analysis_plots/combo_plots_Negligible/combo_sample_1120.png,combo_sample_1120.png,.png,307677,2025-11-17T10:01:12+08:00,FFT_EfficientNet_1,image,FFT-related artifact
FFT_EfficientNet_1/output/image_translation/array_03/results/original_model_analysis_plots/combo_plots_Negligible/combo_sample_1128.png,combo_sample_1128.png,.png,291948,2025-11-17T10:01:12+08:00,FFT_EfficientNet_1,image,FFT-related artifact
FFT_EfficientNet_1/output/image_translation/array_03/results/original_model_analysis_plots/combo_plots_Negligible/combo_sample_1132.png,combo_sample_1132.png,.png,287873,2025-11-17T10:01:12+08:00,FFT_EfficientNet_1,image,FFT-related artifact
FFT_EfficientNet_1/output/image_translation/array_03/results/original_model_analysis_plots/combo_plots_Negligible/combo_sample_1133.png,combo_sample_1133.png,.png,296280,2025-11-17T10:01:12+08:00,FFT_EfficientNet_1,image,FFT-related artifact
FFT_EfficientNet_1/output/image_translation/array_03/results/original_model_analysis_plots/combo_plots_Negligible/combo_sample_1267.png,combo_sample_1267.png,.png,283993,2025-11-17T10:01:12+08:00,FFT_EfficientNet_1,image,FFT-related artifact
FFT_EfficientNet_1/output/image_translation/array_03/results/original_model_analysis_plots/combo_plots_Negligible/combo_sample_1283.png,combo_sample_1283.png,.png,285438,2025-11-17T10:01:12+08:00,FFT_EfficientNet_1,image,FFT-related artifact
FFT_EfficientNet_1/output/image_translation/array_03/results/original_model_analysis_plots/combo_plots_Negligible/combo_sample_1291.png,combo_sample_1291.png,.png,263731,2025-11-17T10:01:12+08:00,FFT_EfficientNet_1,image,FFT-related artifact
FFT_EfficientNet_1/output/image_translation/array_03/results/original_model_analysis_plots/combo_plots_Negligible/combo_sample_1292.png,combo_sample_1292.png,.png,254781,2025-11-17T10:00:48+08:00,FFT_EfficientNet_1,image,FFT-related artifact
FFT_EfficientNet_1/output/image_translation/array_03/results/original_model_analysis_plots/combo_plots_Negligible/combo_sample_131.png,combo_sample_131.png,.png,285134,2025-11-17T10:01:12+08:00,FFT_EfficientNet_1,image,FFT-related artifact
FFT_EfficientNet_1/output/image_translation/array_03/results/original_model_analysis_plots/combo_plots_Negligible/combo_sample_1332.png,combo_sample_1332.png,.png,305188,2025-11-17T10:01:12+08:00,FFT_EfficientNet_1,image,FFT-related artifact
FFT_EfficientNet_1/output/image_translation/array_03/results/original_model_analysis_plots/combo_plots_Negligible/combo_sample_1333.png,combo_sample_1333.png,.png,305117,2025-11-17T10:01:12+08:00,FFT_EfficientNet_1,image,FFT-related artifact
FFT_EfficientNet_1/output/image_translation/array_03/results/original_model_analysis_plots/combo_plots_Negligible/combo_sample_1337.png,combo_sample_1337.png,.png,308320,2025-11-17T10:01:12+08:00,FFT_EfficientNet_1,image,FFT-related artifact
FFT_EfficientNet_1/output/image_translation/array_03/results/original_model_analysis_plots/combo_plots_Negligible/combo_sample_1341.png,combo_sample_1341.png,.png,293149,2025-11-17T10:01:12+08:00,FFT_EfficientNet_1,image,FFT-related artifact
FFT_EfficientNet_1/output/image_translation/array_03/results/original_model_analysis_plots/combo_plots_Negligible/combo_sample_1344.png,combo_sample_1344.png,.png,302325,2025-11-17T10:01:12+08:00,FFT_EfficientNet_1,image,FFT-related artifact
FFT_EfficientNet_1/output/image_translation/array_03/results/original_model_analysis_plots/combo_plots_Negligible/combo_sample_1349.png,combo_sample_1349.png,.png,303248,2025-11-17T10:01:12+08:00,FFT_EfficientNet_1,image,FFT-related artifact
FFT_EfficientNet_1/output/image_translation/array_03/results/original_model_analysis_plots/combo_plots_Negligible/combo_sample_1364.png,combo_sample_1364.png,.png,295982,2025-11-17T10:01:12+08:00,FFT_EfficientNet_1,image,FFT-related artifact
FFT_EfficientNet_1/output/image_translation/array_03/results/original_model_analysis_plots/combo_plots_Negligible/combo_sample_1369.png,combo_sample_1369.png,.png,305015,2025-11-17T10:01:12+08:00,FFT_EfficientNet_1,image,FFT-related artifact
FFT_EfficientNet_1/output/image_translation/array_03/results/original_model_analysis_plots/combo_plots_Negligible/combo_sample_1373.png,combo_sample_1373.png,.png,297655,2025-11-17T10:01:12+08:00,FFT_EfficientNet_1,image,FFT-related artifact
FFT_EfficientNet_1/output/image_translation/array_03/results/original_model_analysis_plots/combo_plots_Negligible/combo_sample_1374.png,combo_sample_1374.png,.png,301141,2025-11-17T10:01:13+08:00,FFT_EfficientNet_1,image,FFT-related artifact
FFT_EfficientNet_1/output/image_translation/array_03/results/original_model_analysis_plots/combo_plots_Negligible/combo_sample_1481.png,combo_sample_1481.png,.png,302929,2025-11-17T10:01:13+08:00,FFT_EfficientNet_1,image,FFT-related artifact
FFT_EfficientNet_1/output/image_translation/array_03/results/original_model_analysis_plots/combo_plots_Negligible/combo_sample_1531.png,combo_sample_1531.png,.png,285751,2025-11-17T10:01:13+08:00,FFT_EfficientNet_1,image,FFT-related artifact
FFT_EfficientNet_1/output/image_translation/array_03/results/original_model_analysis_plots/combo_plots_Negligible/combo_sample_1553.png,combo_sample_1553.png,.png,258262,2025-11-17T10:00:48+08:00,FFT_EfficientNet_1,image,FFT-related artifact
FFT_EfficientNet_1/output/image_translation/array_03/results/original_model_analysis_plots/combo_plots_Negligible/combo_sample_1555.png,combo_sample_1555.png,.png,264944,2025-11-17T10:01:13+08:00,FFT_EfficientNet_1,image,FFT-related artifact
FFT_EfficientNet_1/output/image_translation/array_03/results/original_model_analysis_plots/combo_plots_Negligible/combo_sample_1562.png,combo_sample_1562.png,.png,302816,2025-11-17T10:01:13+08:00,FFT_EfficientNet_1,image,FFT-related artifact
FFT_EfficientNet_1/output/image_translation/array_03/results/original_model_analysis_plots/combo_plots_Negligible/combo_sample_1563.png,combo_sample_1563.png,.png,276742,2025-11-17T10:01:13+08:00,FFT_EfficientNet_1,image,FFT-related artifact
FFT_EfficientNet_1/output/image_translation/array_03/results/original_model_analysis_plots/combo_plots_Negligible/combo_sample_1566.png,combo_sample_1566.png,.png,283348,2025-11-17T10:01:13+08:00,FFT_EfficientNet_1,image,FFT-related artifact
FFT_EfficientNet_1/output/image_translation/array_03/results/original_model_analysis_plots/combo_plots_Negligible/combo_sample_1584.png,combo_sample_1584.png,.png,307754,2025-11-17T10:01:13+08:00,FFT_EfficientNet_1,image,FFT-related artifact
FFT_EfficientNet_1/output/image_translation/array_03/results/original_model_analysis_plots/combo_plots_Negligible/combo_sample_1585.png,combo_sample_1585.png,.png,292151,2025-11-17T10:01:13+08:00,FFT_EfficientNet_1,image,FFT-related artifact
FFT_EfficientNet_1/output/image_translation/array_03/results/original_model_analysis_plots/combo_plots_Negligible/combo_sample_1587.png,combo_sample_1587.png,.png,315087,2025-11-17T10:01:13+08:00,FFT_EfficientNet_1,image,FFT-related artifact
FFT_EfficientNet_1/output/image_translation/array_03/results/original_model_analysis_plots/combo_plots_Negligible/combo_sample_1590.png,combo_sample_1590.png,.png,273896,2025-11-17T10:01:13+08:00,FFT_EfficientNet_1,image,FFT-related artifact
FFT_EfficientNet_1/output/image_translation/array_03/results/original_model_analysis_plots/combo_plots_Negligible/combo_sample_1591.png,combo_sample_1591.png,.png,265338,2025-11-17T10:01:13+08:00,FFT_EfficientNet_1,image,FFT-related artifact
FFT_EfficientNet_1/output/image_translation/array_03/results/original_model_analysis_plots/combo_plots_Negligible/combo_sample_1612.png,combo_sample_1612.png,.png,302406,2025-11-17T10:01:13+08:00,FFT_EfficientNet_1,image,FFT-related artifact
FFT_EfficientNet_1/output/image_translation/array_03/results/original_model_analysis_plots/combo_plots_Negligible/combo_sample_1613.png,combo_sample_1613.png,.png,308919,2025-11-17T10:01:13+08:00,FFT_EfficientNet_1,image,FFT-related artifact
FFT_EfficientNet_1/output/image_translation/array_03/results/original_model_analysis_plots/combo_plots_Negligible/combo_sample_1616.png,combo_sample_1616.png,.png,300235,2025-11-17T10:01:13+08:00,FFT_EfficientNet_1,image,FFT-related artifact
FFT_EfficientNet_1/output/image_translation/array_03/results/original_model_analysis_plots/combo_plots_Negligible/combo_sample_1621.png,combo_sample_1621.png,.png,300694,2025-11-17T10:01:13+08:00,FFT_EfficientNet_1,image,FFT-related artifact
FFT_EfficientNet_1/output/image_translation/array_03/results/original_model_analysis_plots/combo_plots_Negligible/combo_sample_1625.png,combo_sample_1625.png,.png,290965,2025-11-17T10:01:13+08:00,FFT_EfficientNet_1,image,FFT-related artifact
FFT_EfficientNet_1/output/image_translation/array_03/results/original_model_analysis_plots/combo_plots_Negligible/combo_sample_1627.png,combo_sample_1627.png,.png,293620,2025-11-17T10:01:13+08:00,FFT_EfficientNet_1,image,FFT-related artifact
FFT_EfficientNet_1/output/image_translation/array_03/results/original_model_analysis_plots/combo_plots_Negligible/combo_sample_1628.png,combo_sample_1628.png,.png,289886,2025-11-17T10:01:13+08:00,FFT_EfficientNet_1,image,FFT-related artifact
FFT_EfficientNet_1/output/image_translation/array_03/results/original_model_analysis_plots/combo_plots_Negligible/combo_sample_1629.png,combo_sample_1629.png,.png,288538,2025-11-17T10:01:13+08:00,FFT_EfficientNet_1,image,FFT-related artifact
FFT_EfficientNet_1/output/image_translation/array_03/results/original_model_analysis_plots/combo_plots_Negligible/combo_sample_1639.png,combo_sample_1639.png,.png,288175,2025-11-17T10:01:13+08:00,FFT_EfficientNet_1,image,FFT-related artifact
FFT_EfficientNet_1/output/image_translation/array_03/results/original_model_analysis_plots/combo_plots_Negligible/combo_sample_1641.png,combo_sample_1641.png,.png,298639,2025-11-17T10:01:13+08:00,FFT_EfficientNet_1,image,FFT-related artifact
FFT_EfficientNet_1/output/image_translation/array_03/results/original_model_analysis_plots/combo_plots_Negligible/combo_sample_1657.png,combo_sample_1657.png,.png,320285,2025-11-17T10:01:13+08:00,FFT_EfficientNet_1,image,FFT-related artifact
FFT_EfficientNet_1/output/image_translation/array_03/results/original_model_analysis_plots/combo_plots_Negligible/combo_sample_1675.png,combo_sample_1675.png,.png,313505,2025-11-17T10:01:13+08:00,FFT_EfficientNet_1,image,FFT-related artifact
FFT_EfficientNet_1/output/image_translation/array_03/results/original_model_analysis_plots/combo_plots_Negligible/combo_sample_1678.png,combo_sample_1678.png,.png,319138,2025-11-17T10:01:13+08:00,FFT_EfficientNet_1,image,FFT-related artifact
FFT_EfficientNet_1/output/image_translation/array_03/results/original_model_analysis_plots/combo_plots_Negligible/combo_sample_1684.png,combo_sample_1684.png,.png,336475,2025-11-17T10:01:13+08:00,FFT_EfficientNet_1,image,FFT-related artifact
FFT_EfficientNet_1/output/image_translation/array_03/results/original_model_analysis_plots/combo_plots_Negligible/combo_sample_1686.png,combo_sample_1686.png,.png,333527,2025-11-17T10:01:13+08:00,FFT_EfficientNet_1,image,FFT-related artifact
FFT_EfficientNet_1/output/image_translation/array_03/results/original_model_analysis_plots/combo_plots_Negligible/combo_sample_1689.png,combo_sample_1689.png,.png,311792,2025-11-17T10:01:13+08:00,FFT_EfficientNet_1,image,FFT-related artifact
FFT_EfficientNet_1/output/image_translation/array_03/results/original_model_analysis_plots/combo_plots_Negligible/combo_sample_1691.png,combo_sample_1691.png,.png,305952,2025-11-17T10:01:13+08:00,FFT_EfficientNet_1,image,FFT-related artifact
FFT_EfficientNet_1/output/image_translation/array_03/results/original_model_analysis_plots/combo_plots_Negligible/combo_sample_1692.png,combo_sample_1692.png,.png,307650,2025-11-17T10:01:13+08:00,FFT_EfficientNet_1,image,FFT-related artifact
FFT_EfficientNet_1/output/image_translation/array_03/results/original_model_analysis_plots/combo_plots_Negligible/combo_sample_1694.png,combo_sample_1694.png,.png,295908,2025-11-17T10:01:13+08:00,FFT_EfficientNet_1,image,FFT-related artifact
FFT_EfficientNet_1/output/image_translation/array_03/results/original_model_analysis_plots/combo_plots_Negligible/combo_sample_1696.png,combo_sample_1696.png,.png,274769,2025-11-17T10:01:13+08:00,FFT_EfficientNet_1,image,FFT-related artifact
FFT_EfficientNet_1/output/image_translation/array_03/results/original_model_analysis_plots/combo_plots_Negligible/combo_sample_1707.png,combo_sample_1707.png,.png,305872,2025-11-17T10:01:13+08:00,FFT_EfficientNet_1,image,FFT-related artifact
FFT_EfficientNet_1/output/image_translation/array_03/results/original_model_analysis_plots/combo_plots_Negligible/combo_sample_1715.png,combo_sample_1715.png,.png,301080,2025-11-17T10:01:13+08:00,FFT_EfficientNet_1,image,FFT-related artifact
FFT_EfficientNet_1/output/image_translation/array_03/results/original_model_analysis_plots/combo_plots_Negligible/combo_sample_1727.png,combo_sample_1727.png,.png,297974,2025-11-17T10:01:13+08:00,FFT_EfficientNet_1,image,FFT-related artifact
FFT_EfficientNet_1/output/image_translation/array_03/results/original_model_analysis_plots/combo_plots_Negligible/combo_sample_1788.png,combo_sample_1788.png,.png,326286,2025-11-17T10:01:13+08:00,FFT_EfficientNet_1,image,FFT-related artifact
FFT_EfficientNet_1/output/image_translation/array_03/results/original_model_analysis_plots/combo_plots_Negligible/combo_sample_1793.png,combo_sample_1793.png,.png,330044,2025-11-17T10:01:13+08:00,FFT_EfficientNet_1,image,FFT-related artifact
FFT_EfficientNet_1/output/image_translation/array_03/results/original_model_analysis_plots/combo_plots_Negligible/combo_sample_1800.png,combo_sample_1800.png,.png,308436,2025-11-17T10:01:13+08:00,FFT_EfficientNet_1,image,FFT-related artifact
FFT_EfficientNet_1/output/image_translation/array_03/results/original_model_analysis_plots/combo_plots_Negligible/combo_sample_1801.png,combo_sample_1801.png,.png,312305,2025-11-17T10:01:13+08:00,FFT_EfficientNet_1,image,FFT-related artifact
FFT_EfficientNet_1/output/image_translation/array_03/results/original_model_analysis_plots/combo_plots_Negligible/combo_sample_1806.png,combo_sample_1806.png,.png,319366,2025-11-17T10:01:13+08:00,FFT_EfficientNet_1,image,FFT-related artifact
FFT_EfficientNet_1/output/image_translation/array_03/results/original_model_analysis_plots/combo_plots_Negligible/combo_sample_1807.png,combo_sample_1807.png,.png,312533,2025-11-17T10:01:13+08:00,FFT_EfficientNet_1,image,FFT-related artifact
FFT_EfficientNet_1/output/image_translation/array_03/results/original_model_analysis_plots/combo_plots_Negligible/combo_sample_1808.png,combo_sample_1808.png,.png,310278,2025-11-17T10:01:14+08:00,FFT_EfficientNet_1,image,FFT-related artifact
FFT_EfficientNet_1/output/image_translation/array_03/results/original_model_analysis_plots/combo_plots_Negligible/combo_sample_1810.png,combo_sample_1810.png,.png,315133,2025-11-17T10:01:14+08:00,FFT_EfficientNet_1,image,FFT-related artifact
FFT_EfficientNet_1/output/image_translation/array_03/results/original_model_analysis_plots/combo_plots_Negligible/combo_sample_1811.png,combo_sample_1811.png,.png,315504,2025-11-17T10:01:14+08:00,FFT_EfficientNet_1,image,FFT-related artifact
FFT_EfficientNet_1/output/image_translation/array_03/results/original_model_analysis_plots/combo_plots_Negligible/combo_sample_1813.png,combo_sample_1813.png,.png,313594,2025-11-17T10:01:14+08:00,FFT_EfficientNet_1,image,FFT-related artifact
FFT_EfficientNet_1/output/image_translation/array_03/results/original_model_analysis_plots/combo_plots_Negligible/combo_sample_1814.png,combo_sample_1814.png,.png,316727,2025-11-17T10:01:14+08:00,FFT_EfficientNet_1,image,FFT-related artifact
FFT_EfficientNet_1/output/image_translation/array_03/results/original_model_analysis_plots/combo_plots_Negligible/combo_sample_1841.png,combo_sample_1841.png,.png,325670,2025-11-17T10:01:14+08:00,FFT_EfficientNet_1,image,FFT-related artifact
FFT_EfficientNet_1/output/image_translation/array_03/results/original_model_analysis_plots/combo_plots_Negligible/combo_sample_1874.png,combo_sample_1874.png,.png,349091,2025-11-17T10:01:14+08:00,FFT_EfficientNet_1,image,FFT-related artifact
FFT_EfficientNet_1/output/image_translation/array_03/results/original_model_analysis_plots/combo_plots_Negligible/combo_sample_1876.png,combo_sample_1876.png,.png,316072,2025-11-17T10:01:14+08:00,FFT_EfficientNet_1,image,FFT-related artifact
FFT_EfficientNet_1/output/image_translation/array_03/results/original_model_analysis_plots/combo_plots_Negligible/combo_sample_1880.png,combo_sample_1880.png,.png,322320,2025-11-17T10:01:14+08:00,FFT_EfficientNet_1,image,FFT-related artifact
FFT_EfficientNet_1/output/image_translation/array_03/results/original_model_analysis_plots/combo_plots_Negligible/combo_sample_1889.png,combo_sample_1889.png,.png,325207,2025-11-17T10:01:14+08:00,FFT_EfficientNet_1,image,FFT-related artifact
FFT_EfficientNet_1/output/image_translation/array_03/results/original_model_analysis_plots/combo_plots_Negligible/combo_sample_1896.png,combo_sample_1896.png,.png,318557,2025-11-17T10:01:14+08:00,FFT_EfficientNet_1,image,FFT-related artifact
FFT_EfficientNet_1/output/image_translation/array_03/results/original_model_analysis_plots/combo_plots_Negligible/combo_sample_1905.png,combo_sample_1905.png,.png,298372,2025-11-17T10:01:14+08:00,FFT_EfficientNet_1,image,FFT-related artifact
FFT_EfficientNet_1/output/image_translation/array_03/results/original_model_analysis_plots/combo_plots_Negligible/combo_sample_1909.png,combo_sample_1909.png,.png,293524,2025-11-17T10:01:14+08:00,FFT_EfficientNet_1,image,FFT-related artifact
FFT_EfficientNet_1/output/image_translation/array_03/results/original_model_analysis_plots/combo_plots_Negligible/combo_sample_1912.png,combo_sample_1912.png,.png,279758,2025-11-17T10:01:14+08:00,FFT_EfficientNet_1,image,FFT-related artifact
FFT_EfficientNet_1/output/image_translation/array_03/results/original_model_analysis_plots/combo_plots_Negligible/combo_sample_1913.png,combo_sample_1913.png,.png,289554,2025-11-17T10:01:14+08:00,FFT_EfficientNet_1,image,FFT-related artifact
FFT_EfficientNet_1/output/image_translation/array_03/results/original_model_analysis_plots/combo_plots_Negligible/combo_sample_1920.png,combo_sample_1920.png,.png,320894,2025-11-17T10:01:14+08:00,FFT_EfficientNet_1,image,FFT-related artifact
FFT_EfficientNet_1/output/image_translation/array_03/results/original_model_analysis_plots/combo_plots_Negligible/combo_sample_1928.png,combo_sample_1928.png,.png,321979,2025-11-17T10:01:14+08:00,FFT_EfficientNet_1,image,FFT-related artifact
FFT_EfficientNet_1/output/image_translation/array_03/results/original_model_analysis_plots/combo_plots_Negligible/combo_sample_1929.png,combo_sample_1929.png,.png,319064,2025-11-17T10:01:14+08:00,FFT_EfficientNet_1,image,FFT-related artifact
FFT_EfficientNet_1/output/image_translation/array_03/results/original_model_analysis_plots/combo_plots_Negligible/combo_sample_1939.png,combo_sample_1939.png,.png,311361,2025-11-17T10:01:14+08:00,FFT_EfficientNet_1,image,FFT-related artifact
FFT_EfficientNet_1/output/image_translation/array_03/results/original_model_analysis_plots/combo_plots_Negligible/combo_sample_1963.png,combo_sample_1963.png,.png,304823,2025-11-17T10:01:14+08:00,FFT_EfficientNet_1,image,FFT-related artifact
FFT_EfficientNet_1/output/image_translation/array_03/results/original_model_analysis_plots/combo_plots_Negligible/combo_sample_1966.png,combo_sample_1966.png,.png,281371,2025-11-17T10:01:14+08:00,FFT_EfficientNet_1,image,FFT-related artifact
FFT_EfficientNet_1/output/image_translation/array_03/results/original_model_analysis_plots/combo_plots_Negligible/combo_sample_1967.png,combo_sample_1967.png,.png,290774,2025-11-17T10:01:14+08:00,FFT_EfficientNet_1,image,FFT-related artifact
FFT_EfficientNet_1/output/image_translation/array_03/results/original_model_analysis_plots/combo_plots_Negligible/combo_sample_1969.png,combo_sample_1969.png,.png,309558,2025-11-17T10:01:14+08:00,FFT_EfficientNet_1,image,FFT-related artifact
FFT_EfficientNet_1/output/image_translation/array_03/results/original_model_analysis_plots/combo_plots_Negligible/combo_sample_1971.png,combo_sample_1971.png,.png,303520,2025-11-17T10:01:14+08:00,FFT_EfficientNet_1,image,FFT-related artifact
FFT_EfficientNet_1/output/image_translation/array_03/results/original_model_analysis_plots/combo_plots_Negligible/combo_sample_1984.png,combo_sample_1984.png,.png,328567,2025-11-17T10:01:14+08:00,FFT_EfficientNet_1,image,FFT-related artifact
FFT_EfficientNet_1/output/image_translation/array_03/results/original_model_analysis_plots/combo_plots_Negligible/combo_sample_1986.png,combo_sample_1986.png,.png,307438,2025-11-17T10:01:14+08:00,FFT_EfficientNet_1,image,FFT-related artifact
FFT_EfficientNet_1/output/image_translation/array_03/results/original_model_analysis_plots/combo_plots_Negligible/combo_sample_1988.png,combo_sample_1988.png,.png,309697,2025-11-17T10:01:14+08:00,FFT_EfficientNet_1,image,FFT-related artifact
FFT_EfficientNet_1/output/image_translation/array_03/results/original_model_analysis_plots/combo_plots_Negligible/combo_sample_2025.png,combo_sample_2025.png,.png,292821,2025-11-17T10:01:14+08:00,FFT_EfficientNet_1,image,FFT-related artifact
FFT_EfficientNet_1/output/image_translation/array_03/results/original_model_analysis_plots/combo_plots_Negligible/combo_sample_2047.png,combo_sample_2047.png,.png,311482,2025-11-17T10:01:14+08:00,FFT_EfficientNet_1,image,FFT-related artifact
FFT_EfficientNet_1/output/image_translation/array_03/results/original_model_analysis_plots/combo_plots_Negligible/combo_sample_2050.png,combo_sample_2050.png,.png,314524,2025-11-17T10:01:14+08:00,FFT_EfficientNet_1,image,FFT-related artifact
FFT_EfficientNet_1/output/image_translation/array_03/results/original_model_analysis_plots/combo_plots_Negligible/combo_sample_2051.png,combo_sample_2051.png,.png,315464,2025-11-17T10:01:14+08:00,FFT_EfficientNet_1,image,FFT-related artifact
FFT_EfficientNet_1/output/image_translation/array_03/results/original_model_analysis_plots/combo_plots_Negligible/combo_sample_2054.png,combo_sample_2054.png,.png,291969,2025-11-17T10:01:14+08:00,FFT_EfficientNet_1,image,FFT-related artifact
FFT_EfficientNet_1/output/image_translation/array_03/results/original_model_analysis_plots/combo_plots_Negligible/combo_sample_2055.png,combo_sample_2055.png,.png,301451,2025-11-17T10:01:14+08:00,FFT_EfficientNet_1,image,FFT-related artifact
FFT_EfficientNet_1/output/image_translation/array_03/results/original_model_analysis_plots/combo_plots_Negligible/combo_sample_2061.png,combo_sample_2061.png,.png,309213,2025-11-17T10:01:14+08:00,FFT_EfficientNet_1,image,FFT-related artifact
FFT_EfficientNet_1/output/image_translation/array_03/results/original_model_analysis_plots/combo_plots_Negligible/combo_sample_2076.png,combo_sample_2076.png,.png,306653,2025-11-17T10:01:14+08:00,FFT_EfficientNet_1,image,FFT-related artifact
FFT_EfficientNet_1/output/image_translation/array_03/results/original_model_analysis_plots/combo_plots_Negligible/combo_sample_2082.png,combo_sample_2082.png,.png,295573,2025-11-17T10:01:14+08:00,FFT_EfficientNet_1,image,FFT-related artifact
FFT_EfficientNet_1/output/image_translation/array_03/results/original_model_analysis_plots/combo_plots_Negligible/combo_sample_2083.png,combo_sample_2083.png,.png,296418,2025-11-17T10:01:14+08:00,FFT_EfficientNet_1,image,FFT-related artifact
FFT_EfficientNet_1/output/image_translation/array_03/results/original_model_analysis_plots/combo_plots_Negligible/combo_sample_2084.png,combo_sample_2084.png,.png,296903,2025-11-17T10:01:14+08:00,FFT_EfficientNet_1,image,FFT-related artifact
FFT_EfficientNet_1/output/image_translation/array_03/results/original_model_analysis_plots/combo_plots_Negligible/combo_sample_2104.png,combo_sample_2104.png,.png,298528,2025-11-17T10:01:15+08:00,FFT_EfficientNet_1,image,FFT-related artifact
FFT_EfficientNet_1/output/image_translation/array_03/results/original_model_analysis_plots/combo_plots_Negligible/combo_sample_2106.png,combo_sample_2106.png,.png,301573,2025-11-17T10:01:15+08:00,FFT_EfficientNet_1,image,FFT-related artifact
FFT_EfficientNet_1/output/image_translation/array_03/results/original_model_analysis_plots/combo_plots_Negligible/combo_sample_2117.png,combo_sample_2117.png,.png,288996,2025-11-17T10:01:15+08:00,FFT_EfficientNet_1,image,FFT-related artifact
FFT_EfficientNet_1/output/image_translation/array_03/results/original_model_analysis_plots/combo_plots_Negligible/combo_sample_2123.png,combo_sample_2123.png,.png,301990,2025-11-17T10:01:15+08:00,FFT_EfficientNet_1,image,FFT-related artifact
FFT_EfficientNet_1/output/image_translation/array_03/results/original_model_analysis_plots/combo_plots_Negligible/combo_sample_2128.png,combo_sample_2128.png,.png,297324,2025-11-17T10:01:15+08:00,FFT_EfficientNet_1,image,FFT-related artifact
FFT_EfficientNet_1/output/image_translation/array_03/results/original_model_analysis_plots/combo_plots_Negligible/combo_sample_2145.png,combo_sample_2145.png,.png,307920,2025-11-17T10:01:15+08:00,FFT_EfficientNet_1,image,FFT-related artifact
FFT_EfficientNet_1/output/image_translation/array_03/results/original_model_analysis_plots/combo_plots_Negligible/combo_sample_2148.png,combo_sample_2148.png,.png,330259,2025-11-17T10:01:15+08:00,FFT_EfficientNet_1,image,FFT-related artifact
FFT_EfficientNet_1/output/image_translation/array_03/results/original_model_analysis_plots/combo_plots_Negligible/combo_sample_2156.png,combo_sample_2156.png,.png,318731,2025-11-17T10:01:15+08:00,FFT_EfficientNet_1,image,FFT-related artifact
FFT_EfficientNet_1/output/image_translation/array_03/results/original_model_analysis_plots/combo_plots_Negligible/combo_sample_2162.png,combo_sample_2162.png,.png,308044,2025-11-17T10:01:15+08:00,FFT_EfficientNet_1,image,FFT-related artifact
FFT_EfficientNet_1/output/image_translation/array_03/results/original_model_analysis_plots/combo_plots_Negligible/combo_sample_2191.png,combo_sample_2191.png,.png,319087,2025-11-17T10:01:15+08:00,FFT_EfficientNet_1,image,FFT-related artifact
FFT_EfficientNet_1/output/image_translation/array_03/results/original_model_analysis_plots/combo_plots_Negligible/combo_sample_2195.png,combo_sample_2195.png,.png,316392,2025-11-17T10:01:15+08:00,FFT_EfficientNet_1,image,FFT-related artifact
FFT_EfficientNet_1/output/image_translation/array_03/results/original_model_analysis_plots/combo_plots_Negligible/combo_sample_2224.png,combo_sample_2224.png,.png,325831,2025-11-17T10:01:15+08:00,FFT_EfficientNet_1,image,FFT-related artifact
FFT_EfficientNet_1/output/image_translation/array_03/results/original_model_analysis_plots/combo_plots_Negligible/combo_sample_2226.png,combo_sample_2226.png,.png,318089,2025-11-17T10:01:15+08:00,FFT_EfficientNet_1,image,FFT-related artifact
FFT_EfficientNet_1/output/image_translation/array_03/results/original_model_analysis_plots/combo_plots_Negligible/combo_sample_2238.png,combo_sample_2238.png,.png,311114,2025-11-17T10:01:15+08:00,FFT_EfficientNet_1,image,FFT-related artifact
FFT_EfficientNet_1/output/image_translation/array_03/results/original_model_analysis_plots/combo_plots_Negligible/combo_sample_2242.png,combo_sample_2242.png,.png,311003,2025-11-17T10:01:15+08:00,FFT_EfficientNet_1,image,FFT-related artifact
FFT_EfficientNet_1/output/image_translation/array_03/results/original_model_analysis_plots/combo_plots_Negligible/combo_sample_2247.png,combo_sample_2247.png,.png,287994,2025-11-17T10:01:15+08:00,FFT_EfficientNet_1,image,FFT-related artifact
FFT_EfficientNet_1/output/image_translation/array_03/results/original_model_analysis_plots/combo_plots_Negligible/combo_sample_2253.png,combo_sample_2253.png,.png,252363,2025-11-17T10:00:51+08:00,FFT_EfficientNet_1,image,FFT-related artifact
FFT_EfficientNet_1/output/image_translation/array_03/results/original_model_analysis_plots/combo_plots_Negligible/combo_sample_2254.png,combo_sample_2254.png,.png,255857,2025-11-17T10:00:51+08:00,FFT_EfficientNet_1,image,FFT-related artifact
FFT_EfficientNet_1/output/image_translation/array_03/results/original_model_analysis_plots/combo_plots_Negligible/combo_sample_2262.png,combo_sample_2262.png,.png,273924,2025-11-17T10:01:15+08:00,FFT_EfficientNet_1,image,FFT-related artifact
FFT_EfficientNet_1/output/image_translation/array_03/results/original_model_analysis_plots/combo_plots_Negligible/combo_sample_2264.png,combo_sample_2264.png,.png,275641,2025-11-17T10:01:15+08:00,FFT_EfficientNet_1,image,FFT-related artifact
FFT_EfficientNet_1/output/image_translation/array_03/results/original_model_analysis_plots/combo_plots_Negligible/combo_sample_2266.png,combo_sample_2266.png,.png,301664,2025-11-17T10:01:15+08:00,FFT_EfficientNet_1,image,FFT-related artifact
FFT_EfficientNet_1/output/image_translation/array_03/results/original_model_analysis_plots/combo_plots_Negligible/combo_sample_2269.png,combo_sample_2269.png,.png,284258,2025-11-17T10:01:15+08:00,FFT_EfficientNet_1,image,FFT-related artifact
FFT_EfficientNet_1/output/image_translation/array_03/results/original_model_analysis_plots/combo_plots_Negligible/combo_sample_2270.png,combo_sample_2270.png,.png,293535,2025-11-17T10:01:15+08:00,FFT_EfficientNet_1,image,FFT-related artifact
FFT_EfficientNet_1/output/image_translation/array_03/results/original_model_analysis_plots/combo_plots_Negligible/combo_sample_2271.png,combo_sample_2271.png,.png,293837,2025-11-17T10:01:15+08:00,FFT_EfficientNet_1,image,FFT-related artifact
FFT_EfficientNet_1/output/image_translation/array_03/results/original_model_analysis_plots/combo_plots_Negligible/combo_sample_2276.png,combo_sample_2276.png,.png,291560,2025-11-17T10:01:15+08:00,FFT_EfficientNet_1,image,FFT-related artifact
FFT_EfficientNet_1/output/image_translation/array_03/results/original_model_analysis_plots/combo_plots_Negligible/combo_sample_2301.png,combo_sample_2301.png,.png,285765,2025-11-17T10:01:15+08:00,FFT_EfficientNet_1,image,FFT-related artifact
FFT_EfficientNet_1/output/image_translation/array_03/results/original_model_analysis_plots/combo_plots_Negligible/combo_sample_2304.png,combo_sample_2304.png,.png,314095,2025-11-17T10:01:15+08:00,FFT_EfficientNet_1,image,FFT-related artifact
FFT_EfficientNet_1/output/image_translation/array_03/results/original_model_analysis_plots/combo_plots_Negligible/combo_sample_2306.png,combo_sample_2306.png,.png,308179,2025-11-17T10:01:15+08:00,FFT_EfficientNet_1,image,FFT-related artifact
FFT_EfficientNet_1/output/image_translation/array_03/results/original_model_analysis_plots/combo_plots_Negligible/combo_sample_2312.png,combo_sample_2312.png,.png,314909,2025-11-17T10:01:15+08:00,FFT_EfficientNet_1,image,FFT-related artifact
FFT_EfficientNet_1/output/image_translation/array_03/results/original_model_analysis_plots/combo_plots_Negligible/combo_sample_2321.png,combo_sample_2321.png,.png,282961,2025-11-17T10:01:15+08:00,FFT_EfficientNet_1,image,FFT-related artifact
FFT_EfficientNet_1/output/image_translation/array_03/results/original_model_analysis_plots/combo_plots_Negligible/combo_sample_2322.png,combo_sample_2322.png,.png,284082,2025-11-17T10:01:15+08:00,FFT_EfficientNet_1,image,FFT-related artifact
FFT_EfficientNet_1/output/image_translation/array_03/results/original_model_analysis_plots/combo_plots_Negligible/combo_sample_2324.png,combo_sample_2324.png,.png,277479,2025-11-17T10:01:15+08:00,FFT_EfficientNet_1,image,FFT-related artifact
FFT_EfficientNet_1/output/image_translation/array_03/results/original_model_analysis_plots/combo_plots_Negligible/combo_sample_2326.png,combo_sample_2326.png,.png,285523,2025-11-17T10:01:15+08:00,FFT_EfficientNet_1,image,FFT-related artifact
FFT_EfficientNet_1/output/image_translation/array_03/results/original_model_analysis_plots/combo_plots_Negligible/combo_sample_2343.png,combo_sample_2343.png,.png,299890,2025-11-17T10:01:15+08:00,FFT_EfficientNet_1,image,FFT-related artifact
FFT_EfficientNet_1/output/image_translation/array_03/results/original_model_analysis_plots/combo_plots_Negligible/combo_sample_2344.png,combo_sample_2344.png,.png,301046,2025-11-17T10:01:15+08:00,FFT_EfficientNet_1,image,FFT-related artifact
FFT_EfficientNet_1/output/image_translation/array_03/results/original_model_analysis_plots/combo_plots_Negligible/combo_sample_2351.png,combo_sample_2351.png,.png,325057,2025-11-17T10:01:15+08:00,FFT_EfficientNet_1,image,FFT-related artifact
FFT_EfficientNet_1/output/image_translation/array_03/results/original_model_analysis_plots/combo_plots_Negligible/combo_sample_2402.png,combo_sample_2402.png,.png,295924,2025-11-17T10:01:15+08:00,FFT_EfficientNet_1,image,FFT-related artifact
FFT_EfficientNet_1/output/image_translation/array_03/results/original_model_analysis_plots/combo_plots_Negligible/combo_sample_2404.png,combo_sample_2404.png,.png,303458,2025-11-17T10:01:15+08:00,FFT_EfficientNet_1,image,FFT-related artifact
FFT_EfficientNet_1/output/image_translation/array_03/results/original_model_analysis_plots/combo_plots_Negligible/combo_sample_2407.png,combo_sample_2407.png,.png,300483,2025-11-17T10:01:15+08:00,FFT_EfficientNet_1,image,FFT-related artifact
FFT_EfficientNet_1/output/image_translation/array_03/results/original_model_analysis_plots/combo_plots_Negligible/combo_sample_2420.png,combo_sample_2420.png,.png,319031,2025-11-17T10:01:15+08:00,FFT_EfficientNet_1,image,FFT-related artifact
FFT_EfficientNet_1/output/image_translation/array_03/results/original_model_analysis_plots/combo_plots_Negligible/combo_sample_2425.png,combo_sample_2425.png,.png,319411,2025-11-17T10:01:15+08:00,FFT_EfficientNet_1,image,FFT-related artifact
FFT_EfficientNet_1/output/image_translation/array_03/results/original_model_analysis_plots/combo_plots_Negligible/combo_sample_2428.png,combo_sample_2428.png,.png,334668,2025-11-17T10:01:15+08:00,FFT_EfficientNet_1,image,FFT-related artifact
FFT_EfficientNet_1/output/image_translation/array_03/results/original_model_analysis_plots/combo_plots_Negligible/combo_sample_2430.png,combo_sample_2430.png,.png,332368,2025-11-17T10:01:16+08:00,FFT_EfficientNet_1,image,FFT-related artifact
FFT_EfficientNet_1/output/image_translation/array_03/results/original_model_analysis_plots/combo_plots_Negligible/combo_sample_2431.png,combo_sample_2431.png,.png,329418,2025-11-17T10:01:16+08:00,FFT_EfficientNet_1,image,FFT-related artifact
FFT_EfficientNet_1/output/image_translation/array_03/results/original_model_analysis_plots/combo_plots_Negligible/combo_sample_2451.png,combo_sample_2451.png,.png,304820,2025-11-17T10:01:16+08:00,FFT_EfficientNet_1,image,FFT-related artifact
FFT_EfficientNet_1/output/image_translation/array_03/results/original_model_analysis_plots/combo_plots_Negligible/combo_sample_2471.png,combo_sample_2471.png,.png,325970,2025-11-17T10:01:16+08:00,FFT_EfficientNet_1,image,FFT-related artifact
FFT_EfficientNet_1/output/image_translation/array_03/results/original_model_analysis_plots/combo_plots_Negligible/combo_sample_2474.png,combo_sample_2474.png,.png,319929,2025-11-17T10:01:16+08:00,FFT_EfficientNet_1,image,FFT-related artifact
FFT_EfficientNet_1/output/image_translation/array_03/results/original_model_analysis_plots/combo_plots_Negligible/combo_sample_2476.png,combo_sample_2476.png,.png,293130,2025-11-17T10:01:16+08:00,FFT_EfficientNet_1,image,FFT-related artifact
FFT_EfficientNet_1/output/image_translation/array_03/results/original_model_analysis_plots/combo_plots_Negligible/combo_sample_2479.png,combo_sample_2479.png,.png,314077,2025-11-17T10:01:16+08:00,FFT_EfficientNet_1,image,FFT-related artifact
FFT_EfficientNet_1/output/image_translation/array_03/results/original_model_analysis_plots/combo_plots_Negligible/combo_sample_2480.png,combo_sample_2480.png,.png,317843,2025-11-17T10:01:16+08:00,FFT_EfficientNet_1,image,FFT-related artifact
FFT_EfficientNet_1/output/image_translation/array_03/results/original_model_analysis_plots/combo_plots_Negligible/combo_sample_2484.png,combo_sample_2484.png,.png,328810,2025-11-17T10:01:16+08:00,FFT_EfficientNet_1,image,FFT-related artifact
FFT_EfficientNet_1/output/image_translation/array_03/results/original_model_analysis_plots/combo_plots_Negligible/combo_sample_2530.png,combo_sample_2530.png,.png,294915,2025-11-17T10:01:16+08:00,FFT_EfficientNet_1,image,FFT-related artifact
FFT_EfficientNet_1/output/image_translation/array_03/results/original_model_analysis_plots/combo_plots_Negligible/combo_sample_2532.png,combo_sample_2532.png,.png,299667,2025-11-17T10:01:16+08:00,FFT_EfficientNet_1,image,FFT-related artifact
FFT_EfficientNet_1/output/image_translation/array_03/results/original_model_analysis_plots/combo_plots_Negligible/combo_sample_2536.png,combo_sample_2536.png,.png,294734,2025-11-17T10:01:16+08:00,FFT_EfficientNet_1,image,FFT-related artifact
FFT_EfficientNet_1/output/image_translation/array_03/results/original_model_analysis_plots/combo_plots_Negligible/combo_sample_2566.png,combo_sample_2566.png,.png,306060,2025-11-17T10:01:16+08:00,FFT_EfficientNet_1,image,FFT-related artifact
FFT_EfficientNet_1/output/image_translation/array_03/results/original_model_analysis_plots/combo_plots_Negligible/combo_sample_2574.png,combo_sample_2574.png,.png,295588,2025-11-17T10:01:16+08:00,FFT_EfficientNet_1,image,FFT-related artifact
FFT_EfficientNet_1/output/image_translation/array_03/results/original_model_analysis_plots/combo_plots_Negligible/combo_sample_2636.png,combo_sample_2636.png,.png,303117,2025-11-17T10:01:16+08:00,FFT_EfficientNet_1,image,FFT-related artifact
FFT_EfficientNet_1/output/image_translation/array_03/results/original_model_analysis_plots/combo_plots_Negligible/combo_sample_2641.png,combo_sample_2641.png,.png,297172,2025-11-17T10:01:16+08:00,FFT_EfficientNet_1,image,FFT-related artifact
FFT_EfficientNet_1/output/image_translation/array_03/results/original_model_analysis_plots/combo_plots_Negligible/combo_sample_2642.png,combo_sample_2642.png,.png,295441,2025-11-17T10:01:16+08:00,FFT_EfficientNet_1,image,FFT-related artifact
FFT_EfficientNet_1/output/image_translation/array_03/results/original_model_analysis_plots/combo_plots_Negligible/combo_sample_2645.png,combo_sample_2645.png,.png,300463,2025-11-17T10:01:16+08:00,FFT_EfficientNet_1,image,FFT-related artifact
FFT_EfficientNet_1/output/image_translation/array_03/results/original_model_analysis_plots/combo_plots_Negligible/combo_sample_2648.png,combo_sample_2648.png,.png,323427,2025-11-17T10:01:16+08:00,FFT_EfficientNet_1,image,FFT-related artifact
FFT_EfficientNet_1/output/image_translation/array_03/results/original_model_analysis_plots/combo_plots_Negligible/combo_sample_2650.png,combo_sample_2650.png,.png,301398,2025-11-17T10:01:16+08:00,FFT_EfficientNet_1,image,FFT-related artifact
FFT_EfficientNet_1/output/image_translation/array_03/results/original_model_analysis_plots/combo_plots_Negligible/combo_sample_2651.png,combo_sample_2651.png,.png,302635,2025-11-17T10:01:16+08:00,FFT_EfficientNet_1,image,FFT-related artifact
FFT_EfficientNet_1/output/image_translation/array_03/results/original_model_analysis_plots/combo_plots_Negligible/combo_sample_2654.png,combo_sample_2654.png,.png,284728,2025-11-17T10:01:16+08:00,FFT_EfficientNet_1,image,FFT-related artifact
FFT_EfficientNet_1/output/image_translation/array_03/results/original_model_analysis_plots/combo_plots_Negligible/combo_sample_2657.png,combo_sample_2657.png,.png,287813,2025-11-17T10:01:16+08:00,FFT_EfficientNet_1,image,FFT-related artifact
FFT_EfficientNet_1/output/image_translation/array_03/results/original_model_analysis_plots/combo_plots_Negligible/combo_sample_2659.png,combo_sample_2659.png,.png,269001,2025-11-17T10:01:16+08:00,FFT_EfficientNet_1,image,FFT-related artifact
FFT_EfficientNet_1/output/image_translation/array_03/results/original_model_analysis_plots/combo_plots_Negligible/combo_sample_2660.png,combo_sample_2660.png,.png,293869,2025-11-17T10:01:16+08:00,FFT_EfficientNet_1,image,FFT-related artifact
FFT_EfficientNet_1/output/image_translation/array_03/results/original_model_analysis_plots/combo_plots_Negligible/combo_sample_2661.png,combo_sample_2661.png,.png,294205,2025-11-17T10:01:16+08:00,FFT_EfficientNet_1,image,FFT-related artifact
FFT_EfficientNet_1/output/image_translation/array_03/results/original_model_analysis_plots/combo_plots_Negligible/combo_sample_2665.png,combo_sample_2665.png,.png,287887,2025-11-17T10:01:16+08:00,FFT_EfficientNet_1,image,FFT-related artifact
FFT_EfficientNet_1/output/image_translation/array_03/results/original_model_analysis_plots/combo_plots_Negligible/combo_sample_2670.png,combo_sample_2670.png,.png,296114,2025-11-17T10:01:16+08:00,FFT_EfficientNet_1,image,FFT-related artifact
FFT_EfficientNet_1/output/image_translation/array_03/results/original_model_analysis_plots/combo_plots_Negligible/combo_sample_2676.png,combo_sample_2676.png,.png,298353,2025-11-17T10:01:16+08:00,FFT_EfficientNet_1,image,FFT-related artifact
FFT_EfficientNet_1/output/image_translation/array_03/results/original_model_analysis_plots/combo_plots_Negligible/combo_sample_2677.png,combo_sample_2677.png,.png,295121,2025-11-17T10:01:16+08:00,FFT_EfficientNet_1,image,FFT-related artifact
FFT_EfficientNet_1/output/image_translation/array_03/results/original_model_analysis_plots/combo_plots_Negligible/combo_sample_2681.png,combo_sample_2681.png,.png,264218,2025-11-17T10:01:16+08:00,FFT_EfficientNet_1,image,FFT-related artifact
FFT_EfficientNet_1/output/image_translation/array_03/results/original_model_analysis_plots/combo_plots_Negligible/combo_sample_2682.png,combo_sample_2682.png,.png,261934,2025-11-17T10:00:52+08:00,FFT_EfficientNet_1,image,FFT-related artifact
FFT_EfficientNet_1/output/image_translation/array_03/results/original_model_analysis_plots/combo_plots_Negligible/combo_sample_2683.png,combo_sample_2683.png,.png,261575,2025-11-17T10:00:52+08:00,FFT_EfficientNet_1,image,FFT-related artifact
FFT_EfficientNet_1/output/image_translation/array_03/results/original_model_analysis_plots/combo_plots_Negligible/combo_sample_2686.png,combo_sample_2686.png,.png,254024,2025-11-17T10:00:52+08:00,FFT_EfficientNet_1,image,FFT-related artifact
FFT_EfficientNet_1/output/image_translation/array_03/results/original_model_analysis_plots/combo_plots_Negligible/combo_sample_2694.png,combo_sample_2694.png,.png,257169,2025-11-17T10:00:52+08:00,FFT_EfficientNet_1,image,FFT-related artifact
FFT_EfficientNet_1/output/image_translation/array_03/results/original_model_analysis_plots/combo_plots_Negligible/combo_sample_2696.png,combo_sample_2696.png,.png,253497,2025-11-17T10:00:52+08:00,FFT_EfficientNet_1,image,FFT-related artifact
FFT_EfficientNet_1/output/image_translation/array_03/results/original_model_analysis_plots/combo_plots_Negligible/combo_sample_2697.png,combo_sample_2697.png,.png,251588,2025-11-17T10:00:52+08:00,FFT_EfficientNet_1,image,FFT-related artifact
FFT_EfficientNet_1/output/image_translation/array_03/results/original_model_analysis_plots/combo_plots_Negligible/combo_sample_2702.png,combo_sample_2702.png,.png,256307,2025-11-17T10:00:52+08:00,FFT_EfficientNet_1,image,FFT-related artifact
FFT_EfficientNet_1/output/image_translation/array_03/results/original_model_analysis_plots/combo_plots_Negligible/combo_sample_2705.png,combo_sample_2705.png,.png,257359,2025-11-17T10:00:52+08:00,FFT_EfficientNet_1,image,FFT-related artifact
FFT_EfficientNet_1/output/image_translation/array_03/results/original_model_analysis_plots/combo_plots_Negligible/combo_sample_2708.png,combo_sample_2708.png,.png,257852,2025-11-17T10:00:52+08:00,FFT_EfficientNet_1,image,FFT-related artifact
FFT_EfficientNet_1/output/image_translation/array_03/results/original_model_analysis_plots/combo_plots_Negligible/combo_sample_2710.png,combo_sample_2710.png,.png,248211,2025-11-17T10:00:52+08:00,FFT_EfficientNet_1,image,FFT-related artifact
FFT_EfficientNet_1/output/image_translation/array_03/results/original_model_analysis_plots/combo_plots_Negligible/combo_sample_2715.png,combo_sample_2715.png,.png,249580,2025-11-17T10:00:52+08:00,FFT_EfficientNet_1,image,FFT-related artifact
FFT_EfficientNet_1/output/image_translation/array_03/results/original_model_analysis_plots/combo_plots_Negligible/combo_sample_2719.png,combo_sample_2719.png,.png,273555,2025-11-17T10:01:16+08:00,FFT_EfficientNet_1,image,FFT-related artifact
FFT_EfficientNet_1/output/image_translation/array_03/results/original_model_analysis_plots/combo_plots_Negligible/combo_sample_2721.png,combo_sample_2721.png,.png,295432,2025-11-17T10:01:16+08:00,FFT_EfficientNet_1,image,FFT-related artifact
FFT_EfficientNet_1/output/image_translation/array_03/results/original_model_analysis_plots/combo_plots_Negligible/combo_sample_2722.png,combo_sample_2722.png,.png,289465,2025-11-17T10:01:16+08:00,FFT_EfficientNet_1,image,FFT-related artifact
FFT_EfficientNet_1/output/image_translation/array_03/results/original_model_analysis_plots/combo_plots_Negligible/combo_sample_2723.png,combo_sample_2723.png,.png,265190,2025-11-17T10:01:16+08:00,FFT_EfficientNet_1,image,FFT-related artifact
FFT_EfficientNet_1/output/image_translation/array_03/results/original_model_analysis_plots/combo_plots_Negligible/combo_sample_2725.png,combo_sample_2725.png,.png,250378,2025-11-17T10:00:53+08:00,FFT_EfficientNet_1,image,FFT-related artifact
FFT_EfficientNet_1/output/image_translation/array_03/results/original_model_analysis_plots/combo_plots_Negligible/combo_sample_2727.png,combo_sample_2727.png,.png,247358,2025-11-17T10:00:53+08:00,FFT_EfficientNet_1,image,FFT-related artifact
FFT_EfficientNet_1/output/image_translation/array_03/results/original_model_analysis_plots/combo_plots_Negligible/combo_sample_2731.png,combo_sample_2731.png,.png,244189,2025-11-17T10:00:53+08:00,FFT_EfficientNet_1,image,FFT-related artifact
FFT_EfficientNet_1/output/image_translation/array_03/results/original_model_analysis_plots/combo_plots_Negligible/combo_sample_2825.png,combo_sample_2825.png,.png,287957,2025-11-17T10:01:16+08:00,FFT_EfficientNet_1,image,FFT-related artifact
FFT_EfficientNet_1/output/image_translation/array_03/results/original_model_analysis_plots/combo_plots_Negligible/combo_sample_2829.png,combo_sample_2829.png,.png,286265,2025-11-17T10:01:16+08:00,FFT_EfficientNet_1,image,FFT-related artifact
FFT_EfficientNet_1/output/image_translation/array_03/results/original_model_analysis_plots/combo_plots_Negligible/combo_sample_2830.png,combo_sample_2830.png,.png,285573,2025-11-17T10:01:16+08:00,FFT_EfficientNet_1,image,FFT-related artifact
FFT_EfficientNet_1/output/image_translation/array_03/results/original_model_analysis_plots/combo_plots_Negligible/combo_sample_2840.png,combo_sample_2840.png,.png,310762,2025-11-17T10:01:16+08:00,FFT_EfficientNet_1,image,FFT-related artifact
FFT_EfficientNet_1/output/image_translation/array_03/results/original_model_analysis_plots/combo_plots_Negligible/combo_sample_2841.png,combo_sample_2841.png,.png,307175,2025-11-17T10:01:17+08:00,FFT_EfficientNet_1,image,FFT-related artifact
FFT_EfficientNet_1/output/image_translation/array_03/results/original_model_analysis_plots/combo_plots_Negligible/combo_sample_495.png,combo_sample_495.png,.png,284962,2025-11-17T10:01:17+08:00,FFT_EfficientNet_1,image,FFT-related artifact
FFT_EfficientNet_1/output/image_translation/array_03/results/original_model_analysis_plots/combo_plots_Negligible/combo_sample_965.png,combo_sample_965.png,.png,303984,2025-11-17T10:01:17+08:00,FFT_EfficientNet_1,image,FFT-related artifact
FFT_EfficientNet_1/output/image_translation/array_03/results/original_model_analysis_plots/combo_plots_Negligible/combo_sample_988.png,combo_sample_988.png,.png,288423,2025-11-17T10:01:17+08:00,FFT_EfficientNet_1,image,FFT-related artifact
FFT_EfficientNet_1/output/image_translation/array_03/results/original_model_analysis_plots/combo_plots_Negligible/combo_sample_990.png,combo_sample_990.png,.png,298783,2025-11-17T10:01:17+08:00,FFT_EfficientNet_1,image,FFT-related artifact
FFT_EfficientNet_1/output/image_translation/array_03/results/original_model_analysis_plots/combo_plots_Negligible/combo_sample_992.png,combo_sample_992.png,.png,288359,2025-11-17T10:01:17+08:00,FFT_EfficientNet_1,image,FFT-related artifact
FFT_EfficientNet_1/output/image_translation/array_03/results/original_model_analysis_plots/combo_plots_Negligible/combo_sample_993.png,combo_sample_993.png,.png,295606,2025-11-17T10:01:17+08:00,FFT_EfficientNet_1,image,FFT-related artifact
FFT_EfficientNet_1/output/image_translation/array_03/results/original_model_analysis_plots/combo_plots_Negligible/combo_sample_994.png,combo_sample_994.png,.png,297709,2025-11-17T10:01:17+08:00,FFT_EfficientNet_1,image,FFT-related artifact
FFT_EfficientNet_1/output/visualization_plots/05_training_history_regression.png,05_training_history_regression.png,.png,100745,2025-11-17T10:00:23+08:00,FFT_EfficientNet_1,image,training history; FFT-related artifact
FFT_EfficientNet_1/output/visualization_plots/06_profile_label_generation.png,06_profile_label_generation.png,.png,109810,2025-11-17T10:00:23+08:00,FFT_EfficientNet_1,image,FFT-related artifact; label construction visualization
FFT_EfficientNet_1/output/visualization_plots/fft_regression/06_label_generation_fft_regression.png,06_label_generation_fft_regression.png,.png,107327,2025-11-17T10:00:24+08:00,FFT_EfficientNet_1,image,FFT-related artifact; label construction visualization
temp_result/1D+percentage_Label/output/image_translation/array_03/logs/train/events.out.tfevents.1758782241.ubuntusrv.22102.0.v2,events.out.tfevents.1758782241.ubuntusrv.22102.0.v2,.v2,7925,2025-09-28T16:34:55+08:00,temp_result/1D+percentage_Label,tensorboard_log,label
temp_result/1D+percentage_Label/output/image_translation/array_03/logs/train/events.out.tfevents.1758782488.ubuntusrv.3728.0.v2,events.out.tfevents.1758782488.ubuntusrv.3728.0.v2,.v2,7925,2025-09-28T16:34:55+08:00,temp_result/1D+percentage_Label,tensorboard_log,label
temp_result/1D+percentage_Label/output/image_translation/array_03/logs/train/events.out.tfevents.1758782660.ubuntusrv.39349.0.v2,events.out.tfevents.1758782660.ubuntusrv.39349.0.v2,.v2,137431,2025-09-28T16:34:55+08:00,temp_result/1D+percentage_Label,tensorboard_log,label
temp_result/1D+percentage_Label/output/image_translation/array_03/logs/train/events.out.tfevents.1758873492.ubuntusrv.31976.0.v2,events.out.tfevents.1758873492.ubuntusrv.31976.0.v2,.v2,1675563,2025-09-28T16:34:56+08:00,temp_result/1D+percentage_Label,tensorboard_log,label
temp_result/1D+percentage_Label/output/image_translation/array_03/logs/train/events.out.tfevents.1758878579.ubuntusrv.13912.0.v2,events.out.tfevents.1758878579.ubuntusrv.13912.0.v2,.v2,1479591,2025-09-28T16:34:56+08:00,temp_result/1D+percentage_Label,tensorboard_log,label
temp_result/1D+percentage_Label/output/image_translation/array_03/logs/train/events.out.tfevents.1759026243.ubuntusrv.4459.0.v2,events.out.tfevents.1759026243.ubuntusrv.4459.0.v2,.v2,1485936,2025-09-28T16:34:56+08:00,temp_result/1D+percentage_Label,tensorboard_log,label
temp_result/1D+percentage_Label/output/image_translation/array_03/logs/training_history.pkl,training_history.pkl,.pkl,5162,2025-09-28T16:34:55+08:00,temp_result/1D+percentage_Label,tensorboard_log,training history
temp_result/1D+percentage_Label/output/image_translation/array_03/logs/training_history_advanced.pkl,training_history_advanced.pkl,.pkl,5260,2025-09-28T16:34:55+08:00,temp_result/1D+percentage_Label,tensorboard_log,training history
temp_result/1D+percentage_Label/output/image_translation/array_03/logs/validation/events.out.tfevents.1758782669.ubuntusrv.39349.1.v2,events.out.tfevents.1758782669.ubuntusrv.39349.1.v2,.v2,34144,2025-09-28T16:34:56+08:00,temp_result/1D+percentage_Label,tensorboard_log,label
temp_result/1D+percentage_Label/output/image_translation/array_03/logs/validation/events.out.tfevents.1758873522.ubuntusrv.31976.1.v2,events.out.tfevents.1758873522.ubuntusrv.31976.1.v2,.v2,28854,2025-09-28T16:34:56+08:00,temp_result/1D+percentage_Label,tensorboard_log,label
temp_result/1D+percentage_Label/output/image_translation/array_03/logs/validation/events.out.tfevents.1758878607.ubuntusrv.13912.1.v2,events.out.tfevents.1758878607.ubuntusrv.13912.1.v2,.v2,16454,2025-09-28T16:34:55+08:00,temp_result/1D+percentage_Label,tensorboard_log,label
temp_result/1D+percentage_Label/output/image_translation/array_03/logs/validation/events.out.tfevents.1759026265.ubuntusrv.4459.1.v2,events.out.tfevents.1759026265.ubuntusrv.4459.1.v2,.v2,31024,2025-09-28T16:34:55+08:00,temp_result/1D+percentage_Label,tensorboard_log,label
temp_result/1D+percentage_Label/output/image_translation/array_03/models/best_advanced_regressor_model.h5,best_advanced_regressor_model.h5,.h5,72969256,2025-09-28T16:35:10+08:00,temp_result/1D+percentage_Label,model_checkpoint,model weight/checkpoint metadata only
temp_result/1D+percentage_Label/output/image_translation/array_03/results/final_analysis_plots/_conditional_mean_map_High_Severity.png,_conditional_mean_map_High_Severity.png,.png,111125,2025-09-28T16:34:55+08:00,temp_result/1D+percentage_Label,image,label; severity
temp_result/1D+percentage_Label/output/image_translation/array_03/results/final_analysis_plots/_conditional_mean_map_Low_Severity.png,_conditional_mean_map_Low_Severity.png,.png,111405,2025-09-28T16:34:55+08:00,temp_result/1D+percentage_Label,image,label; severity
temp_result/1D+percentage_Label/output/image_translation/array_03/results/final_analysis_plots/_conditional_mean_map_Medium_Severity.png,_conditional_mean_map_Medium_Severity.png,.png,112363,2025-09-28T16:34:55+08:00,temp_result/1D+percentage_Label,image,label; severity
temp_result/1D+percentage_Label/output/image_translation/array_03/results/final_analysis_plots/_conditional_mean_map_Negligible.png,_conditional_mean_map_Negligible.png,.png,109820,2025-09-28T16:34:55+08:00,temp_result/1D+percentage_Label,image,label
temp_result/1D+percentage_Label/output/image_translation/array_03/results/final_analysis_plots/_error_distribution_by_category.png,_error_distribution_by_category.png,.png,99062,2025-09-28T17:13:35+08:00,temp_result/1D+percentage_Label,image,label
temp_result/1D+percentage_Label/output/image_translation/array_03/results/final_analysis_plots/_overall_mean_attention_map.png,_overall_mean_attention_map.png,.png,108988,2025-09-28T16:34:55+08:00,temp_result/1D+percentage_Label,image,label
temp_result/1D+percentage_Label/output/image_translation/array_03/results/final_analysis_plots/_overall_performance_scatter.png,_overall_performance_scatter.png,.png,425568,2025-09-28T16:34:56+08:00,temp_result/1D+percentage_Label,image,performance/metric summary
temp_result/1D+percentage_Label/output/image_translation/array_03/results/final_analysis_plots/gradcam_sample_312.png,gradcam_sample_312.png,.png,105255,2025-09-28T16:34:55+08:00,temp_result/1D+percentage_Label,image,Grad-CAM/attention visualization
temp_result/1D+percentage_Label/output/image_translation/array_03/results/final_analysis_plots/gradcam_sample_313.png,gradcam_sample_313.png,.png,105031,2025-09-28T16:34:55+08:00,temp_result/1D+percentage_Label,image,Grad-CAM/attention visualization
temp_result/1D+percentage_Label/output/image_translation/array_03/results/final_analysis_plots/gradcam_sample_314.png,gradcam_sample_314.png,.png,105015,2025-09-28T16:34:55+08:00,temp_result/1D+percentage_Label,image,Grad-CAM/attention visualization
temp_result/1D+percentage_Label/output/image_translation/array_03/results/final_analysis_plots/gradcam_sample_315.png,gradcam_sample_315.png,.png,107461,2025-09-28T16:34:55+08:00,temp_result/1D+percentage_Label,image,Grad-CAM/attention visualization
temp_result/1D+percentage_Label/output/image_translation/array_03/results/final_analysis_plots/gradcam_sample_382.png,gradcam_sample_382.png,.png,106166,2025-09-28T16:34:55+08:00,temp_result/1D+percentage_Label,image,Grad-CAM/attention visualization
temp_result/1D+percentage_Label/output/image_translation/array_03/results/final_analysis_plots/gradcam_sample_383.png,gradcam_sample_383.png,.png,102171,2025-09-28T16:34:55+08:00,temp_result/1D+percentage_Label,image,Grad-CAM/attention visualization
temp_result/1D+percentage_Label/output/image_translation/array_03/results/final_analysis_plots/gradcam_sample_384.png,gradcam_sample_384.png,.png,97707,2025-09-28T16:34:55+08:00,temp_result/1D+percentage_Label,image,Grad-CAM/attention visualization
temp_result/1D+percentage_Label/output/image_translation/array_03/results/final_analysis_plots/gradcam_sample_385.png,gradcam_sample_385.png,.png,106213,2025-09-28T16:34:56+08:00,temp_result/1D+percentage_Label,image,Grad-CAM/attention visualization
temp_result/1D+percentage_Label/output/image_translation/array_03/results/final_analysis_plots/gradcam_sample_386.png,gradcam_sample_386.png,.png,105836,2025-09-28T16:34:55+08:00,temp_result/1D+percentage_Label,image,Grad-CAM/attention visualization
temp_result/1D+percentage_Label/output/image_translation/array_03/results/final_analysis_plots/gradcam_sample_387.png,gradcam_sample_387.png,.png,127930,2025-09-28T16:34:56+08:00,temp_result/1D+percentage_Label,image,Grad-CAM/attention visualization
temp_result/1D+percentage_Label/output/image_translation/array_03/results/final_analysis_plots/gradcam_sample_388.png,gradcam_sample_388.png,.png,118364,2025-09-28T16:34:56+08:00,temp_result/1D+percentage_Label,image,Grad-CAM/attention visualization
temp_result/1D+percentage_Label/output/image_translation/array_03/results/final_analysis_plots/gradcam_sample_389.png,gradcam_sample_389.png,.png,113084,2025-09-28T16:34:56+08:00,temp_result/1D+percentage_Label,image,Grad-CAM/attention visualization
temp_result/1D+percentage_Label/output/image_translation/array_03/results/final_analysis_plots/gradcam_sample_420.png,gradcam_sample_420.png,.png,114732,2025-09-28T16:34:56+08:00,temp_result/1D+percentage_Label,image,Grad-CAM/attention visualization
temp_result/1D+percentage_Label/output/image_translation/array_03/results/final_analysis_plots/gradcam_sample_428.png,gradcam_sample_428.png,.png,115329,2025-09-28T16:34:56+08:00,temp_result/1D+percentage_Label,image,Grad-CAM/attention visualization
temp_result/1D+percentage_Label/output/image_translation/array_03/results/final_analysis_plots/gradcam_sample_429.png,gradcam_sample_429.png,.png,115314,2025-09-28T16:34:56+08:00,temp_result/1D+percentage_Label,image,Grad-CAM/attention visualization
temp_result/1D+percentage_Label/output/image_translation/array_03/results/final_analysis_plots/gradcam_sample_430.png,gradcam_sample_430.png,.png,113938,2025-09-28T16:34:56+08:00,temp_result/1D+percentage_Label,image,Grad-CAM/attention visualization
temp_result/1D+percentage_Label/output/image_translation/array_03/results/final_analysis_plots/gradcam_sample_885.png,gradcam_sample_885.png,.png,106873,2025-09-28T16:34:56+08:00,temp_result/1D+percentage_Label,image,Grad-CAM/attention visualization
temp_result/1D+percentage_Label/output/image_translation/array_03/results/final_analysis_plots/gradcam_sample_892.png,gradcam_sample_892.png,.png,115318,2025-09-28T16:34:56+08:00,temp_result/1D+percentage_Label,image,Grad-CAM/attention visualization
temp_result/1D+percentage_Label/output/image_translation/array_03/results/final_analysis_plots/gradcam_sample_893.png,gradcam_sample_893.png,.png,114399,2025-09-28T16:34:56+08:00,temp_result/1D+percentage_Label,image,Grad-CAM/attention visualization
temp_result/1D+percentage_Label/output/image_translation/array_03/results/final_analysis_plots/gradcam_sample_894.png,gradcam_sample_894.png,.png,114871,2025-09-28T16:34:56+08:00,temp_result/1D+percentage_Label,image,Grad-CAM/attention visualization
temp_result/1D+percentage_Label/output/image_translation/array_03/results/original_model_analysis_plots/combo_plots_High_Severity/combo_sample_1324.png,combo_sample_1324.png,.png,318092,2025-10-10T11:03:34+08:00,temp_result/1D+percentage_Label,image,label; severity
temp_result/1D+percentage_Label/output/image_translation/array_03/results/original_model_analysis_plots/combo_plots_High_Severity/combo_sample_391.png,combo_sample_391.png,.png,347939,2025-10-10T11:03:34+08:00,temp_result/1D+percentage_Label,image,label; severity
temp_result/1D+percentage_Label/output/image_translation/array_03/results/original_model_analysis_plots/combo_plots_High_Severity/combo_sample_414.png,combo_sample_414.png,.png,308245,2025-10-10T11:03:34+08:00,temp_result/1D+percentage_Label,image,label; severity
temp_result/1D+percentage_Label/output/image_translation/array_03/results/original_model_analysis_plots/combo_plots_High_Severity/combo_sample_61.png,combo_sample_61.png,.png,339629,2025-10-10T11:03:34+08:00,temp_result/1D+percentage_Label,image,label; severity
temp_result/1D+percentage_Label/output/image_translation/array_03/results/original_model_analysis_plots/combo_plots_High_Severity/combo_sample_677.png,combo_sample_677.png,.png,333032,2025-10-10T11:03:34+08:00,temp_result/1D+percentage_Label,image,label; severity
temp_result/1D+percentage_Label/output/image_translation/array_03/results/original_model_analysis_plots/combo_plots_High_Severity/combo_sample_688.png,combo_sample_688.png,.png,332089,2025-10-10T11:03:34+08:00,temp_result/1D+percentage_Label,image,label; severity
temp_result/1D+percentage_Label/output/image_translation/array_03/results/original_model_analysis_plots/combo_plots_High_Severity/combo_sample_772.png,combo_sample_772.png,.png,310120,2025-10-10T11:03:34+08:00,temp_result/1D+percentage_Label,image,label; severity
temp_result/1D+percentage_Label/output/image_translation/array_03/results/original_model_analysis_plots/combo_plots_High_Severity/combo_sample_865.png,combo_sample_865.png,.png,355446,2025-10-10T11:03:34+08:00,temp_result/1D+percentage_Label,image,label; severity
temp_result/1D+percentage_Label/output/image_translation/array_03/results/original_model_analysis_plots/combo_plots_Low_Severity/combo_sample_1110.png,combo_sample_1110.png,.png,306311,2025-10-10T11:03:34+08:00,temp_result/1D+percentage_Label,image,label; severity
temp_result/1D+percentage_Label/output/image_translation/array_03/results/original_model_analysis_plots/combo_plots_Low_Severity/combo_sample_1116.png,combo_sample_1116.png,.png,312521,2025-10-10T11:03:34+08:00,temp_result/1D+percentage_Label,image,label; severity
temp_result/1D+percentage_Label/output/image_translation/array_03/results/original_model_analysis_plots/combo_plots_Low_Severity/combo_sample_187.png,combo_sample_187.png,.png,334165,2025-10-10T11:03:34+08:00,temp_result/1D+percentage_Label,image,label; severity
temp_result/1D+percentage_Label/output/image_translation/array_03/results/original_model_analysis_plots/combo_plots_Low_Severity/combo_sample_1916.png,combo_sample_1916.png,.png,305942,2025-10-10T11:03:34+08:00,temp_result/1D+percentage_Label,image,label; severity
temp_result/1D+percentage_Label/output/image_translation/array_03/results/original_model_analysis_plots/combo_plots_Low_Severity/combo_sample_2044.png,combo_sample_2044.png,.png,308121,2025-10-10T11:03:34+08:00,temp_result/1D+percentage_Label,image,label; severity
temp_result/1D+percentage_Label/output/image_translation/array_03/results/original_model_analysis_plots/combo_plots_Low_Severity/combo_sample_2094.png,combo_sample_2094.png,.png,311680,2025-10-10T11:03:34+08:00,temp_result/1D+percentage_Label,image,label; severity
temp_result/1D+percentage_Label/output/image_translation/array_03/results/original_model_analysis_plots/combo_plots_Low_Severity/combo_sample_2204.png,combo_sample_2204.png,.png,279414,2025-10-10T11:03:34+08:00,temp_result/1D+percentage_Label,image,label; severity
temp_result/1D+percentage_Label/output/image_translation/array_03/results/original_model_analysis_plots/combo_plots_Low_Severity/combo_sample_2610.png,combo_sample_2610.png,.png,336432,2025-10-10T11:03:34+08:00,temp_result/1D+percentage_Label,image,label; severity
temp_result/1D+percentage_Label/output/image_translation/array_03/results/original_model_analysis_plots/combo_plots_Medium_Severity/combo_sample_1103.png,combo_sample_1103.png,.png,276194,2025-10-10T11:03:34+08:00,temp_result/1D+percentage_Label,image,label; severity
temp_result/1D+percentage_Label/output/image_translation/array_03/results/original_model_analysis_plots/combo_plots_Medium_Severity/combo_sample_1177.png,combo_sample_1177.png,.png,317901,2025-10-10T11:03:34+08:00,temp_result/1D+percentage_Label,image,label; severity
temp_result/1D+percentage_Label/output/image_translation/array_03/results/original_model_analysis_plots/combo_plots_Medium_Severity/combo_sample_20.png,combo_sample_20.png,.png,295740,2025-10-10T11:03:34+08:00,temp_result/1D+percentage_Label,image,label; severity
temp_result/1D+percentage_Label/output/image_translation/array_03/results/original_model_analysis_plots/combo_plots_Medium_Severity/combo_sample_2766.png,combo_sample_2766.png,.png,340595,2025-10-10T11:03:34+08:00,temp_result/1D+percentage_Label,image,label; severity
temp_result/1D+percentage_Label/output/image_translation/array_03/results/original_model_analysis_plots/combo_plots_Medium_Severity/combo_sample_460.png,combo_sample_460.png,.png,318514,2025-10-10T11:03:34+08:00,temp_result/1D+percentage_Label,image,label; severity
temp_result/1D+percentage_Label/output/image_translation/array_03/results/original_model_analysis_plots/combo_plots_Medium_Severity/combo_sample_592.png,combo_sample_592.png,.png,316515,2025-10-10T11:03:34+08:00,temp_result/1D+percentage_Label,image,label; severity
temp_result/1D+percentage_Label/output/image_translation/array_03/results/original_model_analysis_plots/combo_plots_Medium_Severity/combo_sample_9.png,combo_sample_9.png,.png,311814,2025-10-10T11:03:34+08:00,temp_result/1D+percentage_Label,image,label; severity
temp_result/1D+percentage_Label/output/image_translation/array_03/results/original_model_analysis_plots/combo_plots_Medium_Severity/combo_sample_925.png,combo_sample_925.png,.png,315716,2025-10-10T11:03:34+08:00,temp_result/1D+percentage_Label,image,label; severity
temp_result/1D+percentage_Label/output/image_translation/array_03/results/original_model_analysis_plots/combo_plots_Negligible/combo_sample_1132.png,combo_sample_1132.png,.png,287873,2025-10-10T11:03:34+08:00,temp_result/1D+percentage_Label,image,label
temp_result/1D+percentage_Label/output/image_translation/array_03/results/original_model_analysis_plots/combo_plots_Negligible/combo_sample_1133.png,combo_sample_1133.png,.png,296280,2025-10-10T11:03:34+08:00,temp_result/1D+percentage_Label,image,label
temp_result/1D+percentage_Label/output/image_translation/array_03/results/original_model_analysis_plots/combo_plots_Negligible/combo_sample_1616.png,combo_sample_1616.png,.png,300235,2025-10-10T11:03:34+08:00,temp_result/1D+percentage_Label,image,label
temp_result/1D+percentage_Label/output/image_translation/array_03/results/original_model_analysis_plots/combo_plots_Negligible/combo_sample_1920.png,combo_sample_1920.png,.png,320894,2025-10-10T11:03:34+08:00,temp_result/1D+percentage_Label,image,label
temp_result/1D+percentage_Label/output/image_translation/array_03/results/original_model_analysis_plots/combo_plots_Negligible/combo_sample_2431.png,combo_sample_2431.png,.png,329418,2025-10-10T11:03:34+08:00,temp_result/1D+percentage_Label,image,label
temp_result/1D+percentage_Label/output/image_translation/array_03/results/original_model_analysis_plots/combo_plots_Negligible/combo_sample_2681.png,combo_sample_2681.png,.png,264218,2025-10-10T11:03:34+08:00,temp_result/1D+percentage_Label,image,label
temp_result/1D+percentage_Label/output/image_translation/array_03/results/original_model_analysis_plots/combo_plots_Negligible/combo_sample_2721.png,combo_sample_2721.png,.png,295432,2025-10-10T11:03:34+08:00,temp_result/1D+percentage_Label,image,label
temp_result/1D+percentage_Label/output/image_translation/array_03/results/original_model_analysis_plots/combo_plots_Negligible/combo_sample_2731.png,combo_sample_2731.png,.png,244189,2025-10-10T11:03:34+08:00,temp_result/1D+percentage_Label,image,label
temp_result/1D+percentage_Label/output/visualization_plots/05_training_history_regression.png,05_training_history_regression.png,.png,100745,2025-09-28T16:34:55+08:00,temp_result/1D+percentage_Label,image,training history
temp_result/1D+percentage_Label/output/visualization_plots/06_profile_label_generation.png,06_profile_label_generation.png,.png,109810,2025-09-28T16:34:55+08:00,temp_result/1D+percentage_Label,image,label construction visualization
temp_result/1D+percentage_Label/result.txt,result.txt,.txt,656,2025-09-28T17:15:05+08:00,temp_result/1D+percentage_Label,markdown_memo,label
temp_result/1D+percentage_Label/样本权重+非对称损失/output/image_translation/array_03/logs/train/events.out.tfevents.1758782241.ubuntusrv.22102.0.v2,events.out.tfevents.1758782241.ubuntusrv.22102.0.v2,.v2,7925,2025-10-09T16:18:53+08:00,temp_result/1D+percentage_Label,tensorboard_log,label
temp_result/1D+percentage_Label/样本权重+非对称损失/output/image_translation/array_03/logs/train/events.out.tfevents.1758782488.ubuntusrv.3728.0.v2,events.out.tfevents.1758782488.ubuntusrv.3728.0.v2,.v2,7925,2025-10-09T16:18:53+08:00,temp_result/1D+percentage_Label,tensorboard_log,label
temp_result/1D+percentage_Label/样本权重+非对称损失/output/image_translation/array_03/logs/train/events.out.tfevents.1758782660.ubuntusrv.39349.0.v2,events.out.tfevents.1758782660.ubuntusrv.39349.0.v2,.v2,137431,2025-10-09T16:18:53+08:00,temp_result/1D+percentage_Label,tensorboard_log,label
temp_result/1D+percentage_Label/样本权重+非对称损失/output/image_translation/array_03/logs/train/events.out.tfevents.1758873492.ubuntusrv.31976.0.v2,events.out.tfevents.1758873492.ubuntusrv.31976.0.v2,.v2,1675563,2025-10-09T16:18:55+08:00,temp_result/1D+percentage_Label,tensorboard_log,label
temp_result/1D+percentage_Label/样本权重+非对称损失/output/image_translation/array_03/logs/train/events.out.tfevents.1758878579.ubuntusrv.13912.0.v2,events.out.tfevents.1758878579.ubuntusrv.13912.0.v2,.v2,1479591,2025-10-09T16:18:55+08:00,temp_result/1D+percentage_Label,tensorboard_log,label
temp_result/1D+percentage_Label/样本权重+非对称损失/output/image_translation/array_03/logs/train/events.out.tfevents.1759026243.ubuntusrv.4459.0.v2,events.out.tfevents.1759026243.ubuntusrv.4459.0.v2,.v2,1485936,2025-10-09T16:18:55+08:00,temp_result/1D+percentage_Label,tensorboard_log,label
temp_result/1D+percentage_Label/样本权重+非对称损失/output/image_translation/array_03/logs/train/events.out.tfevents.1759115606.ubuntusrv.42991.0.v2,events.out.tfevents.1759115606.ubuntusrv.42991.0.v2,.v2,2438418,2025-10-09T16:18:55+08:00,temp_result/1D+percentage_Label,tensorboard_log,label
temp_result/1D+percentage_Label/样本权重+非对称损失/output/image_translation/array_03/logs/train/events.out.tfevents.1759115975.ubuntusrv.5294.0.v2,events.out.tfevents.1759115975.ubuntusrv.5294.0.v2,.v2,2472826,2025-10-09T16:18:55+08:00,temp_result/1D+percentage_Label,tensorboard_log,label
temp_result/1D+percentage_Label/样本权重+非对称损失/output/image_translation/array_03/logs/training_history.pkl,training_history.pkl,.pkl,5162,2025-10-09T16:18:52+08:00,temp_result/1D+percentage_Label,tensorboard_log,training history
temp_result/1D+percentage_Label/样本权重+非对称损失/output/image_translation/array_03/logs/training_history_advanced.pkl,training_history_advanced.pkl,.pkl,5260,2025-10-09T16:18:52+08:00,temp_result/1D+percentage_Label,tensorboard_log,training history
temp_result/1D+percentage_Label/样本权重+非对称损失/output/image_translation/array_03/logs/training_history_weighted.pkl,training_history_weighted.pkl,.pkl,5706,2025-10-09T16:18:52+08:00,temp_result/1D+percentage_Label,tensorboard_log,training history
temp_result/1D+percentage_Label/样本权重+非对称损失/output/image_translation/array_03/logs/validation/events.out.tfevents.1758782669.ubuntusrv.39349.1.v2,events.out.tfevents.1758782669.ubuntusrv.39349.1.v2,.v2,34144,2025-10-09T16:18:53+08:00,temp_result/1D+percentage_Label,tensorboard_log,label
temp_result/1D+percentage_Label/样本权重+非对称损失/output/image_translation/array_03/logs/validation/events.out.tfevents.1758873522.ubuntusrv.31976.1.v2,events.out.tfevents.1758873522.ubuntusrv.31976.1.v2,.v2,28854,2025-10-09T16:18:53+08:00,temp_result/1D+percentage_Label,tensorboard_log,label
temp_result/1D+percentage_Label/样本权重+非对称损失/output/image_translation/array_03/logs/validation/events.out.tfevents.1758878607.ubuntusrv.13912.1.v2,events.out.tfevents.1758878607.ubuntusrv.13912.1.v2,.v2,16454,2025-10-09T16:18:53+08:00,temp_result/1D+percentage_Label,tensorboard_log,label
temp_result/1D+percentage_Label/样本权重+非对称损失/output/image_translation/array_03/logs/validation/events.out.tfevents.1759026265.ubuntusrv.4459.1.v2,events.out.tfevents.1759026265.ubuntusrv.4459.1.v2,.v2,31024,2025-10-09T16:18:53+08:00,temp_result/1D+percentage_Label,tensorboard_log,label
temp_result/1D+percentage_Label/样本权重+非对称损失/output/image_translation/array_03/logs/validation/events.out.tfevents.1759115659.ubuntusrv.42991.1.v2,events.out.tfevents.1759115659.ubuntusrv.42991.1.v2,.v2,9944,2025-10-09T16:18:53+08:00,temp_result/1D+percentage_Label,tensorboard_log,label
temp_result/1D+percentage_Label/样本权重+非对称损失/output/image_translation/array_03/logs/validation/events.out.tfevents.1759116029.ubuntusrv.5294.1.v2,events.out.tfevents.1759116029.ubuntusrv.5294.1.v2,.v2,36648,2025-10-09T16:18:53+08:00,temp_result/1D+percentage_Label,tensorboard_log,label
temp_result/1D+percentage_Label/样本权重+非对称损失/output/image_translation/array_03/models/best_advanced_regressor_model.h5,best_advanced_regressor_model.h5,.h5,72969256,2025-10-09T16:19:11+08:00,temp_result/1D+percentage_Label,model_checkpoint,model weight/checkpoint metadata only
temp_result/1D+percentage_Label/样本权重+非对称损失/output/image_translation/array_03/models/best_weighted_regressor_model.h5,best_weighted_regressor_model.h5,.h5,72908024,2025-10-09T16:19:10+08:00,temp_result/1D+percentage_Label,model_checkpoint,model weight/checkpoint metadata only
temp_result/1D+percentage_Label/样本权重+非对称损失/output/image_translation/array_03/results/final_analysis_plots/_conditional_mean_map_High_Severity.png,_conditional_mean_map_High_Severity.png,.png,111141,2025-10-09T16:18:53+08:00,temp_result/1D+percentage_Label,image,label; severity
temp_result/1D+percentage_Label/样本权重+非对称损失/output/image_translation/array_03/results/final_analysis_plots/_conditional_mean_map_Low_Severity.png,_conditional_mean_map_Low_Severity.png,.png,111367,2025-10-09T16:18:53+08:00,temp_result/1D+percentage_Label,image,label; severity
temp_result/1D+percentage_Label/样本权重+非对称损失/output/image_translation/array_03/results/final_analysis_plots/_conditional_mean_map_Medium_Severity.png,_conditional_mean_map_Medium_Severity.png,.png,112392,2025-10-09T16:18:53+08:00,temp_result/1D+percentage_Label,image,label; severity
temp_result/1D+percentage_Label/样本权重+非对称损失/output/image_translation/array_03/results/final_analysis_plots/_conditional_mean_map_Negligible.png,_conditional_mean_map_Negligible.png,.png,109807,2025-10-09T16:18:53+08:00,temp_result/1D+percentage_Label,image,label
temp_result/1D+percentage_Label/样本权重+非对称损失/output/image_translation/array_03/results/final_analysis_plots/_error_distribution_by_category.png,_error_distribution_by_category.png,.png,99062,2025-10-09T16:18:53+08:00,temp_result/1D+percentage_Label,image,label
temp_result/1D+percentage_Label/样本权重+非对称损失/output/image_translation/array_03/results/final_analysis_plots/_overall_mean_attention_map.png,_overall_mean_attention_map.png,.png,102805,2025-10-09T16:18:53+08:00,temp_result/1D+percentage_Label,image,label
temp_result/1D+percentage_Label/样本权重+非对称损失/output/image_translation/array_03/results/final_analysis_plots/_overall_performance_scatter.png,_overall_performance_scatter.png,.png,425567,2025-10-09T16:18:54+08:00,temp_result/1D+percentage_Label,image,performance/metric summary
temp_result/1D+percentage_Label/样本权重+非对称损失/output/image_translation/array_03/results/final_analysis_plots/gradcam_sample_312.png,gradcam_sample_312.png,.png,105232,2025-10-09T16:18:53+08:00,temp_result/1D+percentage_Label,image,Grad-CAM/attention visualization
temp_result/1D+percentage_Label/样本权重+非对称损失/output/image_translation/array_03/results/final_analysis_plots/gradcam_sample_313.png,gradcam_sample_313.png,.png,104988,2025-10-09T16:18:53+08:00,temp_result/1D+percentage_Label,image,Grad-CAM/attention visualization
temp_result/1D+percentage_Label/样本权重+非对称损失/output/image_translation/array_03/results/final_analysis_plots/gradcam_sample_314.png,gradcam_sample_314.png,.png,104991,2025-10-09T16:18:53+08:00,temp_result/1D+percentage_Label,image,Grad-CAM/attention visualization
temp_result/1D+percentage_Label/样本权重+非对称损失/output/image_translation/array_03/results/final_analysis_plots/gradcam_sample_315.png,gradcam_sample_315.png,.png,107513,2025-10-09T16:18:53+08:00,temp_result/1D+percentage_Label,image,Grad-CAM/attention visualization
temp_result/1D+percentage_Label/样本权重+非对称损失/output/image_translation/array_03/results/final_analysis_plots/gradcam_sample_362.png,gradcam_sample_362.png,.png,111185,2025-10-09T16:18:53+08:00,temp_result/1D+percentage_Label,image,Grad-CAM/attention visualization
temp_result/1D+percentage_Label/样本权重+非对称损失/output/image_translation/array_03/results/final_analysis_plots/gradcam_sample_363.png,gradcam_sample_363.png,.png,111581,2025-10-09T16:18:53+08:00,temp_result/1D+percentage_Label,image,Grad-CAM/attention visualization
temp_result/1D+percentage_Label/样本权重+非对称损失/output/image_translation/array_03/results/final_analysis_plots/gradcam_sample_382.png,gradcam_sample_382.png,.png,106165,2025-10-09T16:18:53+08:00,temp_result/1D+percentage_Label,image,Grad-CAM/attention visualization
temp_result/1D+percentage_Label/样本权重+非对称损失/output/image_translation/array_03/results/final_analysis_plots/gradcam_sample_383.png,gradcam_sample_383.png,.png,102148,2025-10-09T16:18:53+08:00,temp_result/1D+percentage_Label,image,Grad-CAM/attention visualization
temp_result/1D+percentage_Label/样本权重+非对称损失/output/image_translation/array_03/results/final_analysis_plots/gradcam_sample_384.png,gradcam_sample_384.png,.png,97708,2025-10-09T16:18:53+08:00,temp_result/1D+percentage_Label,image,Grad-CAM/attention visualization
temp_result/1D+percentage_Label/样本权重+非对称损失/output/image_translation/array_03/results/final_analysis_plots/gradcam_sample_385.png,gradcam_sample_385.png,.png,106333,2025-10-09T16:18:53+08:00,temp_result/1D+percentage_Label,image,Grad-CAM/attention visualization
temp_result/1D+percentage_Label/样本权重+非对称损失/output/image_translation/array_03/results/final_analysis_plots/gradcam_sample_386.png,gradcam_sample_386.png,.png,105890,2025-10-09T16:18:53+08:00,temp_result/1D+percentage_Label,image,Grad-CAM/attention visualization
temp_result/1D+percentage_Label/样本权重+非对称损失/output/image_translation/array_03/results/final_analysis_plots/gradcam_sample_387.png,gradcam_sample_387.png,.png,127915,2025-10-09T16:18:53+08:00,temp_result/1D+percentage_Label,image,Grad-CAM/attention visualization
temp_result/1D+percentage_Label/样本权重+非对称损失/output/image_translation/array_03/results/final_analysis_plots/gradcam_sample_388.png,gradcam_sample_388.png,.png,117942,2025-10-09T16:18:53+08:00,temp_result/1D+percentage_Label,image,Grad-CAM/attention visualization
temp_result/1D+percentage_Label/样本权重+非对称损失/output/image_translation/array_03/results/final_analysis_plots/gradcam_sample_389.png,gradcam_sample_389.png,.png,113090,2025-10-09T16:18:53+08:00,temp_result/1D+percentage_Label,image,Grad-CAM/attention visualization
temp_result/1D+percentage_Label/样本权重+非对称损失/output/image_translation/array_03/results/final_analysis_plots/gradcam_sample_420.png,gradcam_sample_420.png,.png,114659,2025-10-09T16:18:53+08:00,temp_result/1D+percentage_Label,image,Grad-CAM/attention visualization
temp_result/1D+percentage_Label/样本权重+非对称损失/output/image_translation/array_03/results/final_analysis_plots/gradcam_sample_428.png,gradcam_sample_428.png,.png,115285,2025-10-09T16:18:53+08:00,temp_result/1D+percentage_Label,image,Grad-CAM/attention visualization
temp_result/1D+percentage_Label/样本权重+非对称损失/output/image_translation/array_03/results/final_analysis_plots/gradcam_sample_429.png,gradcam_sample_429.png,.png,115345,2025-10-09T16:18:53+08:00,temp_result/1D+percentage_Label,image,Grad-CAM/attention visualization
temp_result/1D+percentage_Label/样本权重+非对称损失/output/image_translation/array_03/results/final_analysis_plots/gradcam_sample_885.png,gradcam_sample_885.png,.png,106849,2025-10-09T16:18:54+08:00,temp_result/1D+percentage_Label,image,Grad-CAM/attention visualization
temp_result/1D+percentage_Label/样本权重+非对称损失/output/image_translation/array_03/results/final_analysis_plots/gradcam_sample_893.png,gradcam_sample_893.png,.png,114378,2025-10-09T16:18:54+08:00,temp_result/1D+percentage_Label,image,Grad-CAM/attention visualization
temp_result/1D+percentage_Label/样本权重+非对称损失/output/image_translation/array_03/results/final_analysis_plots/gradcam_sample_894.png,gradcam_sample_894.png,.png,114893,2025-10-09T16:18:53+08:00,temp_result/1D+percentage_Label,image,Grad-CAM/attention visualization
temp_result/1D+percentage_Label/样本权重+非对称损失/output/image_translation/array_03/results/weighted_model_analysis_plots/_error_distribution_by_category_weighted.png,_error_distribution_by_category_weighted.png,.png,89501,2025-10-09T16:18:53+08:00,temp_result/1D+percentage_Label,image,label
temp_result/1D+percentage_Label/样本权重+非对称损失/output/image_translation/array_03/results/weighted_model_analysis_plots/_overall_performance_scatter_weighted.png,_overall_performance_scatter_weighted.png,.png,863237,2025-10-09T16:18:55+08:00,temp_result/1D+percentage_Label,image,performance/metric summary
temp_result/1D+percentage_Label/样本权重+非对称损失/output/image_translation/array_03/results/weighted_model_analysis_plots/gradcam_High_Severity_sample_314.png,gradcam_High_Severity_sample_314.png,.png,126267,2025-10-09T16:18:53+08:00,temp_result/1D+percentage_Label,image,Grad-CAM/attention visualization
temp_result/1D+percentage_Label/样本权重+非对称损失/output/image_translation/array_03/results/weighted_model_analysis_plots/gradcam_High_Severity_sample_450.png,gradcam_High_Severity_sample_450.png,.png,120116,2025-10-09T16:18:53+08:00,temp_result/1D+percentage_Label,image,Grad-CAM/attention visualization
temp_result/1D+percentage_Label/样本权重+非对称损失/output/image_translation/array_03/results/weighted_model_analysis_plots/gradcam_High_Severity_sample_730.png,gradcam_High_Severity_sample_730.png,.png,119630,2025-10-09T16:18:53+08:00,temp_result/1D+percentage_Label,image,Grad-CAM/attention visualization
temp_result/1D+percentage_Label/样本权重+非对称损失/output/image_translation/array_03/results/weighted_model_analysis_plots/gradcam_Low_Severity_sample_1031.png,gradcam_Low_Severity_sample_1031.png,.png,94671,2025-10-09T16:18:54+08:00,temp_result/1D+percentage_Label,image,Grad-CAM/attention visualization
temp_result/1D+percentage_Label/样本权重+非对称损失/output/image_translation/array_03/results/weighted_model_analysis_plots/gradcam_Low_Severity_sample_1329.png,gradcam_Low_Severity_sample_1329.png,.png,91937,2025-10-09T16:18:54+08:00,temp_result/1D+percentage_Label,image,Grad-CAM/attention visualization
temp_result/1D+percentage_Label/样本权重+非对称损失/output/image_translation/array_03/results/weighted_model_analysis_plots/gradcam_Low_Severity_sample_192.png,gradcam_Low_Severity_sample_192.png,.png,116836,2025-10-09T16:18:54+08:00,temp_result/1D+percentage_Label,image,Grad-CAM/attention visualization
temp_result/1D+percentage_Label/样本权重+非对称损失/output/image_translation/array_03/results/weighted_model_analysis_plots/gradcam_Medium_Severity_sample_1127.png,gradcam_Medium_Severity_sample_1127.png,.png,90019,2025-10-09T16:18:54+08:00,temp_result/1D+percentage_Label,image,Grad-CAM/attention visualization
temp_result/1D+percentage_Label/样本权重+非对称损失/output/image_translation/array_03/results/weighted_model_analysis_plots/gradcam_Medium_Severity_sample_1594.png,gradcam_Medium_Severity_sample_1594.png,.png,98400,2025-10-09T16:18:54+08:00,temp_result/1D+percentage_Label,image,Grad-CAM/attention visualization
temp_result/1D+percentage_Label/样本权重+非对称损失/output/image_translation/array_03/results/weighted_model_analysis_plots/gradcam_Medium_Severity_sample_2776.png,gradcam_Medium_Severity_sample_2776.png,.png,126642,2025-10-09T16:18:54+08:00,temp_result/1D+percentage_Label,image,Grad-CAM/attention visualization
temp_result/1D+percentage_Label/样本权重+非对称损失/output/image_translation/array_03/results/weighted_model_analysis_plots/gradcam_Negligible_sample_2147.png,gradcam_Negligible_sample_2147.png,.png,89728,2025-10-09T16:18:54+08:00,temp_result/1D+percentage_Label,image,Grad-CAM/attention visualization
temp_result/1D+percentage_Label/样本权重+非对称损失/output/image_translation/array_03/results/weighted_model_analysis_plots/gradcam_Negligible_sample_2463.png,gradcam_Negligible_sample_2463.png,.png,91563,2025-10-09T16:18:54+08:00,temp_result/1D+percentage_Label,image,Grad-CAM/attention visualization
temp_result/1D+percentage_Label/样本权重+非对称损失/output/image_translation/array_03/results/weighted_model_analysis_plots/gradcam_Negligible_sample_33.png,gradcam_Negligible_sample_33.png,.png,94593,2025-10-09T16:18:54+08:00,temp_result/1D+percentage_Label,image,Grad-CAM/attention visualization
temp_result/1D+percentage_Label/样本权重+非对称损失/output/visualization_plots/05_training_history_regression.png,05_training_history_regression.png,.png,100745,2025-10-09T16:18:52+08:00,temp_result/1D+percentage_Label,image,training history
temp_result/1D+percentage_Label/样本权重+非对称损失/output/visualization_plots/06_profile_label_generation.png,06_profile_label_generation.png,.png,109810,2025-10-09T16:18:52+08:00,temp_result/1D+percentage_Label,image,label construction visualization
temp_result/1D+percentage_Label/样本权重+非对称损失/result.txt,result.txt,.txt,12,2025-10-09T16:22:26+08:00,temp_result/1D+percentage_Label,markdown_memo,label
temp_result/GaN+2Dlabel/output/image_translation/array_03/logs/train/events.out.tfevents.1758782241.ubuntusrv.22102.0.v2,events.out.tfevents.1758782241.ubuntusrv.22102.0.v2,.v2,7925,2025-09-26T14:25:27+08:00,temp_result/GaN+2Dlabel,tensorboard_log,label
temp_result/GaN+2Dlabel/output/image_translation/array_03/logs/train/events.out.tfevents.1758782488.ubuntusrv.3728.0.v2,events.out.tfevents.1758782488.ubuntusrv.3728.0.v2,.v2,7925,2025-09-26T14:25:27+08:00,temp_result/GaN+2Dlabel,tensorboard_log,label
temp_result/GaN+2Dlabel/output/image_translation/array_03/logs/train/events.out.tfevents.1758782660.ubuntusrv.39349.0.v2,events.out.tfevents.1758782660.ubuntusrv.39349.0.v2,.v2,137431,2025-09-26T14:25:27+08:00,temp_result/GaN+2Dlabel,tensorboard_log,label
temp_result/GaN+2Dlabel/output/image_translation/array_03/logs/training_history.pkl,training_history.pkl,.pkl,5162,2025-09-26T14:25:27+08:00,temp_result/GaN+2Dlabel,tensorboard_log,training history
temp_result/GaN+2Dlabel/output/image_translation/array_03/logs/validation/events.out.tfevents.1758782669.ubuntusrv.39349.1.v2,events.out.tfevents.1758782669.ubuntusrv.39349.1.v2,.v2,34144,2025-09-26T14:25:27+08:00,temp_result/GaN+2Dlabel,tensorboard_log,label
temp_result/GaN+2Dlabel/output/image_translation/array_03/models/best_a2inet_model.h5,best_a2inet_model.h5,.h5,1978472,2025-09-26T14:25:28+08:00,temp_result/GaN+2Dlabel,model_checkpoint,model weight/checkpoint metadata only
temp_result/GaN+2Dlabel/output/image_translation/array_03/models/checkpoint,checkpoint,,69,2025-09-26T14:25:27+08:00,temp_result/GaN+2Dlabel,unknown,label
temp_result/GaN+2Dlabel/output/image_translation/array_03/models/ckpt-1.data-00000-of-00001,ckpt-1.data-00000-of-00001,.data-00000-of-00001,13411143,2025-09-26T14:25:35+08:00,temp_result/GaN+2Dlabel,model_checkpoint,model weight/checkpoint metadata only
temp_result/GaN+2Dlabel/output/image_translation/array_03/models/ckpt-1.index,ckpt-1.index,.index,17380,2025-09-26T14:25:27+08:00,temp_result/GaN+2Dlabel,model_checkpoint,model weight/checkpoint metadata only
temp_result/GaN+2Dlabel/output/image_translation/array_03/models/ckpt-2.data-00000-of-00001,ckpt-2.data-00000-of-00001,.data-00000-of-00001,13411143,2025-09-26T14:25:35+08:00,temp_result/GaN+2Dlabel,model_checkpoint,model weight/checkpoint metadata only
temp_result/GaN+2Dlabel/output/image_translation/array_03/models/ckpt-2.index,ckpt-2.index,.index,17380,2025-09-26T14:25:27+08:00,temp_result/GaN+2Dlabel,model_checkpoint,model weight/checkpoint metadata only
temp_result/GaN+2Dlabel/output/image_translation/array_03/models/ckpt-3.data-00000-of-00001,ckpt-3.data-00000-of-00001,.data-00000-of-00001,13411143,2025-09-26T14:25:35+08:00,temp_result/GaN+2Dlabel,model_checkpoint,model weight/checkpoint metadata only
temp_result/GaN+2Dlabel/output/image_translation/array_03/models/ckpt-3.index,ckpt-3.index,.index,17380,2025-09-26T14:25:27+08:00,temp_result/GaN+2Dlabel,model_checkpoint,model weight/checkpoint metadata only
temp_result/GaN+2Dlabel/output/image_translation/array_03/models/ckpt-4.data-00000-of-00001,ckpt-4.data-00000-of-00001,.data-00000-of-00001,13411143,2025-09-26T14:25:35+08:00,temp_result/GaN+2Dlabel,model_checkpoint,model weight/checkpoint metadata only
temp_result/GaN+2Dlabel/output/image_translation/array_03/models/ckpt-4.index,ckpt-4.index,.index,17380,2025-09-26T14:25:27+08:00,temp_result/GaN+2Dlabel,model_checkpoint,model weight/checkpoint metadata only
temp_result/GaN+2Dlabel/output/image_translation/array_03/models/ckpt-5.data-00000-of-00001,ckpt-5.data-00000-of-00001,.data-00000-of-00001,13411143,2025-09-26T14:25:35+08:00,temp_result/GaN+2Dlabel,model_checkpoint,model weight/checkpoint metadata only
temp_result/GaN+2Dlabel/output/image_translation/array_03/models/ckpt-5.index,ckpt-5.index,.index,17380,2025-09-26T14:25:27+08:00,temp_result/GaN+2Dlabel,model_checkpoint,model weight/checkpoint metadata only
temp_result/GaN+2Dlabel/output/image_translation/array_03/results/classification_analysis_plots/sample_0_mask_comparison.png,sample_0_mask_comparison.png,.png,61260,2025-09-26T14:25:27+08:00,temp_result/GaN+2Dlabel,image,prediction-vs-ground-truth figure
temp_result/GaN+2Dlabel/output/image_translation/array_03/results/classification_analysis_plots/sample_1_mask_comparison.png,sample_1_mask_comparison.png,.png,60846,2025-09-26T14:25:27+08:00,temp_result/GaN+2Dlabel,image,prediction-vs-ground-truth figure
temp_result/GaN+2Dlabel/output/image_translation/array_03/results/classification_analysis_plots/sample_2_mask_comparison.png,sample_2_mask_comparison.png,.png,61264,2025-09-26T14:25:27+08:00,temp_result/GaN+2Dlabel,image,prediction-vs-ground-truth figure
temp_result/GaN+2Dlabel/output/image_translation/array_03/results/classification_analysis_plots/sample_3_mask_comparison.png,sample_3_mask_comparison.png,.png,61354,2025-09-26T14:25:27+08:00,temp_result/GaN+2Dlabel,image,prediction-vs-ground-truth figure
temp_result/GaN+2Dlabel/output/image_translation/array_03/results/classification_analysis_plots/sample_4_mask_comparison.png,sample_4_mask_comparison.png,.png,61044,2025-09-26T14:25:27+08:00,temp_result/GaN+2Dlabel,image,prediction-vs-ground-truth figure
temp_result/GaN+2Dlabel/output/image_translation/array_03/results/classification_analysis_plots/sample_5_mask_comparison.png,sample_5_mask_comparison.png,.png,61146,2025-09-26T14:25:27+08:00,temp_result/GaN+2Dlabel,image,prediction-vs-ground-truth figure
temp_result/GaN+2Dlabel/output/image_translation/array_03/results/classification_analysis_plots/sample_6_mask_comparison.png,sample_6_mask_comparison.png,.png,61415,2025-09-26T14:25:27+08:00,temp_result/GaN+2Dlabel,image,prediction-vs-ground-truth figure
temp_result/GaN+2Dlabel/output/image_translation/array_03/results/classification_analysis_plots/sample_7_mask_comparison.png,sample_7_mask_comparison.png,.png,60973,2025-09-26T14:25:27+08:00,temp_result/GaN+2Dlabel,image,prediction-vs-ground-truth figure
temp_result/GaN+2Dlabel/output/image_translation/array_03/results/classification_analysis_plots/sample_8_mask_comparison.png,sample_8_mask_comparison.png,.png,61503,2025-09-26T14:25:27+08:00,temp_result/GaN+2Dlabel,image,prediction-vs-ground-truth figure
temp_result/GaN+2Dlabel/output/image_translation/array_03/results/classification_analysis_plots/sample_9_mask_comparison.png,sample_9_mask_comparison.png,.png,61494,2025-09-26T14:25:27+08:00,temp_result/GaN+2Dlabel,image,prediction-vs-ground-truth figure
temp_result/GaN+2Dlabel/output/visualization_plots/04_training_history.png,04_training_history.png,.png,111579,2025-09-26T14:25:26+08:00,temp_result/GaN+2Dlabel,image,training history
temp_result/GaN+2Dlabel/output/visualization_plots/150_01_raw_waveform.png,150_01_raw_waveform.png,.png,52224,2025-09-26T14:25:26+08:00,temp_result/GaN+2Dlabel,image,label
temp_result/GaN+2Dlabel/output/visualization_plots/150_02_cwt_result.png,150_02_cwt_result.png,.png,105705,2025-09-26T14:25:26+08:00,temp_result/GaN+2Dlabel,image,CWT/scalogram evidence
temp_result/GaN+2Dlabel/output/visualization_plots/150_03_label_generation.png,150_03_label_generation.png,.png,105000,2025-09-26T14:25:26+08:00,temp_result/GaN+2Dlabel,image,label construction visualization
temp_result/GaN+2Dlabel/output/visualization_plots/150_04_final_label_image.png,150_04_final_label_image.png,.png,45022,2025-09-26T14:25:26+08:00,temp_result/GaN+2Dlabel,image,label construction visualization
temp_result/GaN+2Dlabel/output/visualization_plots/2500_01_raw_waveform.png,2500_01_raw_waveform.png,.png,58346,2025-09-26T14:25:26+08:00,temp_result/GaN+2Dlabel,image,label
temp_result/GaN+2Dlabel/output/visualization_plots/2500_02_cwt_result.png,2500_02_cwt_result.png,.png,105944,2025-09-26T14:25:26+08:00,temp_result/GaN+2Dlabel,image,CWT/scalogram evidence
temp_result/GaN+2Dlabel/output/visualization_plots/2500_03_label_generation.png,2500_03_label_generation.png,.png,111437,2025-09-26T14:25:26+08:00,temp_result/GaN+2Dlabel,image,label construction visualization
temp_result/GaN+2Dlabel/output/visualization_plots/2500_04_final_label_image.png,2500_04_final_label_image.png,.png,47199,2025-09-26T14:25:26+08:00,temp_result/GaN+2Dlabel,image,label construction visualization
temp_result/GaN+2Dlabel/result.txt.txt,result.txt.txt,.txt,1298,2025-09-26T12:58:45+08:00,temp_result/GaN+2Dlabel,markdown_memo,label
temp_result/baseline/results/analysis_plots_with_gradcam/sample_0_input_and_gradcam.png,sample_0_input_and_gradcam.png,.png,157681,2025-09-18T10:31:42+08:00,temp_result/baseline,image,Grad-CAM/attention visualization
temp_result/baseline/results/analysis_plots_with_gradcam/sample_0_truth_vs_prediction.png,sample_0_truth_vs_prediction.png,.png,82886,2025-09-18T10:31:42+08:00,temp_result/baseline,image,Grad-CAM/attention visualization; prediction-vs-ground-truth figure
temp_result/baseline/results/analysis_plots_with_gradcam/sample_1_input_and_gradcam.png,sample_1_input_and_gradcam.png,.png,162925,2025-09-18T10:31:42+08:00,temp_result/baseline,image,Grad-CAM/attention visualization
temp_result/baseline/results/analysis_plots_with_gradcam/sample_1_truth_vs_prediction.png,sample_1_truth_vs_prediction.png,.png,85947,2025-09-18T10:31:42+08:00,temp_result/baseline,image,Grad-CAM/attention visualization; prediction-vs-ground-truth figure
temp_result/baseline/results/analysis_plots_with_gradcam/sample_2_input_and_gradcam.png,sample_2_input_and_gradcam.png,.png,165253,2025-09-18T10:31:42+08:00,temp_result/baseline,image,Grad-CAM/attention visualization
temp_result/baseline/results/analysis_plots_with_gradcam/sample_2_truth_vs_prediction.png,sample_2_truth_vs_prediction.png,.png,86403,2025-09-18T10:31:42+08:00,temp_result/baseline,image,Grad-CAM/attention visualization; prediction-vs-ground-truth figure
temp_result/baseline/results/analysis_plots_with_gradcam/sample_3_input_and_gradcam.png,sample_3_input_and_gradcam.png,.png,157994,2025-09-18T10:31:42+08:00,temp_result/baseline,image,Grad-CAM/attention visualization
temp_result/baseline/results/analysis_plots_with_gradcam/sample_3_truth_vs_prediction.png,sample_3_truth_vs_prediction.png,.png,85262,2025-09-18T10:31:42+08:00,temp_result/baseline,image,Grad-CAM/attention visualization; prediction-vs-ground-truth figure
temp_result/baseline/results/analysis_plots_with_gradcam/sample_4_input_and_gradcam.png,sample_4_input_and_gradcam.png,.png,171737,2025-09-18T10:31:42+08:00,temp_result/baseline,image,Grad-CAM/attention visualization
temp_result/baseline/results/analysis_plots_with_gradcam/sample_4_truth_vs_prediction.png,sample_4_truth_vs_prediction.png,.png,86700,2025-09-18T10:31:42+08:00,temp_result/baseline,image,Grad-CAM/attention visualization; prediction-vs-ground-truth figure
temp_result/baseline/results/analysis_plots_with_gradcam/sample_5_input_and_gradcam.png,sample_5_input_and_gradcam.png,.png,169316,2025-09-18T10:31:42+08:00,temp_result/baseline,image,Grad-CAM/attention visualization
temp_result/baseline/results/analysis_plots_with_gradcam/sample_5_truth_vs_prediction.png,sample_5_truth_vs_prediction.png,.png,84914,2025-09-18T10:31:42+08:00,temp_result/baseline,image,Grad-CAM/attention visualization; prediction-vs-ground-truth figure
temp_result/baseline/results/analysis_plots_with_gradcam/sample_6_input_and_gradcam.png,sample_6_input_and_gradcam.png,.png,161807,2025-09-18T10:31:42+08:00,temp_result/baseline,image,Grad-CAM/attention visualization
temp_result/baseline/results/analysis_plots_with_gradcam/sample_6_truth_vs_prediction.png,sample_6_truth_vs_prediction.png,.png,86173,2025-09-18T10:31:42+08:00,temp_result/baseline,image,Grad-CAM/attention visualization; prediction-vs-ground-truth figure
temp_result/baseline/results/analysis_plots_with_gradcam/sample_7_input_and_gradcam.png,sample_7_input_and_gradcam.png,.png,153541,2025-09-18T10:31:42+08:00,temp_result/baseline,image,Grad-CAM/attention visualization
temp_result/baseline/results/analysis_plots_with_gradcam/sample_7_truth_vs_prediction.png,sample_7_truth_vs_prediction.png,.png,81014,2025-09-18T10:31:42+08:00,temp_result/baseline,image,Grad-CAM/attention visualization; prediction-vs-ground-truth figure
temp_result/baseline/results/analysis_plots_with_gradcam/sample_8_input_and_gradcam.png,sample_8_input_and_gradcam.png,.png,161438,2025-09-18T10:31:42+08:00,temp_result/baseline,image,Grad-CAM/attention visualization
temp_result/baseline/results/analysis_plots_with_gradcam/sample_8_truth_vs_prediction.png,sample_8_truth_vs_prediction.png,.png,82470,2025-09-18T10:31:42+08:00,temp_result/baseline,image,Grad-CAM/attention visualization; prediction-vs-ground-truth figure
temp_result/baseline/results/analysis_plots_with_gradcam/sample_9_input_and_gradcam.png,sample_9_input_and_gradcam.png,.png,152682,2025-09-18T10:31:42+08:00,temp_result/baseline,image,Grad-CAM/attention visualization
temp_result/baseline/results/analysis_plots_with_gradcam/sample_9_truth_vs_prediction.png,sample_9_truth_vs_prediction.png,.png,87114,2025-09-18T10:31:42+08:00,temp_result/baseline,image,Grad-CAM/attention visualization; prediction-vs-ground-truth figure
temp_result/baseline/results/debug_plots/debug_cwt_array.png,debug_cwt_array.png,.png,33278,2025-09-18T10:31:42+08:00,temp_result/baseline,image,CWT/scalogram evidence
temp_result/baseline/results/debug_plots/debug_heatmap_array.png,debug_heatmap_array.png,.png,27071,2025-09-18T10:31:42+08:00,temp_result/baseline,image,baseline
temp_result/baseline/visualization_plots/01_filtering_effect.png,01_filtering_effect.png,.png,84914,2025-09-18T10:32:11+08:00,temp_result/baseline,image,baseline
temp_result/baseline/visualization_plots/02_cwt_result.png,02_cwt_result.png,.png,144937,2025-09-18T10:32:11+08:00,temp_result/baseline,image,CWT/scalogram evidence
temp_result/baseline/visualization_plots/03_label_generation.png,03_label_generation.png,.png,158270,2025-09-18T10:32:11+08:00,temp_result/baseline,image,label construction visualization
temp_result/baseline/visualization_plots/04_training_history.png,04_training_history.png,.png,73324,2025-09-18T10:32:11+08:00,temp_result/baseline,image,training history
temp_result/frequency-weighted_loss/output/image_translation/array_03/logs/train/events.out.tfevents.1758606614.ubuntusrv.23174.0.v2,events.out.tfevents.1758606614.ubuntusrv.23174.0.v2,.v2,7029382,2025-09-23T15:14:06+08:00,temp_result/frequency-weighted_loss,tensorboard_log,metadata only
temp_result/frequency-weighted_loss/output/image_translation/array_03/logs/training_history.pkl,training_history.pkl,.pkl,4087,2025-09-23T15:14:04+08:00,temp_result/frequency-weighted_loss,tensorboard_log,training history
temp_result/frequency-weighted_loss/output/image_translation/array_03/logs/validation/events.out.tfevents.1758606635.ubuntusrv.23174.1.v2,events.out.tfevents.1758606635.ubuntusrv.23174.1.v2,.v2,23894,2025-09-23T15:14:04+08:00,temp_result/frequency-weighted_loss,tensorboard_log,metadata only
temp_result/frequency-weighted_loss/output/image_translation/array_03/models/best_a2inet_model.h5,best_a2inet_model.h5,.h5,5926808,2025-09-23T15:14:06+08:00,temp_result/frequency-weighted_loss,model_checkpoint,model weight/checkpoint metadata only
temp_result/frequency-weighted_loss/output/image_translation/array_03/results/analysis_plots_with_gradcam/sample_0_input_and_gradcam.png,sample_0_input_and_gradcam.png,.png,208299,2025-09-23T15:14:04+08:00,temp_result/frequency-weighted_loss,image,Grad-CAM/attention visualization
temp_result/frequency-weighted_loss/output/image_translation/array_03/results/analysis_plots_with_gradcam/sample_0_truth_vs_prediction.png,sample_0_truth_vs_prediction.png,.png,82737,2025-09-23T15:14:04+08:00,temp_result/frequency-weighted_loss,image,Grad-CAM/attention visualization; prediction-vs-ground-truth figure
temp_result/frequency-weighted_loss/output/image_translation/array_03/results/analysis_plots_with_gradcam/sample_1_input_and_gradcam.png,sample_1_input_and_gradcam.png,.png,191735,2025-09-23T15:14:04+08:00,temp_result/frequency-weighted_loss,image,Grad-CAM/attention visualization
temp_result/frequency-weighted_loss/output/image_translation/array_03/results/analysis_plots_with_gradcam/sample_1_truth_vs_prediction.png,sample_1_truth_vs_prediction.png,.png,83308,2025-09-23T15:14:04+08:00,temp_result/frequency-weighted_loss,image,Grad-CAM/attention visualization; prediction-vs-ground-truth figure
temp_result/frequency-weighted_loss/output/image_translation/array_03/results/analysis_plots_with_gradcam/sample_2_input_and_gradcam.png,sample_2_input_and_gradcam.png,.png,194497,2025-09-23T15:14:04+08:00,temp_result/frequency-weighted_loss,image,Grad-CAM/attention visualization
temp_result/frequency-weighted_loss/output/image_translation/array_03/results/analysis_plots_with_gradcam/sample_2_truth_vs_prediction.png,sample_2_truth_vs_prediction.png,.png,82904,2025-09-23T15:14:04+08:00,temp_result/frequency-weighted_loss,image,Grad-CAM/attention visualization; prediction-vs-ground-truth figure
temp_result/frequency-weighted_loss/output/image_translation/array_03/results/analysis_plots_with_gradcam/sample_3_input_and_gradcam.png,sample_3_input_and_gradcam.png,.png,211994,2025-09-23T15:14:04+08:00,temp_result/frequency-weighted_loss,image,Grad-CAM/attention visualization
temp_result/frequency-weighted_loss/output/image_translation/array_03/results/analysis_plots_with_gradcam/sample_3_truth_vs_prediction.png,sample_3_truth_vs_prediction.png,.png,83973,2025-09-23T15:14:04+08:00,temp_result/frequency-weighted_loss,image,Grad-CAM/attention visualization; prediction-vs-ground-truth figure
temp_result/frequency-weighted_loss/output/image_translation/array_03/results/analysis_plots_with_gradcam/sample_4_input_and_gradcam.png,sample_4_input_and_gradcam.png,.png,241514,2025-09-23T15:14:04+08:00,temp_result/frequency-weighted_loss,image,Grad-CAM/attention visualization
temp_result/frequency-weighted_loss/output/image_translation/array_03/results/analysis_plots_with_gradcam/sample_4_truth_vs_prediction.png,sample_4_truth_vs_prediction.png,.png,82658,2025-09-23T15:14:04+08:00,temp_result/frequency-weighted_loss,image,Grad-CAM/attention visualization; prediction-vs-ground-truth figure
temp_result/frequency-weighted_loss/output/image_translation/array_03/results/analysis_plots_with_gradcam/sample_5_input_and_gradcam.png,sample_5_input_and_gradcam.png,.png,196472,2025-09-23T15:14:04+08:00,temp_result/frequency-weighted_loss,image,Grad-CAM/attention visualization
temp_result/frequency-weighted_loss/output/image_translation/array_03/results/analysis_plots_with_gradcam/sample_5_truth_vs_prediction.png,sample_5_truth_vs_prediction.png,.png,82667,2025-09-23T15:14:04+08:00,temp_result/frequency-weighted_loss,image,Grad-CAM/attention visualization; prediction-vs-ground-truth figure
temp_result/frequency-weighted_loss/output/image_translation/array_03/results/analysis_plots_with_gradcam/sample_6_input_and_gradcam.png,sample_6_input_and_gradcam.png,.png,195224,2025-09-23T15:14:04+08:00,temp_result/frequency-weighted_loss,image,Grad-CAM/attention visualization
temp_result/frequency-weighted_loss/output/image_translation/array_03/results/analysis_plots_with_gradcam/sample_6_truth_vs_prediction.png,sample_6_truth_vs_prediction.png,.png,83508,2025-09-23T15:14:04+08:00,temp_result/frequency-weighted_loss,image,Grad-CAM/attention visualization; prediction-vs-ground-truth figure
temp_result/frequency-weighted_loss/output/image_translation/array_03/results/analysis_plots_with_gradcam/sample_7_input_and_gradcam.png,sample_7_input_and_gradcam.png,.png,208293,2025-09-23T15:14:04+08:00,temp_result/frequency-weighted_loss,image,Grad-CAM/attention visualization
temp_result/frequency-weighted_loss/output/image_translation/array_03/results/analysis_plots_with_gradcam/sample_7_truth_vs_prediction.png,sample_7_truth_vs_prediction.png,.png,82558,2025-09-23T15:14:04+08:00,temp_result/frequency-weighted_loss,image,Grad-CAM/attention visualization; prediction-vs-ground-truth figure
temp_result/frequency-weighted_loss/output/image_translation/array_03/results/analysis_plots_with_gradcam/sample_8_input_and_gradcam.png,sample_8_input_and_gradcam.png,.png,204019,2025-09-23T15:14:04+08:00,temp_result/frequency-weighted_loss,image,Grad-CAM/attention visualization
temp_result/frequency-weighted_loss/output/image_translation/array_03/results/analysis_plots_with_gradcam/sample_8_truth_vs_prediction.png,sample_8_truth_vs_prediction.png,.png,83696,2025-09-23T15:14:04+08:00,temp_result/frequency-weighted_loss,image,Grad-CAM/attention visualization; prediction-vs-ground-truth figure
temp_result/frequency-weighted_loss/output/image_translation/array_03/results/analysis_plots_with_gradcam/sample_9_input_and_gradcam.png,sample_9_input_and_gradcam.png,.png,214966,2025-09-23T15:14:04+08:00,temp_result/frequency-weighted_loss,image,Grad-CAM/attention visualization
temp_result/frequency-weighted_loss/output/image_translation/array_03/results/analysis_plots_with_gradcam/sample_9_truth_vs_prediction.png,sample_9_truth_vs_prediction.png,.png,83099,2025-09-23T15:14:04+08:00,temp_result/frequency-weighted_loss,image,Grad-CAM/attention visualization; prediction-vs-ground-truth figure
temp_result/log_label/output/image_translation/array_03/logs/train/events.out.tfevents.1758164276.ubuntusrv.24064.0.v2,events.out.tfevents.1758164276.ubuntusrv.24064.0.v2,.v2,9406009,2025-09-23T11:19:31+08:00,temp_result/log_label,tensorboard_log,label
temp_result/log_label/output/image_translation/array_03/logs/training_history.pkl,training_history.pkl,.pkl,5768,2025-09-23T11:19:29+08:00,temp_result/log_label,tensorboard_log,training history
temp_result/log_label/output/image_translation/array_03/logs/validation/events.out.tfevents.1758164306.ubuntusrv.24064.1.v2,events.out.tfevents.1758164306.ubuntusrv.24064.1.v2,.v2,31024,2025-09-23T11:19:29+08:00,temp_result/log_label,tensorboard_log,label
temp_result/log_label/output/image_translation/array_03/models/best_a2inet_model.h5,best_a2inet_model.h5,.h5,5894152,2025-09-23T11:19:31+08:00,temp_result/log_label,model_checkpoint,model weight/checkpoint metadata only
temp_result/log_label/output/image_translation/array_03/results/analysis_plots_with_gradcam/sample_0_input_and_gradcam.png,sample_0_input_and_gradcam.png,.png,169951,2025-09-23T11:19:29+08:00,temp_result/log_label,image,Grad-CAM/attention visualization
temp_result/log_label/output/image_translation/array_03/results/analysis_plots_with_gradcam/sample_0_truth_vs_prediction.png,sample_0_truth_vs_prediction.png,.png,73051,2025-09-23T11:19:29+08:00,temp_result/log_label,image,Grad-CAM/attention visualization; prediction-vs-ground-truth figure
temp_result/log_label/output/image_translation/array_03/results/analysis_plots_with_gradcam/sample_1_input_and_gradcam.png,sample_1_input_and_gradcam.png,.png,175693,2025-09-23T11:19:29+08:00,temp_result/log_label,image,Grad-CAM/attention visualization
temp_result/log_label/output/image_translation/array_03/results/analysis_plots_with_gradcam/sample_1_truth_vs_prediction.png,sample_1_truth_vs_prediction.png,.png,72749,2025-09-23T11:19:29+08:00,temp_result/log_label,image,Grad-CAM/attention visualization; prediction-vs-ground-truth figure
temp_result/log_label/output/image_translation/array_03/results/analysis_plots_with_gradcam/sample_2_input_and_gradcam.png,sample_2_input_and_gradcam.png,.png,169655,2025-09-23T11:19:29+08:00,temp_result/log_label,image,Grad-CAM/attention visualization
temp_result/log_label/output/image_translation/array_03/results/analysis_plots_with_gradcam/sample_2_truth_vs_prediction.png,sample_2_truth_vs_prediction.png,.png,73576,2025-09-23T11:19:29+08:00,temp_result/log_label,image,Grad-CAM/attention visualization; prediction-vs-ground-truth figure
temp_result/log_label/output/image_translation/array_03/results/analysis_plots_with_gradcam/sample_3_input_and_gradcam.png,sample_3_input_and_gradcam.png,.png,173529,2025-09-23T11:19:29+08:00,temp_result/log_label,image,Grad-CAM/attention visualization
temp_result/log_label/output/image_translation/array_03/results/analysis_plots_with_gradcam/sample_3_truth_vs_prediction.png,sample_3_truth_vs_prediction.png,.png,73438,2025-09-23T11:19:29+08:00,temp_result/log_label,image,Grad-CAM/attention visualization; prediction-vs-ground-truth figure
temp_result/log_label/output/image_translation/array_03/results/analysis_plots_with_gradcam/sample_4_input_and_gradcam.png,sample_4_input_and_gradcam.png,.png,183483,2025-09-23T11:19:29+08:00,temp_result/log_label,image,Grad-CAM/attention visualization
temp_result/log_label/output/image_translation/array_03/results/analysis_plots_with_gradcam/sample_4_truth_vs_prediction.png,sample_4_truth_vs_prediction.png,.png,73096,2025-09-23T11:19:29+08:00,temp_result/log_label,image,Grad-CAM/attention visualization; prediction-vs-ground-truth figure
temp_result/log_label/output/image_translation/array_03/results/analysis_plots_with_gradcam/sample_5_input_and_gradcam.png,sample_5_input_and_gradcam.png,.png,173658,2025-09-23T11:19:29+08:00,temp_result/log_label,image,Grad-CAM/attention visualization
temp_result/log_label/output/image_translation/array_03/results/analysis_plots_with_gradcam/sample_5_truth_vs_prediction.png,sample_5_truth_vs_prediction.png,.png,73470,2025-09-23T11:19:29+08:00,temp_result/log_label,image,Grad-CAM/attention visualization; prediction-vs-ground-truth figure
temp_result/log_label/output/image_translation/array_03/results/analysis_plots_with_gradcam/sample_6_input_and_gradcam.png,sample_6_input_and_gradcam.png,.png,170712,2025-09-23T11:19:29+08:00,temp_result/log_label,image,Grad-CAM/attention visualization
temp_result/log_label/output/image_translation/array_03/results/analysis_plots_with_gradcam/sample_6_truth_vs_prediction.png,sample_6_truth_vs_prediction.png,.png,73714,2025-09-23T11:19:29+08:00,temp_result/log_label,image,Grad-CAM/attention visualization; prediction-vs-ground-truth figure
temp_result/log_label/output/image_translation/array_03/results/analysis_plots_with_gradcam/sample_7_input_and_gradcam.png,sample_7_input_and_gradcam.png,.png,163269,2025-09-23T11:19:29+08:00,temp_result/log_label,image,Grad-CAM/attention visualization
temp_result/log_label/output/image_translation/array_03/results/analysis_plots_with_gradcam/sample_7_truth_vs_prediction.png,sample_7_truth_vs_prediction.png,.png,71077,2025-09-23T11:19:29+08:00,temp_result/log_label,image,Grad-CAM/attention visualization; prediction-vs-ground-truth figure
temp_result/log_label/output/image_translation/array_03/results/analysis_plots_with_gradcam/sample_8_input_and_gradcam.png,sample_8_input_and_gradcam.png,.png,162728,2025-09-23T11:19:29+08:00,temp_result/log_label,image,Grad-CAM/attention visualization
temp_result/log_label/output/image_translation/array_03/results/analysis_plots_with_gradcam/sample_8_truth_vs_prediction.png,sample_8_truth_vs_prediction.png,.png,71719,2025-09-23T11:19:29+08:00,temp_result/log_label,image,Grad-CAM/attention visualization; prediction-vs-ground-truth figure
temp_result/log_label/output/image_translation/array_03/results/analysis_plots_with_gradcam/sample_9_input_and_gradcam.png,sample_9_input_and_gradcam.png,.png,165899,2025-09-23T11:19:29+08:00,temp_result/log_label,image,Grad-CAM/attention visualization
temp_result/log_label/output/image_translation/array_03/results/analysis_plots_with_gradcam/sample_9_truth_vs_prediction.png,sample_9_truth_vs_prediction.png,.png,70016,2025-09-23T11:19:29+08:00,temp_result/log_label,image,Grad-CAM/attention visualization; prediction-vs-ground-truth figure
temp_result/log_label/output/visualization_plots/01_filtering_effect.png,01_filtering_effect.png,.png,84914,2025-09-23T11:19:29+08:00,temp_result/log_label,image,label
temp_result/log_label/output/visualization_plots/02_cwt_result.png,02_cwt_result.png,.png,144916,2025-09-23T11:19:29+08:00,temp_result/log_label,image,CWT/scalogram evidence
temp_result/log_label/output/visualization_plots/03_label_generation.png,03_label_generation.png,.png,168487,2025-09-23T11:19:29+08:00,temp_result/log_label,image,label construction visualization
temp_result/log_label/output/visualization_plots/04_training_history.png,04_training_history.png,.png,65076,2025-09-23T11:19:29+08:00,temp_result/log_label,image,training history
temp_result/test_relativity/output/image_translation/array_03/logs/train/events.out.tfevents.1758782241.ubuntusrv.22102.0.v2,events.out.tfevents.1758782241.ubuntusrv.22102.0.v2,.v2,7925,2025-09-25T17:15:21+08:00,temp_result/test_relativity,tensorboard_log,metadata only
temp_result/test_relativity/output/image_translation/array_03/logs/train/events.out.tfevents.1758782488.ubuntusrv.3728.0.v2,events.out.tfevents.1758782488.ubuntusrv.3728.0.v2,.v2,7925,2025-09-25T17:15:21+08:00,temp_result/test_relativity,tensorboard_log,metadata only
temp_result/test_relativity/output/image_translation/array_03/logs/train/events.out.tfevents.1758782660.ubuntusrv.39349.0.v2,events.out.tfevents.1758782660.ubuntusrv.39349.0.v2,.v2,137431,2025-09-25T17:15:21+08:00,temp_result/test_relativity,tensorboard_log,metadata only
temp_result/test_relativity/output/image_translation/array_03/logs/training_history.pkl,training_history.pkl,.pkl,5162,2025-09-25T17:15:20+08:00,temp_result/test_relativity,tensorboard_log,training history
temp_result/test_relativity/output/image_translation/array_03/logs/validation/events.out.tfevents.1758782669.ubuntusrv.39349.1.v2,events.out.tfevents.1758782669.ubuntusrv.39349.1.v2,.v2,34144,2025-09-25T17:15:21+08:00,temp_result/test_relativity,tensorboard_log,metadata only
temp_result/test_relativity/output/image_translation/array_03/models/best_classifier_model.h5,best_classifier_model.h5,.h5,4795800,2025-09-25T17:15:21+08:00,temp_result/test_relativity,model_checkpoint,model weight/checkpoint metadata only
temp_result/test_relativity/output/image_translation/array_03/results/classification_gradcam_plots/gradcam_sample_0.png,gradcam_sample_0.png,.png,137461,2025-09-25T17:15:21+08:00,temp_result/test_relativity,image,Grad-CAM/attention visualization
temp_result/test_relativity/output/image_translation/array_03/results/classification_gradcam_plots/gradcam_sample_1.png,gradcam_sample_1.png,.png,147015,2025-09-25T17:15:21+08:00,temp_result/test_relativity,image,Grad-CAM/attention visualization
temp_result/test_relativity/output/image_translation/array_03/results/classification_gradcam_plots/gradcam_sample_2.png,gradcam_sample_2.png,.png,136088,2025-09-25T17:15:21+08:00,temp_result/test_relativity,image,Grad-CAM/attention visualization
temp_result/test_relativity/output/image_translation/array_03/results/classification_gradcam_plots/gradcam_sample_3.png,gradcam_sample_3.png,.png,130016,2025-09-25T17:15:21+08:00,temp_result/test_relativity,image,Grad-CAM/attention visualization
temp_result/test_relativity/output/image_translation/array_03/results/classification_gradcam_plots/gradcam_sample_4.png,gradcam_sample_4.png,.png,133262,2025-09-25T17:15:21+08:00,temp_result/test_relativity,image,Grad-CAM/attention visualization
temp_result/test_relativity/output/visualization_plots/150_01_raw_waveform.png,150_01_raw_waveform.png,.png,52225,2025-09-25T17:15:20+08:00,temp_result/test_relativity,image,metadata only
temp_result/test_relativity/output/visualization_plots/150_02_cwt_result.png,150_02_cwt_result.png,.png,145411,2025-09-25T17:15:20+08:00,temp_result/test_relativity,image,CWT/scalogram evidence
temp_result/test_relativity/output/visualization_plots/150_03_label_generation.png,150_03_label_generation.png,.png,105001,2025-09-25T17:15:20+08:00,temp_result/test_relativity,image,label construction visualization
temp_result/test_relativity/output/visualization_plots/150_04_final_label_image.png,150_04_final_label_image.png,.png,45023,2025-09-25T17:15:20+08:00,temp_result/test_relativity,image,label construction visualization
temp_result/test_relativity/output/visualization_plots/2500_01_raw_waveform.png,2500_01_raw_waveform.png,.png,58347,2025-09-25T17:15:20+08:00,temp_result/test_relativity,image,metadata only
temp_result/test_relativity/output/visualization_plots/2500_02_cwt_result.png,2500_02_cwt_result.png,.png,145582,2025-09-25T17:15:20+08:00,temp_result/test_relativity,image,CWT/scalogram evidence
temp_result/test_relativity/output/visualization_plots/2500_03_label_generation.png,2500_03_label_generation.png,.png,111438,2025-09-25T17:15:20+08:00,temp_result/test_relativity,image,label construction visualization
temp_result/test_relativity/output/visualization_plots/2500_04_final_label_image.png,2500_04_final_label_image.png,.png,47200,2025-09-25T17:15:20+08:00,temp_result/test_relativity,image,label construction visualization
temp_result/test_relativity/result.txt.txt,result.txt.txt,.txt,769,2025-09-26T10:04:00+08:00,temp_result/test_relativity,markdown_memo,metadata only
temp_result/改进memo.md,改进memo.md,.md,9233,2025-10-07T17:19:04+08:00,temp_result/改进memo.md,markdown_memo,metadata only
双通道学习/array_03/models/best_model.keras,best_model.keras,.keras,31037136,2025-11-14T14:52:32+08:00,双通道学习,model_checkpoint,model weight/checkpoint metadata only
双通道学习/array_03/plots/class_conditional_attention_analysis.png,class_conditional_attention_analysis.png,.png,622725,2025-11-14T14:52:29+08:00,双通道学习,image,metadata only
双通道学习/array_03/plots/multi_dimension_sample_analysis.png,multi_dimension_sample_analysis.png,.png,2956663,2025-11-14T14:52:29+08:00,双通道学习,image,metadata only
双通道学习/array_03/plots/performance_summary_plots.png,performance_summary_plots.png,.png,653393,2025-11-14T14:52:29+08:00,双通道学习,image,performance/metric summary
双通道学习/array_03/plots/validate_pipeline_01_inclination_check.png,validate_pipeline_01_inclination_check.png,.png,99926,2025-11-14T14:52:29+08:00,双通道学习,image,metadata/eccentricity/inclination evidence
双通道学习/array_03/plots/validate_pipeline_02_CWT_vs_Label.png,validate_pipeline_02_CWT_vs_Label.png,.png,563098,2025-11-14T14:52:29+08:00,双通道学习,image,CWT/scalogram evidence
双通道学习/array_03/plots/validate_pipeline_03_Metadata_vs_Label.png,validate_pipeline_03_Metadata_vs_Label.png,.png,190831,2025-11-14T14:52:29+08:00,双通道学习,image,metadata/eccentricity/inclination evidence
预校正/array_03/models/best_model.keras,best_model.keras,.keras,31003216,2025-11-18T08:48:01+08:00,预校正,model_checkpoint,model weight/checkpoint metadata only
预校正/array_03/plots/class_conditional_attention_analysis.png,class_conditional_attention_analysis.png,.png,632810,2025-11-18T08:47:56+08:00,预校正,image,metadata only
预校正/array_03/plots/multi_dimension_sample_analysis.png,multi_dimension_sample_analysis.png,.png,3017594,2025-11-18T08:47:57+08:00,预校正,image,metadata only
预校正/array_03/plots/performance_summary_plots.png,performance_summary_plots.png,.png,1456978,2025-11-18T08:47:57+08:00,预校正,image,performance/metric summary
