experiment_id,experiment_name,method_family,model,input_feature,target_label,label_transform,split_type,metric_name,metric_value,metric_unit,dataset_split,severity_group,source_path,source_file_type,extraction_method,confidence,thesis_use,notes
EXP-001,Baseline FFT magnitude image translation,baseline,Attention U-Net / A2INet,8-channel CWT time-frequency image,FFT magnitude of CAST Zc slice,none or unknown; memo says no extra high-frequency penalty,split_unknown,image_only_training_history,image_only_needs_manual_read,image_only,unknown,overall,/mnt/c/Users/Administrator/Desktop/Hal/results/temp_result/baseline/visualization_plots/04_training_history.png,image,image_metadata_no_ocr,needs_manual_read,baseline,Image identified as metric/analysis figure; no OCR performed; manually read or redraw before using numeric values; leakage_risk_unknown
EXP-002,FFT log-label image translation,FFT log label,Attention U-Net / A2INet,8-channel CWT time-frequency image,FFT magnitude label,log(1 + magnitude),random_split_depth_leakage_risk,epoch_count,100,epochs,train,overall,/mnt/c/Users/Administrator/Desktop/Hal/results/temp_result/log_label/output/image_translation/array_03/logs/training_history.pkl,pickle_training_history,pickle_training_history_epoch_count,strong,ablation,pkl_sha256_prefix=0297bcddfc8f7d96; random_split_depth_leakage_risk; split_audit=random_split_depth_leakage_risk
EXP-002,FFT log-label image translation,FFT log label,Attention U-Net / A2INet,8-channel CWT time-frequency image,FFT magnitude label,log(1 + magnitude),random_split_depth_leakage_risk,loss,0.144162133336,loss,train,overall,/mnt/c/Users/Administrator/Desktop/Hal/results/temp_result/log_label/output/image_translation/array_03/logs/training_history.pkl,pickle_training_history,pickle_training_history_best,strong,ablation,summary_stat=min; best_epoch=93; history_epochs=100; pkl_sha256_prefix=0297bcddfc8f7d96; random_split_depth_leakage_risk; split_audit=random_split_depth_leakage_risk
EXP-002,FFT log-label image translation,FFT log label,Attention U-Net / A2INet,8-channel CWT time-frequency image,FFT magnitude label,log(1 + magnitude),random_split_depth_leakage_risk,loss_final,0.144502311945,loss,train,overall,/mnt/c/Users/Administrator/Desktop/Hal/results/temp_result/log_label/output/image_translation/array_03/logs/training_history.pkl,pickle_training_history,pickle_training_history_final,strong,ablation,summary_stat=final; final_epoch=100; pkl_sha256_prefix=0297bcddfc8f7d96; random_split_depth_leakage_risk; split_audit=random_split_depth_leakage_risk
EXP-002,FFT log-label image translation,FFT log label,Attention U-Net / A2INet,8-channel CWT time-frequency image,FFT magnitude label,log(1 + magnitude),random_split_depth_leakage_risk,mae,0.115697346628,label_units,train,overall,/mnt/c/Users/Administrator/Desktop/Hal/results/temp_result/log_label/output/image_translation/array_03/logs/training_history.pkl,pickle_training_history,pickle_training_history_best,strong,ablation,summary_stat=min; best_epoch=96; history_epochs=100; pkl_sha256_prefix=0297bcddfc8f7d96; random_split_depth_leakage_risk; split_audit=random_split_depth_leakage_risk
EXP-002,FFT log-label image translation,FFT log label,Attention U-Net / A2INet,8-channel CWT time-frequency image,FFT magnitude label,log(1 + magnitude),random_split_depth_leakage_risk,mae_final,0.115980185568,label_units,train,overall,/mnt/c/Users/Administrator/Desktop/Hal/results/temp_result/log_label/output/image_translation/array_03/logs/training_history.pkl,pickle_training_history,pickle_training_history_final,strong,ablation,summary_stat=final; final_epoch=100; pkl_sha256_prefix=0297bcddfc8f7d96; random_split_depth_leakage_risk; split_audit=random_split_depth_leakage_risk
EXP-002,FFT log-label image translation,FFT log label,Attention U-Net / A2INet,8-channel CWT time-frequency image,FFT magnitude label,log(1 + magnitude),random_split_depth_leakage_risk,val_loss,0.14929908514,loss,validation,overall,/mnt/c/Users/Administrator/Desktop/Hal/results/temp_result/log_label/output/image_translation/array_03/logs/training_history.pkl,pickle_training_history,pickle_training_history_best,strong,ablation,summary_stat=min; best_epoch=97; history_epochs=100; pkl_sha256_prefix=0297bcddfc8f7d96; random_split_depth_leakage_risk; split_audit=random_split_depth_leakage_risk
EXP-002,FFT log-label image translation,FFT log label,Attention U-Net / A2INet,8-channel CWT time-frequency image,FFT magnitude label,log(1 + magnitude),random_split_depth_leakage_risk,val_loss_final,0.151131421328,loss,validation,overall,/mnt/c/Users/Administrator/Desktop/Hal/results/temp_result/log_label/output/image_translation/array_03/logs/training_history.pkl,pickle_training_history,pickle_training_history_final,strong,ablation,summary_stat=final; final_epoch=100; pkl_sha256_prefix=0297bcddfc8f7d96; random_split_depth_leakage_risk; split_audit=random_split_depth_leakage_risk
EXP-002,FFT log-label image translation,FFT log label,Attention U-Net / A2INet,8-channel CWT time-frequency image,FFT magnitude label,log(1 + magnitude),random_split_depth_leakage_risk,val_mae,0.121209867299,label_units,validation,overall,/mnt/c/Users/Administrator/Desktop/Hal/results/temp_result/log_label/output/image_translation/array_03/logs/training_history.pkl,pickle_training_history,pickle_training_history_best,strong,ablation,summary_stat=min; best_epoch=97; history_epochs=100; pkl_sha256_prefix=0297bcddfc8f7d96; random_split_depth_leakage_risk; split_audit=random_split_depth_leakage_risk
EXP-002,FFT log-label image translation,FFT log label,Attention U-Net / A2INet,8-channel CWT time-frequency image,FFT magnitude label,log(1 + magnitude),random_split_depth_leakage_risk,val_mae_final,0.123117499053,label_units,validation,overall,/mnt/c/Users/Administrator/Desktop/Hal/results/temp_result/log_label/output/image_translation/array_03/logs/training_history.pkl,pickle_training_history,pickle_training_history_final,strong,ablation,summary_stat=final; final_epoch=100; pkl_sha256_prefix=0297bcddfc8f7d96; random_split_depth_leakage_risk; split_audit=random_split_depth_leakage_risk
EXP-002,FFT log-label image translation,FFT log label,Attention U-Net / A2INet,8-channel CWT time-frequency image,FFT magnitude label,log(1 + magnitude),random_split_depth_leakage_risk,image_only_training_history,image_only_needs_manual_read,image_only,unknown,overall,/mnt/c/Users/Administrator/Desktop/Hal/results/temp_result/log_label/output/visualization_plots/04_training_history.png,image,image_metadata_no_ocr,needs_manual_read,ablation,Image identified as metric/analysis figure; no OCR performed; manually read or redraw before using numeric values; random_split_depth_leakage_risk; split_audit=random_split_depth_leakage_risk
EXP-003,FFT high-frequency weighted loss,FFT severity label,Attention U-Net / A2INet,8-channel CWT time-frequency image,FFT magnitude/log label,log label plus frequency weighting in loss,random_split_depth_leakage_risk,epoch_count,77,epochs,train,overall,/mnt/c/Users/Administrator/Desktop/Hal/results/temp_result/frequency-weighted_loss/output/image_translation/array_03/logs/training_history.pkl,pickle_training_history,pickle_training_history_epoch_count,strong,ablation,pkl_sha256_prefix=8bc8fee03173b165; random_split_depth_leakage_risk; split_audit=random_split_depth_leakage_risk
EXP-003,FFT high-frequency weighted loss,FFT severity label,Attention U-Net / A2INet,8-channel CWT time-frequency image,FFT magnitude/log label,log label plus frequency weighting in loss,random_split_depth_leakage_risk,loss,1.57528209686,loss,train,overall,/mnt/c/Users/Administrator/Desktop/Hal/results/temp_result/frequency-weighted_loss/output/image_translation/array_03/logs/training_history.pkl,pickle_training_history,pickle_training_history_best,strong,ablation,summary_stat=min; best_epoch=69; history_epochs=77; pkl_sha256_prefix=8bc8fee03173b165; random_split_depth_leakage_risk; split_audit=random_split_depth_leakage_risk
EXP-003,FFT high-frequency weighted loss,FFT severity label,Attention U-Net / A2INet,8-channel CWT time-frequency image,FFT magnitude/log label,log label plus frequency weighting in loss,random_split_depth_leakage_risk,loss_final,1.58614373207,loss,train,overall,/mnt/c/Users/Administrator/Desktop/Hal/results/temp_result/frequency-weighted_loss/output/image_translation/array_03/logs/training_history.pkl,pickle_training_history,pickle_training_history_final,strong,ablation,summary_stat=final; final_epoch=77; pkl_sha256_prefix=8bc8fee03173b165; random_split_depth_leakage_risk; split_audit=random_split_depth_leakage_risk
EXP-003,FFT high-frequency weighted loss,FFT severity label,Attention U-Net / A2INet,8-channel CWT time-frequency image,FFT magnitude/log label,log label plus frequency weighting in loss,random_split_depth_leakage_risk,mae,0.142795428634,label_units,train,overall,/mnt/c/Users/Administrator/Desktop/Hal/results/temp_result/frequency-weighted_loss/output/image_translation/array_03/logs/training_history.pkl,pickle_training_history,pickle_training_history_best,strong,ablation,summary_stat=min; best_epoch=69; history_epochs=77; pkl_sha256_prefix=8bc8fee03173b165; random_split_depth_leakage_risk; split_audit=random_split_depth_leakage_risk
EXP-003,FFT high-frequency weighted loss,FFT severity label,Attention U-Net / A2INet,8-channel CWT time-frequency image,FFT magnitude/log label,log label plus frequency weighting in loss,random_split_depth_leakage_risk,mae_final,0.143054276705,label_units,train,overall,/mnt/c/Users/Administrator/Desktop/Hal/results/temp_result/frequency-weighted_loss/output/image_translation/array_03/logs/training_history.pkl,pickle_training_history,pickle_training_history_final,strong,ablation,summary_stat=final; final_epoch=77; pkl_sha256_prefix=8bc8fee03173b165; random_split_depth_leakage_risk; split_audit=random_split_depth_leakage_risk
EXP-003,FFT high-frequency weighted loss,FFT severity label,Attention U-Net / A2INet,8-channel CWT time-frequency image,FFT magnitude/log label,log label plus frequency weighting in loss,random_split_depth_leakage_risk,val_loss,1.6489136219,loss,validation,overall,/mnt/c/Users/Administrator/Desktop/Hal/results/temp_result/frequency-weighted_loss/output/image_translation/array_03/logs/training_history.pkl,pickle_training_history,pickle_training_history_best,strong,ablation,summary_stat=min; best_epoch=62; history_epochs=77; pkl_sha256_prefix=8bc8fee03173b165; random_split_depth_leakage_risk; split_audit=random_split_depth_leakage_risk
EXP-003,FFT high-frequency weighted loss,FFT severity label,Attention U-Net / A2INet,8-channel CWT time-frequency image,FFT magnitude/log label,log label plus frequency weighting in loss,random_split_depth_leakage_risk,val_loss_final,1.76579201221,loss,validation,overall,/mnt/c/Users/Administrator/Desktop/Hal/results/temp_result/frequency-weighted_loss/output/image_translation/array_03/logs/training_history.pkl,pickle_training_history,pickle_training_history_final,strong,ablation,summary_stat=final; final_epoch=77; pkl_sha256_prefix=8bc8fee03173b165; random_split_depth_leakage_risk; split_audit=random_split_depth_leakage_risk
EXP-003,FFT high-frequency weighted loss,FFT severity label,Attention U-Net / A2INet,8-channel CWT time-frequency image,FFT magnitude/log label,log label plus frequency weighting in loss,random_split_depth_leakage_risk,val_mae,0.147278696299,label_units,validation,overall,/mnt/c/Users/Administrator/Desktop/Hal/results/temp_result/frequency-weighted_loss/output/image_translation/array_03/logs/training_history.pkl,pickle_training_history,pickle_training_history_best,strong,ablation,summary_stat=min; best_epoch=62; history_epochs=77; pkl_sha256_prefix=8bc8fee03173b165; random_split_depth_leakage_risk; split_audit=random_split_depth_leakage_risk
EXP-003,FFT high-frequency weighted loss,FFT severity label,Attention U-Net / A2INet,8-channel CWT time-frequency image,FFT magnitude/log label,log label plus frequency weighting in loss,random_split_depth_leakage_risk,val_mae_final,0.151269569993,label_units,validation,overall,/mnt/c/Users/Administrator/Desktop/Hal/results/temp_result/frequency-weighted_loss/output/image_translation/array_03/logs/training_history.pkl,pickle_training_history,pickle_training_history_final,strong,ablation,summary_stat=final; final_epoch=77; pkl_sha256_prefix=8bc8fee03173b165; random_split_depth_leakage_risk; split_audit=random_split_depth_leakage_risk
EXP-004,GAN + severity transform / 2D label,other,GAN / generator-discriminator route,8-channel CWT time-frequency image,"severity map max(0, 2.5 - Zc), then FFT/log variants",severity transform and possible FFT/log,needs_manual_verification,discriminator_loss,2.5478,loss,train,overall,/mnt/c/Users/Administrator/Desktop/Hal/results/temp_result/GaN+2Dlabel/result.txt.txt,text_result,text_regex_gan_epoch_log,strong,failed_attempt,epoch=1; GAN training log; no validation/test metric in source; needs_manual_verification; split_audit=no_validation_split_detected_or_train_only_failed_route
EXP-004,GAN + severity transform / 2D label,other,GAN / generator-discriminator route,8-channel CWT time-frequency image,"severity map max(0, 2.5 - Zc), then FFT/log variants",severity transform and possible FFT/log,needs_manual_verification,discriminator_loss,1.8389,loss,train,overall,/mnt/c/Users/Administrator/Desktop/Hal/results/temp_result/GaN+2Dlabel/result.txt.txt,text_result,text_regex_gan_epoch_log,strong,failed_attempt,epoch=2; GAN training log; no validation/test metric in source; needs_manual_verification; split_audit=no_validation_split_detected_or_train_only_failed_route
EXP-004,GAN + severity transform / 2D label,other,GAN / generator-discriminator route,8-channel CWT time-frequency image,"severity map max(0, 2.5 - Zc), then FFT/log variants",severity transform and possible FFT/log,needs_manual_verification,discriminator_loss,1.61,loss,train,overall,/mnt/c/Users/Administrator/Desktop/Hal/results/temp_result/GaN+2Dlabel/result.txt.txt,text_result,text_regex_gan_epoch_log,strong,failed_attempt,epoch=3; GAN training log; no validation/test metric in source; needs_manual_verification; split_audit=no_validation_split_detected_or_train_only_failed_route
EXP-004,GAN + severity transform / 2D label,other,GAN / generator-discriminator route,8-channel CWT time-frequency image,"severity map max(0, 2.5 - Zc), then FFT/log variants",severity transform and possible FFT/log,needs_manual_verification,discriminator_loss,0.668,loss,train,overall,/mnt/c/Users/Administrator/Desktop/Hal/results/temp_result/GaN+2Dlabel/result.txt.txt,text_result,text_regex_gan_epoch_log,strong,failed_attempt,epoch=98; GAN training log; no validation/test metric in source; needs_manual_verification; split_audit=no_validation_split_detected_or_train_only_failed_route
EXP-004,GAN + severity transform / 2D label,other,GAN / generator-discriminator route,8-channel CWT time-frequency image,"severity map max(0, 2.5 - Zc), then FFT/log variants",severity transform and possible FFT/log,needs_manual_verification,discriminator_loss,0.6679,loss,train,overall,/mnt/c/Users/Administrator/Desktop/Hal/results/temp_result/GaN+2Dlabel/result.txt.txt,text_result,text_regex_gan_epoch_log,strong,failed_attempt,epoch=99; GAN training log; no validation/test metric in source; needs_manual_verification; split_audit=no_validation_split_detected_or_train_only_failed_route
EXP-004,GAN + severity transform / 2D label,other,GAN / generator-discriminator route,8-channel CWT time-frequency image,"severity map max(0, 2.5 - Zc), then FFT/log variants",severity transform and possible FFT/log,needs_manual_verification,discriminator_loss,0.6672,loss,train,overall,/mnt/c/Users/Administrator/Desktop/Hal/results/temp_result/GaN+2Dlabel/result.txt.txt,text_result,text_regex_gan_epoch_log,strong,failed_attempt,epoch=100; GAN training log; no validation/test metric in source; needs_manual_verification; split_audit=no_validation_split_detected_or_train_only_failed_route
EXP-004,GAN + severity transform / 2D label,other,GAN / generator-discriminator route,8-channel CWT time-frequency image,"severity map max(0, 2.5 - Zc), then FFT/log variants",severity transform and possible FFT/log,needs_manual_verification,epoch_time,43.53,seconds,train,overall,/mnt/c/Users/Administrator/Desktop/Hal/results/temp_result/GaN+2Dlabel/result.txt.txt,text_result,text_regex_gan_epoch_log,strong,failed_attempt,epoch=1; GAN training log; no validation/test metric in source; needs_manual_verification; split_audit=no_validation_split_detected_or_train_only_failed_route
EXP-004,GAN + severity transform / 2D label,other,GAN / generator-discriminator route,8-channel CWT time-frequency image,"severity map max(0, 2.5 - Zc), then FFT/log variants",severity transform and possible FFT/log,needs_manual_verification,epoch_time,13.94,seconds,train,overall,/mnt/c/Users/Administrator/Desktop/Hal/results/temp_result/GaN+2Dlabel/result.txt.txt,text_result,text_regex_gan_epoch_log,strong,failed_attempt,epoch=2; GAN training log; no validation/test metric in source; needs_manual_verification; split_audit=no_validation_split_detected_or_train_only_failed_route
EXP-004,GAN + severity transform / 2D label,other,GAN / generator-discriminator route,8-channel CWT time-frequency image,"severity map max(0, 2.5 - Zc), then FFT/log variants",severity transform and possible FFT/log,needs_manual_verification,epoch_time,14.31,seconds,train,overall,/mnt/c/Users/Administrator/Desktop/Hal/results/temp_result/GaN+2Dlabel/result.txt.txt,text_result,text_regex_gan_epoch_log,strong,failed_attempt,epoch=3; GAN training log; no validation/test metric in source; needs_manual_verification; split_audit=no_validation_split_detected_or_train_only_failed_route
EXP-004,GAN + severity transform / 2D label,other,GAN / generator-discriminator route,8-channel CWT time-frequency image,"severity map max(0, 2.5 - Zc), then FFT/log variants",severity transform and possible FFT/log,needs_manual_verification,epoch_time,13.46,seconds,train,overall,/mnt/c/Users/Administrator/Desktop/Hal/results/temp_result/GaN+2Dlabel/result.txt.txt,text_result,text_regex_gan_epoch_log,strong,failed_attempt,epoch=98; GAN training log; no validation/test metric in source; needs_manual_verification; split_audit=no_validation_split_detected_or_train_only_failed_route
EXP-004,GAN + severity transform / 2D label,other,GAN / generator-discriminator route,8-channel CWT time-frequency image,"severity map max(0, 2.5 - Zc), then FFT/log variants",severity transform and possible FFT/log,needs_manual_verification,epoch_time,13.43,seconds,train,overall,/mnt/c/Users/Administrator/Desktop/Hal/results/temp_result/GaN+2Dlabel/result.txt.txt,text_result,text_regex_gan_epoch_log,strong,failed_attempt,epoch=99; GAN training log; no validation/test metric in source; needs_manual_verification; split_audit=no_validation_split_detected_or_train_only_failed_route
EXP-004,GAN + severity transform / 2D label,other,GAN / generator-discriminator route,8-channel CWT time-frequency image,"severity map max(0, 2.5 - Zc), then FFT/log variants",severity transform and possible FFT/log,needs_manual_verification,epoch_time,13.76,seconds,train,overall,/mnt/c/Users/Administrator/Desktop/Hal/results/temp_result/GaN+2Dlabel/result.txt.txt,text_result,text_regex_gan_epoch_log,strong,failed_attempt,epoch=100; GAN training log; no validation/test metric in source; needs_manual_verification; split_audit=no_validation_split_detected_or_train_only_failed_route
EXP-004,GAN + severity transform / 2D label,other,GAN / generator-discriminator route,8-channel CWT time-frequency image,"severity map max(0, 2.5 - Zc), then FFT/log variants",severity transform and possible FFT/log,needs_manual_verification,generator_loss,324.7062,loss,train,overall,/mnt/c/Users/Administrator/Desktop/Hal/results/temp_result/GaN+2Dlabel/result.txt.txt,text_result,text_regex_gan_epoch_log,strong,failed_attempt,epoch=1; GAN training log; no validation/test metric in source; needs_manual_verification; split_audit=no_validation_split_detected_or_train_only_failed_route
EXP-004,GAN + severity transform / 2D label,other,GAN / generator-discriminator route,8-channel CWT time-frequency image,"severity map max(0, 2.5 - Zc), then FFT/log variants",severity transform and possible FFT/log,needs_manual_verification,generator_loss,314.025,loss,train,overall,/mnt/c/Users/Administrator/Desktop/Hal/results/temp_result/GaN+2Dlabel/result.txt.txt,text_result,text_regex_gan_epoch_log,strong,failed_attempt,epoch=2; GAN training log; no validation/test metric in source; needs_manual_verification; split_audit=no_validation_split_detected_or_train_only_failed_route
EXP-004,GAN + severity transform / 2D label,other,GAN / generator-discriminator route,8-channel CWT time-frequency image,"severity map max(0, 2.5 - Zc), then FFT/log variants",severity transform and possible FFT/log,needs_manual_verification,generator_loss,313.7593,loss,train,overall,/mnt/c/Users/Administrator/Desktop/Hal/results/temp_result/GaN+2Dlabel/result.txt.txt,text_result,text_regex_gan_epoch_log,strong,failed_attempt,epoch=3; GAN training log; no validation/test metric in source; needs_manual_verification; split_audit=no_validation_split_detected_or_train_only_failed_route
EXP-004,GAN + severity transform / 2D label,other,GAN / generator-discriminator route,8-channel CWT time-frequency image,"severity map max(0, 2.5 - Zc), then FFT/log variants",severity transform and possible FFT/log,needs_manual_verification,generator_loss,307.4061,loss,train,overall,/mnt/c/Users/Administrator/Desktop/Hal/results/temp_result/GaN+2Dlabel/result.txt.txt,text_result,text_regex_gan_epoch_log,strong,failed_attempt,epoch=98; GAN training log; no validation/test metric in source; needs_manual_verification; split_audit=no_validation_split_detected_or_train_only_failed_route
EXP-004,GAN + severity transform / 2D label,other,GAN / generator-discriminator route,8-channel CWT time-frequency image,"severity map max(0, 2.5 - Zc), then FFT/log variants",severity transform and possible FFT/log,needs_manual_verification,generator_loss,308.932,loss,train,overall,/mnt/c/Users/Administrator/Desktop/Hal/results/temp_result/GaN+2Dlabel/result.txt.txt,text_result,text_regex_gan_epoch_log,strong,failed_attempt,epoch=99; GAN training log; no validation/test metric in source; needs_manual_verification; split_audit=no_validation_split_detected_or_train_only_failed_route
EXP-004,GAN + severity transform / 2D label,other,GAN / generator-discriminator route,8-channel CWT time-frequency image,"severity map max(0, 2.5 - Zc), then FFT/log variants",severity transform and possible FFT/log,needs_manual_verification,generator_loss,308.0253,loss,train,overall,/mnt/c/Users/Administrator/Desktop/Hal/results/temp_result/GaN+2Dlabel/result.txt.txt,text_result,text_regex_gan_epoch_log,strong,failed_attempt,epoch=100; GAN training log; no validation/test metric in source; needs_manual_verification; split_audit=no_validation_split_detected_or_train_only_failed_route
EXP-005,Two-channel binary label and focal-loss/overfit test,other,"GAN/U-Net route, exact code needs verification",8-channel CWT time-frequency image,two-channel binary mask: channeling vs good bonding,Zc < 2.5 channeling mask; Zc >= 2.5 good-bonding mask,needs_manual_verification,accuracy,0.86348682642,fraction,train,overall,/mnt/c/Users/Administrator/Desktop/Hal/results/temp_result/GaN+2Dlabel/output/image_translation/array_03/logs/training_history.pkl,pickle_training_history,pickle_training_history_best,strong,failed_attempt,summary_stat=max; best_epoch=64; history_epochs=72; pkl_sha256_prefix=673fb5e8b058b415; duplicate_history_hash=673fb5e8b058b415; duplicate_group_size=6; first_seen=FFT_EfficientNet/output/image_translation/array_03/logs/training_history.pkl; needs_manual_verification; split_audit=no_validation_split_detected_or_train_only_failed_route
EXP-005,Two-channel binary label and focal-loss/overfit test,other,"GAN/U-Net route, exact code needs verification",8-channel CWT time-frequency image,two-channel binary mask: channeling vs good bonding,Zc < 2.5 channeling mask; Zc >= 2.5 good-bonding mask,needs_manual_verification,accuracy_final,0.856085538864,fraction,train,overall,/mnt/c/Users/Administrator/Desktop/Hal/results/temp_result/GaN+2Dlabel/output/image_translation/array_03/logs/training_history.pkl,pickle_training_history,pickle_training_history_final,strong,failed_attempt,summary_stat=final; final_epoch=72; pkl_sha256_prefix=673fb5e8b058b415; duplicate_history_hash=673fb5e8b058b415; duplicate_group_size=6; first_seen=FFT_EfficientNet/output/image_translation/array_03/logs/training_history.pkl; needs_manual_verification; split_audit=no_validation_split_detected_or_train_only_failed_route
EXP-005,Two-channel binary label and focal-loss/overfit test,other,"GAN/U-Net route, exact code needs verification",8-channel CWT time-frequency image,two-channel binary mask: channeling vs good bonding,Zc < 2.5 channeling mask; Zc >= 2.5 good-bonding mask,needs_manual_verification,auc,0.928303062916,fraction,train,overall,/mnt/c/Users/Administrator/Desktop/Hal/results/temp_result/GaN+2Dlabel/output/image_translation/array_03/logs/training_history.pkl,pickle_training_history,pickle_training_history_best,strong,failed_attempt,summary_stat=max; best_epoch=69; history_epochs=72; pkl_sha256_prefix=673fb5e8b058b415; duplicate_history_hash=673fb5e8b058b415; duplicate_group_size=6; first_seen=FFT_EfficientNet/output/image_translation/array_03/logs/training_history.pkl; needs_manual_verification; split_audit=no_validation_split_detected_or_train_only_failed_route
EXP-005,Two-channel binary label and focal-loss/overfit test,other,"GAN/U-Net route, exact code needs verification",8-channel CWT time-frequency image,two-channel binary mask: channeling vs good bonding,Zc < 2.5 channeling mask; Zc >= 2.5 good-bonding mask,needs_manual_verification,auc_final,0.926550865173,fraction,train,overall,/mnt/c/Users/Administrator/Desktop/Hal/results/temp_result/GaN+2Dlabel/output/image_translation/array_03/logs/training_history.pkl,pickle_training_history,pickle_training_history_final,strong,failed_attempt,summary_stat=final; final_epoch=72; pkl_sha256_prefix=673fb5e8b058b415; duplicate_history_hash=673fb5e8b058b415; duplicate_group_size=6; first_seen=FFT_EfficientNet/output/image_translation/array_03/logs/training_history.pkl; needs_manual_verification; split_audit=no_validation_split_detected_or_train_only_failed_route
EXP-005,Two-channel binary label and focal-loss/overfit test,other,"GAN/U-Net route, exact code needs verification",8-channel CWT time-frequency image,two-channel binary mask: channeling vs good bonding,Zc < 2.5 channeling mask; Zc >= 2.5 good-bonding mask,needs_manual_verification,epoch_count,72,epochs,train,overall,/mnt/c/Users/Administrator/Desktop/Hal/results/temp_result/GaN+2Dlabel/output/image_translation/array_03/logs/training_history.pkl,pickle_training_history,pickle_training_history_epoch_count,strong,failed_attempt,pkl_sha256_prefix=673fb5e8b058b415; duplicate_history_hash=673fb5e8b058b415; duplicate_group_size=6; first_seen=FFT_EfficientNet/output/image_translation/array_03/logs/training_history.pkl; needs_manual_verification; split_audit=no_validation_split_detected_or_train_only_failed_route
EXP-005,Two-channel binary label and focal-loss/overfit test,other,"GAN/U-Net route, exact code needs verification",8-channel CWT time-frequency image,two-channel binary mask: channeling vs good bonding,Zc < 2.5 channeling mask; Zc >= 2.5 good-bonding mask,needs_manual_verification,loss,0.34475684166,loss,train,overall,/mnt/c/Users/Administrator/Desktop/Hal/results/temp_result/GaN+2Dlabel/output/image_translation/array_03/logs/training_history.pkl,pickle_training_history,pickle_training_history_best,strong,failed_attempt,summary_stat=min; best_epoch=65; history_epochs=72; pkl_sha256_prefix=673fb5e8b058b415; duplicate_history_hash=673fb5e8b058b415; duplicate_group_size=6; first_seen=FFT_EfficientNet/output/image_translation/array_03/logs/training_history.pkl; needs_manual_verification; split_audit=no_validation_split_detected_or_train_only_failed_route
EXP-005,Two-channel binary label and focal-loss/overfit test,other,"GAN/U-Net route, exact code needs verification",8-channel CWT time-frequency image,two-channel binary mask: channeling vs good bonding,Zc < 2.5 channeling mask; Zc >= 2.5 good-bonding mask,needs_manual_verification,loss_final,0.346724122763,loss,train,overall,/mnt/c/Users/Administrator/Desktop/Hal/results/temp_result/GaN+2Dlabel/output/image_translation/array_03/logs/training_history.pkl,pickle_training_history,pickle_training_history_final,strong,failed_attempt,summary_stat=final; final_epoch=72; pkl_sha256_prefix=673fb5e8b058b415; duplicate_history_hash=673fb5e8b058b415; duplicate_group_size=6; first_seen=FFT_EfficientNet/output/image_translation/array_03/logs/training_history.pkl; needs_manual_verification; split_audit=no_validation_split_detected_or_train_only_failed_route
EXP-005,Two-channel binary label and focal-loss/overfit test,other,"GAN/U-Net route, exact code needs verification",8-channel CWT time-frequency image,two-channel binary mask: channeling vs good bonding,Zc < 2.5 channeling mask; Zc >= 2.5 good-bonding mask,needs_manual_verification,val_accuracy,0.885365843773,fraction,validation,overall,/mnt/c/Users/Administrator/Desktop/Hal/results/temp_result/GaN+2Dlabel/output/image_translation/array_03/logs/training_history.pkl,pickle_training_history,pickle_training_history_best,strong,failed_attempt,summary_stat=max; best_epoch=71; history_epochs=72; pkl_sha256_prefix=673fb5e8b058b415; duplicate_history_hash=673fb5e8b058b415; duplicate_group_size=6; first_seen=FFT_EfficientNet/output/image_translation/array_03/logs/training_history.pkl; needs_manual_verification; split_audit=no_validation_split_detected_or_train_only_failed_route
EXP-005,Two-channel binary label and focal-loss/overfit test,other,"GAN/U-Net route, exact code needs verification",8-channel CWT time-frequency image,two-channel binary mask: channeling vs good bonding,Zc < 2.5 channeling mask; Zc >= 2.5 good-bonding mask,needs_manual_verification,val_accuracy_final,0.858536601067,fraction,validation,overall,/mnt/c/Users/Administrator/Desktop/Hal/results/temp_result/GaN+2Dlabel/output/image_translation/array_03/logs/training_history.pkl,pickle_training_history,pickle_training_history_final,strong,failed_attempt,summary_stat=final; final_epoch=72; pkl_sha256_prefix=673fb5e8b058b415; duplicate_history_hash=673fb5e8b058b415; duplicate_group_size=6; first_seen=FFT_EfficientNet/output/image_translation/array_03/logs/training_history.pkl; needs_manual_verification; split_audit=no_validation_split_detected_or_train_only_failed_route
EXP-005,Two-channel binary label and focal-loss/overfit test,other,"GAN/U-Net route, exact code needs verification",8-channel CWT time-frequency image,two-channel binary mask: channeling vs good bonding,Zc < 2.5 channeling mask; Zc >= 2.5 good-bonding mask,needs_manual_verification,val_auc,0.95360827446,fraction,validation,overall,/mnt/c/Users/Administrator/Desktop/Hal/results/temp_result/GaN+2Dlabel/output/image_translation/array_03/logs/training_history.pkl,pickle_training_history,pickle_training_history_best,strong,failed_attempt,summary_stat=max; best_epoch=57; history_epochs=72; pkl_sha256_prefix=673fb5e8b058b415; duplicate_history_hash=673fb5e8b058b415; duplicate_group_size=6; first_seen=FFT_EfficientNet/output/image_translation/array_03/logs/training_history.pkl; needs_manual_verification; split_audit=no_validation_split_detected_or_train_only_failed_route
EXP-005,Two-channel binary label and focal-loss/overfit test,other,"GAN/U-Net route, exact code needs verification",8-channel CWT time-frequency image,two-channel binary mask: channeling vs good bonding,Zc < 2.5 channeling mask; Zc >= 2.5 good-bonding mask,needs_manual_verification,val_auc_final,0.931717038155,fraction,validation,overall,/mnt/c/Users/Administrator/Desktop/Hal/results/temp_result/GaN+2Dlabel/output/image_translation/array_03/logs/training_history.pkl,pickle_training_history,pickle_training_history_final,strong,failed_attempt,summary_stat=final; final_epoch=72; pkl_sha256_prefix=673fb5e8b058b415; duplicate_history_hash=673fb5e8b058b415; duplicate_group_size=6; first_seen=FFT_EfficientNet/output/image_translation/array_03/logs/training_history.pkl; needs_manual_verification; split_audit=no_validation_split_detected_or_train_only_failed_route
EXP-005,Two-channel binary label and focal-loss/overfit test,other,"GAN/U-Net route, exact code needs verification",8-channel CWT time-frequency image,two-channel binary mask: channeling vs good bonding,Zc < 2.5 channeling mask; Zc >= 2.5 good-bonding mask,needs_manual_verification,val_loss,0.313600122929,loss,validation,overall,/mnt/c/Users/Administrator/Desktop/Hal/results/temp_result/GaN+2Dlabel/output/image_translation/array_03/logs/training_history.pkl,pickle_training_history,pickle_training_history_best,strong,failed_attempt,summary_stat=min; best_epoch=71; history_epochs=72; pkl_sha256_prefix=673fb5e8b058b415; duplicate_history_hash=673fb5e8b058b415; duplicate_group_size=6; first_seen=FFT_EfficientNet/output/image_translation/array_03/logs/training_history.pkl; needs_manual_verification; split_audit=no_validation_split_detected_or_train_only_failed_route
EXP-005,Two-channel binary label and focal-loss/overfit test,other,"GAN/U-Net route, exact code needs verification",8-channel CWT time-frequency image,two-channel binary mask: channeling vs good bonding,Zc < 2.5 channeling mask; Zc >= 2.5 good-bonding mask,needs_manual_verification,val_loss_final,0.343364328146,loss,validation,overall,/mnt/c/Users/Administrator/Desktop/Hal/results/temp_result/GaN+2Dlabel/output/image_translation/array_03/logs/training_history.pkl,pickle_training_history,pickle_training_history_final,strong,failed_attempt,summary_stat=final; final_epoch=72; pkl_sha256_prefix=673fb5e8b058b415; duplicate_history_hash=673fb5e8b058b415; duplicate_group_size=6; first_seen=FFT_EfficientNet/output/image_translation/array_03/logs/training_history.pkl; needs_manual_verification; split_audit=no_validation_split_detected_or_train_only_failed_route
EXP-005,Two-channel binary label and focal-loss/overfit test,other,"GAN/U-Net route, exact code needs verification",8-channel CWT time-frequency image,two-channel binary mask: channeling vs good bonding,Zc < 2.5 channeling mask; Zc >= 2.5 good-bonding mask,needs_manual_verification,image_only_training_history,image_only_needs_manual_read,image_only,unknown,overall,/mnt/c/Users/Administrator/Desktop/Hal/results/temp_result/GaN+2Dlabel/output/visualization_plots/04_training_history.png,image,image_metadata_no_ocr,needs_manual_read,failed_attempt,Image identified as metric/analysis figure; no OCR performed; manually read or redraw before using numeric values; needs_manual_verification; split_audit=no_validation_split_detected_or_train_only_failed_route
EXP-006,CNN binary classification: CWT-label relationship test,baseline,CNN classifier,8-channel CWT time-frequency image,binary label: channeling exists if >1% pixels have Zc < 2.5,threshold at 1% channeling pixels,random_split_depth_leakage_risk,accuracy,0.86348682642,fraction,train,overall,/mnt/c/Users/Administrator/Desktop/Hal/results/temp_result/test_relativity/output/image_translation/array_03/logs/training_history.pkl,pickle_training_history,pickle_training_history_best,strong,baseline,summary_stat=max; best_epoch=64; history_epochs=72; pkl_sha256_prefix=673fb5e8b058b415; duplicate_history_hash=673fb5e8b058b415; duplicate_group_size=6; first_seen=FFT_EfficientNet/output/image_translation/array_03/logs/training_history.pkl; random_split_depth_leakage_risk; split_audit=random_split_depth_leakage_risk
EXP-006,CNN binary classification: CWT-label relationship test,baseline,CNN classifier,8-channel CWT time-frequency image,binary label: channeling exists if >1% pixels have Zc < 2.5,threshold at 1% channeling pixels,random_split_depth_leakage_risk,accuracy_final,0.856085538864,fraction,train,overall,/mnt/c/Users/Administrator/Desktop/Hal/results/temp_result/test_relativity/output/image_translation/array_03/logs/training_history.pkl,pickle_training_history,pickle_training_history_final,strong,baseline,summary_stat=final; final_epoch=72; pkl_sha256_prefix=673fb5e8b058b415; duplicate_history_hash=673fb5e8b058b415; duplicate_group_size=6; first_seen=FFT_EfficientNet/output/image_translation/array_03/logs/training_history.pkl; random_split_depth_leakage_risk; split_audit=random_split_depth_leakage_risk
EXP-006,CNN binary classification: CWT-label relationship test,baseline,CNN classifier,8-channel CWT time-frequency image,binary label: channeling exists if >1% pixels have Zc < 2.5,threshold at 1% channeling pixels,random_split_depth_leakage_risk,auc,0.928303062916,fraction,train,overall,/mnt/c/Users/Administrator/Desktop/Hal/results/temp_result/test_relativity/output/image_translation/array_03/logs/training_history.pkl,pickle_training_history,pickle_training_history_best,strong,baseline,summary_stat=max; best_epoch=69; history_epochs=72; pkl_sha256_prefix=673fb5e8b058b415; duplicate_history_hash=673fb5e8b058b415; duplicate_group_size=6; first_seen=FFT_EfficientNet/output/image_translation/array_03/logs/training_history.pkl; random_split_depth_leakage_risk; split_audit=random_split_depth_leakage_risk
EXP-006,CNN binary classification: CWT-label relationship test,baseline,CNN classifier,8-channel CWT time-frequency image,binary label: channeling exists if >1% pixels have Zc < 2.5,threshold at 1% channeling pixels,random_split_depth_leakage_risk,auc_final,0.926550865173,fraction,train,overall,/mnt/c/Users/Administrator/Desktop/Hal/results/temp_result/test_relativity/output/image_translation/array_03/logs/training_history.pkl,pickle_training_history,pickle_training_history_final,strong,baseline,summary_stat=final; final_epoch=72; pkl_sha256_prefix=673fb5e8b058b415; duplicate_history_hash=673fb5e8b058b415; duplicate_group_size=6; first_seen=FFT_EfficientNet/output/image_translation/array_03/logs/training_history.pkl; random_split_depth_leakage_risk; split_audit=random_split_depth_leakage_risk
EXP-006,CNN binary classification: CWT-label relationship test,baseline,CNN classifier,8-channel CWT time-frequency image,binary label: channeling exists if >1% pixels have Zc < 2.5,threshold at 1% channeling pixels,random_split_depth_leakage_risk,epoch_count,72,epochs,train,overall,/mnt/c/Users/Administrator/Desktop/Hal/results/temp_result/test_relativity/output/image_translation/array_03/logs/training_history.pkl,pickle_training_history,pickle_training_history_epoch_count,strong,baseline,pkl_sha256_prefix=673fb5e8b058b415; duplicate_history_hash=673fb5e8b058b415; duplicate_group_size=6; first_seen=FFT_EfficientNet/output/image_translation/array_03/logs/training_history.pkl; random_split_depth_leakage_risk; split_audit=random_split_depth_leakage_risk
EXP-006,CNN binary classification: CWT-label relationship test,baseline,CNN classifier,8-channel CWT time-frequency image,binary label: channeling exists if >1% pixels have Zc < 2.5,threshold at 1% channeling pixels,random_split_depth_leakage_risk,loss,0.34475684166,loss,train,overall,/mnt/c/Users/Administrator/Desktop/Hal/results/temp_result/test_relativity/output/image_translation/array_03/logs/training_history.pkl,pickle_training_history,pickle_training_history_best,strong,baseline,summary_stat=min; best_epoch=65; history_epochs=72; pkl_sha256_prefix=673fb5e8b058b415; duplicate_history_hash=673fb5e8b058b415; duplicate_group_size=6; first_seen=FFT_EfficientNet/output/image_translation/array_03/logs/training_history.pkl; random_split_depth_leakage_risk; split_audit=random_split_depth_leakage_risk
EXP-006,CNN binary classification: CWT-label relationship test,baseline,CNN classifier,8-channel CWT time-frequency image,binary label: channeling exists if >1% pixels have Zc < 2.5,threshold at 1% channeling pixels,random_split_depth_leakage_risk,loss_final,0.346724122763,loss,train,overall,/mnt/c/Users/Administrator/Desktop/Hal/results/temp_result/test_relativity/output/image_translation/array_03/logs/training_history.pkl,pickle_training_history,pickle_training_history_final,strong,baseline,summary_stat=final; final_epoch=72; pkl_sha256_prefix=673fb5e8b058b415; duplicate_history_hash=673fb5e8b058b415; duplicate_group_size=6; first_seen=FFT_EfficientNet/output/image_translation/array_03/logs/training_history.pkl; random_split_depth_leakage_risk; split_audit=random_split_depth_leakage_risk
EXP-006,CNN binary classification: CWT-label relationship test,baseline,CNN classifier,8-channel CWT time-frequency image,binary label: channeling exists if >1% pixels have Zc < 2.5,threshold at 1% channeling pixels,random_split_depth_leakage_risk,val_accuracy,0.885365843773,fraction,validation,overall,/mnt/c/Users/Administrator/Desktop/Hal/results/temp_result/test_relativity/output/image_translation/array_03/logs/training_history.pkl,pickle_training_history,pickle_training_history_best,strong,baseline,summary_stat=max; best_epoch=71; history_epochs=72; pkl_sha256_prefix=673fb5e8b058b415; duplicate_history_hash=673fb5e8b058b415; duplicate_group_size=6; first_seen=FFT_EfficientNet/output/image_translation/array_03/logs/training_history.pkl; random_split_depth_leakage_risk; split_audit=random_split_depth_leakage_risk
EXP-006,CNN binary classification: CWT-label relationship test,baseline,CNN classifier,8-channel CWT time-frequency image,binary label: channeling exists if >1% pixels have Zc < 2.5,threshold at 1% channeling pixels,random_split_depth_leakage_risk,val_accuracy_final,0.858536601067,fraction,validation,overall,/mnt/c/Users/Administrator/Desktop/Hal/results/temp_result/test_relativity/output/image_translation/array_03/logs/training_history.pkl,pickle_training_history,pickle_training_history_final,strong,baseline,summary_stat=final; final_epoch=72; pkl_sha256_prefix=673fb5e8b058b415; duplicate_history_hash=673fb5e8b058b415; duplicate_group_size=6; first_seen=FFT_EfficientNet/output/image_translation/array_03/logs/training_history.pkl; random_split_depth_leakage_risk; split_audit=random_split_depth_leakage_risk
EXP-006,CNN binary classification: CWT-label relationship test,baseline,CNN classifier,8-channel CWT time-frequency image,binary label: channeling exists if >1% pixels have Zc < 2.5,threshold at 1% channeling pixels,random_split_depth_leakage_risk,val_auc,0.95360827446,fraction,validation,overall,/mnt/c/Users/Administrator/Desktop/Hal/results/temp_result/test_relativity/output/image_translation/array_03/logs/training_history.pkl,pickle_training_history,pickle_training_history_best,strong,baseline,summary_stat=max; best_epoch=57; history_epochs=72; pkl_sha256_prefix=673fb5e8b058b415; duplicate_history_hash=673fb5e8b058b415; duplicate_group_size=6; first_seen=FFT_EfficientNet/output/image_translation/array_03/logs/training_history.pkl; random_split_depth_leakage_risk; split_audit=random_split_depth_leakage_risk
EXP-006,CNN binary classification: CWT-label relationship test,baseline,CNN classifier,8-channel CWT time-frequency image,binary label: channeling exists if >1% pixels have Zc < 2.5,threshold at 1% channeling pixels,random_split_depth_leakage_risk,val_auc_final,0.931717038155,fraction,validation,overall,/mnt/c/Users/Administrator/Desktop/Hal/results/temp_result/test_relativity/output/image_translation/array_03/logs/training_history.pkl,pickle_training_history,pickle_training_history_final,strong,baseline,summary_stat=final; final_epoch=72; pkl_sha256_prefix=673fb5e8b058b415; duplicate_history_hash=673fb5e8b058b415; duplicate_group_size=6; first_seen=FFT_EfficientNet/output/image_translation/array_03/logs/training_history.pkl; random_split_depth_leakage_risk; split_audit=random_split_depth_leakage_risk
EXP-006,CNN binary classification: CWT-label relationship test,baseline,CNN classifier,8-channel CWT time-frequency image,binary label: channeling exists if >1% pixels have Zc < 2.5,threshold at 1% channeling pixels,random_split_depth_leakage_risk,val_loss,0.313600122929,loss,validation,overall,/mnt/c/Users/Administrator/Desktop/Hal/results/temp_result/test_relativity/output/image_translation/array_03/logs/training_history.pkl,pickle_training_history,pickle_training_history_best,strong,baseline,summary_stat=min; best_epoch=71; history_epochs=72; pkl_sha256_prefix=673fb5e8b058b415; duplicate_history_hash=673fb5e8b058b415; duplicate_group_size=6; first_seen=FFT_EfficientNet/output/image_translation/array_03/logs/training_history.pkl; random_split_depth_leakage_risk; split_audit=random_split_depth_leakage_risk
EXP-006,CNN binary classification: CWT-label relationship test,baseline,CNN classifier,8-channel CWT time-frequency image,binary label: channeling exists if >1% pixels have Zc < 2.5,threshold at 1% channeling pixels,random_split_depth_leakage_risk,val_loss_final,0.343364328146,loss,validation,overall,/mnt/c/Users/Administrator/Desktop/Hal/results/temp_result/test_relativity/output/image_translation/array_03/logs/training_history.pkl,pickle_training_history,pickle_training_history_final,strong,baseline,summary_stat=final; final_epoch=72; pkl_sha256_prefix=673fb5e8b058b415; duplicate_history_hash=673fb5e8b058b415; duplicate_group_size=6; first_seen=FFT_EfficientNet/output/image_translation/array_03/logs/training_history.pkl; random_split_depth_leakage_risk; split_audit=random_split_depth_leakage_risk
EXP-006,CNN binary classification: CWT-label relationship test,baseline,CNN classifier,8-channel CWT time-frequency image,binary label: channeling exists if >1% pixels have Zc < 2.5,threshold at 1% channeling pixels,random_split_depth_leakage_risk,accuracy_approx,85,percent_approx,train,overall,/mnt/c/Users/Administrator/Desktop/Hal/results/temp_result/test_relativity/result.txt.txt,text_result,text_regex_approx_accuracy,medium,baseline,approximate text value: 约85%; random_split_depth_leakage_risk; split_audit=random_split_depth_leakage_risk
EXP-006,CNN binary classification: CWT-label relationship test,baseline,CNN classifier,8-channel CWT time-frequency image,binary label: channeling exists if >1% pixels have Zc < 2.5,threshold at 1% channeling pixels,random_split_depth_leakage_risk,best_epoch_val_auc,57,epochs,validation,overall,/mnt/c/Users/Administrator/Desktop/Hal/results/temp_result/test_relativity/result.txt.txt,text_result,text_regex_epoch,strong,baseline,explicit text: best val_auc at epoch 57; random_split_depth_leakage_risk; split_audit=random_split_depth_leakage_risk
EXP-006,CNN binary classification: CWT-label relationship test,baseline,CNN classifier,8-channel CWT time-frequency image,binary label: channeling exists if >1% pixels have Zc < 2.5,threshold at 1% channeling pixels,random_split_depth_leakage_risk,early_stop_epoch,72,epochs,validation,overall,/mnt/c/Users/Administrator/Desktop/Hal/results/temp_result/test_relativity/result.txt.txt,text_result,text_regex_epoch,strong,baseline,explicit text: training stopped at epoch 72; random_split_depth_leakage_risk; split_audit=random_split_depth_leakage_risk
EXP-006,CNN binary classification: CWT-label relationship test,baseline,CNN classifier,8-channel CWT time-frequency image,binary label: channeling exists if >1% pixels have Zc < 2.5,threshold at 1% channeling pixels,random_split_depth_leakage_risk,val_accuracy_approx,85,percent_approx,validation,overall,/mnt/c/Users/Administrator/Desktop/Hal/results/temp_result/test_relativity/result.txt.txt,text_result,text_regex_approx_accuracy,medium,baseline,approximate text value: 约85%; random_split_depth_leakage_risk; split_audit=random_split_depth_leakage_risk
EXP-006,CNN binary classification: CWT-label relationship test,baseline,CNN classifier,8-channel CWT time-frequency image,binary label: channeling exists if >1% pixels have Zc < 2.5,threshold at 1% channeling pixels,random_split_depth_leakage_risk,val_auc,0.95361,fraction,validation,overall,/mnt/c/Users/Administrator/Desktop/Hal/results/temp_result/test_relativity/result.txt.txt,text_result,text_regex_explicit_auc,strong,baseline,explicit text value 0.95361; split construction not described in source; random_split_depth_leakage_risk; split_audit=random_split_depth_leakage_risk
EXP-006,CNN binary classification: CWT-label relationship test,baseline,CNN classifier,8-channel CWT time-frequency image,binary label: channeling exists if >1% pixels have Zc < 2.5,threshold at 1% channeling pixels,random_split_depth_leakage_risk,accuracy_approx,85,percent_approx,train,overall,/mnt/c/Users/Administrator/Desktop/Hal/results/temp_result/改进memo.md,markdown_memo,text_regex_approx_accuracy,medium,baseline,approximate text value: 约85%; random_split_depth_leakage_risk; split_audit=random_split_depth_leakage_risk
EXP-006,CNN binary classification: CWT-label relationship test,baseline,CNN classifier,8-channel CWT time-frequency image,binary label: channeling exists if >1% pixels have Zc < 2.5,threshold at 1% channeling pixels,random_split_depth_leakage_risk,accuracy_approx,85,fraction,train,overall,/mnt/c/Users/Administrator/Desktop/Hal/results/temp_result/改进memo.md,memo_claims_csv,memo_claims_csv_regex,medium,baseline,claim_id=memo-06; approximate text value; random_split_depth_leakage_risk; split_audit=random_split_depth_leakage_risk
EXP-006,CNN binary classification: CWT-label relationship test,baseline,CNN classifier,8-channel CWT time-frequency image,binary label: channeling exists if >1% pixels have Zc < 2.5,threshold at 1% channeling pixels,random_split_depth_leakage_risk,best_epoch_val_auc,57,epochs,validation,overall,/mnt/c/Users/Administrator/Desktop/Hal/results/temp_result/改进memo.md,markdown_memo,text_regex_epoch,medium,baseline,explicit text: best val_auc at epoch 57; random_split_depth_leakage_risk; split_audit=random_split_depth_leakage_risk
EXP-006,CNN binary classification: CWT-label relationship test,baseline,CNN classifier,8-channel CWT time-frequency image,binary label: channeling exists if >1% pixels have Zc < 2.5,threshold at 1% channeling pixels,random_split_depth_leakage_risk,early_stop_epoch,72,epochs,validation,overall,/mnt/c/Users/Administrator/Desktop/Hal/results/temp_result/改进memo.md,markdown_memo,text_regex_epoch,medium,baseline,explicit text: training stopped at epoch 72; random_split_depth_leakage_risk; split_audit=random_split_depth_leakage_risk
EXP-006,CNN binary classification: CWT-label relationship test,baseline,CNN classifier,8-channel CWT time-frequency image,binary label: channeling exists if >1% pixels have Zc < 2.5,threshold at 1% channeling pixels,random_split_depth_leakage_risk,val_accuracy_approx,85,percent_approx,validation,overall,/mnt/c/Users/Administrator/Desktop/Hal/results/temp_result/改进memo.md,markdown_memo,text_regex_approx_accuracy,medium,baseline,approximate text value: 约85%; random_split_depth_leakage_risk; split_audit=random_split_depth_leakage_risk
EXP-006,CNN binary classification: CWT-label relationship test,baseline,CNN classifier,8-channel CWT time-frequency image,binary label: channeling exists if >1% pixels have Zc < 2.5,threshold at 1% channeling pixels,random_split_depth_leakage_risk,val_accuracy_approx,85,fraction,validation,overall,/mnt/c/Users/Administrator/Desktop/Hal/results/temp_result/改进memo.md,memo_claims_csv,memo_claims_csv_regex,medium,baseline,claim_id=memo-06; approximate text value; random_split_depth_leakage_risk; split_audit=random_split_depth_leakage_risk
EXP-006,CNN binary classification: CWT-label relationship test,baseline,CNN classifier,8-channel CWT time-frequency image,binary label: channeling exists if >1% pixels have Zc < 2.5,threshold at 1% channeling pixels,random_split_depth_leakage_risk,val_auc,0.95361,fraction,validation,overall,/mnt/c/Users/Administrator/Desktop/Hal/results/temp_result/改进memo.md,markdown_memo,text_regex_explicit_auc,medium,baseline,explicit text value 0.95361; split construction not described in source; random_split_depth_leakage_risk; split_audit=random_split_depth_leakage_risk
EXP-006,CNN binary classification: CWT-label relationship test,baseline,CNN classifier,8-channel CWT time-frequency image,binary label: channeling exists if >1% pixels have Zc < 2.5,threshold at 1% channeling pixels,random_split_depth_leakage_risk,val_auc,0.95361,fraction,validation,overall,/mnt/c/Users/Administrator/Desktop/Hal/results/temp_result/改进memo.md,memo_claims_csv,memo_claims_csv_regex,medium,baseline,claim_id=memo-06; derived from memo_experiment_claims.csv; raw memo also cited; random_split_depth_leakage_risk; split_audit=random_split_depth_leakage_risk
EXP-007,1D percentage label profile regression,1D percentage label,EfficientNetV2B0 with regression head,8-channel CWT time-frequency image,depth-wise channeling percentage profile,"mean(Zc<2.5) over azimuth per depth, expressed as 0-100%",random_split_depth_leakage_risk,accuracy,0.86348682642,fraction,train,overall,/mnt/c/Users/Administrator/Desktop/Hal/results/FFT_EfficientNet/output/image_translation/array_03/logs/training_history.pkl,pickle_training_history,pickle_training_history_best,strong,fallback_mainline,summary_stat=max; best_epoch=64; history_epochs=72; pkl_sha256_prefix=673fb5e8b058b415; duplicate_history_hash=673fb5e8b058b415; duplicate_group_size=6; first_seen=FFT_EfficientNet/output/image_translation/array_03/logs/training_history.pkl; random_split_depth_leakage_risk; split_audit=random_split_depth_leakage_risk
EXP-007,1D percentage label profile regression,1D percentage label,EfficientNetV2B0 with regression head,8-channel CWT time-frequency image,depth-wise channeling percentage profile,"mean(Zc<2.5) over azimuth per depth, expressed as 0-100%",random_split_depth_leakage_risk,accuracy_final,0.856085538864,fraction,train,overall,/mnt/c/Users/Administrator/Desktop/Hal/results/FFT_EfficientNet/output/image_translation/array_03/logs/training_history.pkl,pickle_training_history,pickle_training_history_final,strong,fallback_mainline,summary_stat=final; final_epoch=72; pkl_sha256_prefix=673fb5e8b058b415; duplicate_history_hash=673fb5e8b058b415; duplicate_group_size=6; first_seen=FFT_EfficientNet/output/image_translation/array_03/logs/training_history.pkl; random_split_depth_leakage_risk; split_audit=random_split_depth_leakage_risk
EXP-007,1D percentage label profile regression,1D percentage label,EfficientNetV2B0 with regression head,8-channel CWT time-frequency image,depth-wise channeling percentage profile,"mean(Zc<2.5) over azimuth per depth, expressed as 0-100%",random_split_depth_leakage_risk,auc,0.928303062916,fraction,train,overall,/mnt/c/Users/Administrator/Desktop/Hal/results/FFT_EfficientNet/output/image_translation/array_03/logs/training_history.pkl,pickle_training_history,pickle_training_history_best,strong,fallback_mainline,summary_stat=max; best_epoch=69; history_epochs=72; pkl_sha256_prefix=673fb5e8b058b415; duplicate_history_hash=673fb5e8b058b415; duplicate_group_size=6; first_seen=FFT_EfficientNet/output/image_translation/array_03/logs/training_history.pkl; random_split_depth_leakage_risk; split_audit=random_split_depth_leakage_risk
EXP-007,1D percentage label profile regression,1D percentage label,EfficientNetV2B0 with regression head,8-channel CWT time-frequency image,depth-wise channeling percentage profile,"mean(Zc<2.5) over azimuth per depth, expressed as 0-100%",random_split_depth_leakage_risk,auc_final,0.926550865173,fraction,train,overall,/mnt/c/Users/Administrator/Desktop/Hal/results/FFT_EfficientNet/output/image_translation/array_03/logs/training_history.pkl,pickle_training_history,pickle_training_history_final,strong,fallback_mainline,summary_stat=final; final_epoch=72; pkl_sha256_prefix=673fb5e8b058b415; duplicate_history_hash=673fb5e8b058b415; duplicate_group_size=6; first_seen=FFT_EfficientNet/output/image_translation/array_03/logs/training_history.pkl; random_split_depth_leakage_risk; split_audit=random_split_depth_leakage_risk
EXP-007,1D percentage label profile regression,1D percentage label,EfficientNetV2B0 with regression head,8-channel CWT time-frequency image,depth-wise channeling percentage profile,"mean(Zc<2.5) over azimuth per depth, expressed as 0-100%",random_split_depth_leakage_risk,epoch_count,72,epochs,train,overall,/mnt/c/Users/Administrator/Desktop/Hal/results/FFT_EfficientNet/output/image_translation/array_03/logs/training_history.pkl,pickle_training_history,pickle_training_history_epoch_count,strong,fallback_mainline,pkl_sha256_prefix=673fb5e8b058b415; duplicate_history_hash=673fb5e8b058b415; duplicate_group_size=6; first_seen=FFT_EfficientNet/output/image_translation/array_03/logs/training_history.pkl; random_split_depth_leakage_risk; split_audit=random_split_depth_leakage_risk
EXP-007,1D percentage label profile regression,1D percentage label,EfficientNetV2B0 with regression head,8-channel CWT time-frequency image,depth-wise channeling percentage profile,"mean(Zc<2.5) over azimuth per depth, expressed as 0-100%",random_split_depth_leakage_risk,loss,0.34475684166,loss,train,overall,/mnt/c/Users/Administrator/Desktop/Hal/results/FFT_EfficientNet/output/image_translation/array_03/logs/training_history.pkl,pickle_training_history,pickle_training_history_best,strong,fallback_mainline,summary_stat=min; best_epoch=65; history_epochs=72; pkl_sha256_prefix=673fb5e8b058b415; duplicate_history_hash=673fb5e8b058b415; duplicate_group_size=6; first_seen=FFT_EfficientNet/output/image_translation/array_03/logs/training_history.pkl; random_split_depth_leakage_risk; split_audit=random_split_depth_leakage_risk
EXP-007,1D percentage label profile regression,1D percentage label,EfficientNetV2B0 with regression head,8-channel CWT time-frequency image,depth-wise channeling percentage profile,"mean(Zc<2.5) over azimuth per depth, expressed as 0-100%",random_split_depth_leakage_risk,loss_final,0.346724122763,loss,train,overall,/mnt/c/Users/Administrator/Desktop/Hal/results/FFT_EfficientNet/output/image_translation/array_03/logs/training_history.pkl,pickle_training_history,pickle_training_history_final,strong,fallback_mainline,summary_stat=final; final_epoch=72; pkl_sha256_prefix=673fb5e8b058b415; duplicate_history_hash=673fb5e8b058b415; duplicate_group_size=6; first_seen=FFT_EfficientNet/output/image_translation/array_03/logs/training_history.pkl; random_split_depth_leakage_risk; split_audit=random_split_depth_leakage_risk
EXP-007,1D percentage label profile regression,1D percentage label,EfficientNetV2B0 with regression head,8-channel CWT time-frequency image,depth-wise channeling percentage profile,"mean(Zc<2.5) over azimuth per depth, expressed as 0-100%",random_split_depth_leakage_risk,val_accuracy,0.885365843773,fraction,validation,overall,/mnt/c/Users/Administrator/Desktop/Hal/results/FFT_EfficientNet/output/image_translation/array_03/logs/training_history.pkl,pickle_training_history,pickle_training_history_best,strong,fallback_mainline,summary_stat=max; best_epoch=71; history_epochs=72; pkl_sha256_prefix=673fb5e8b058b415; duplicate_history_hash=673fb5e8b058b415; duplicate_group_size=6; first_seen=FFT_EfficientNet/output/image_translation/array_03/logs/training_history.pkl; random_split_depth_leakage_risk; split_audit=random_split_depth_leakage_risk
EXP-007,1D percentage label profile regression,1D percentage label,EfficientNetV2B0 with regression head,8-channel CWT time-frequency image,depth-wise channeling percentage profile,"mean(Zc<2.5) over azimuth per depth, expressed as 0-100%",random_split_depth_leakage_risk,val_accuracy_final,0.858536601067,fraction,validation,overall,/mnt/c/Users/Administrator/Desktop/Hal/results/FFT_EfficientNet/output/image_translation/array_03/logs/training_history.pkl,pickle_training_history,pickle_training_history_final,strong,fallback_mainline,summary_stat=final; final_epoch=72; pkl_sha256_prefix=673fb5e8b058b415; duplicate_history_hash=673fb5e8b058b415; duplicate_group_size=6; first_seen=FFT_EfficientNet/output/image_translation/array_03/logs/training_history.pkl; random_split_depth_leakage_risk; split_audit=random_split_depth_leakage_risk
EXP-007,1D percentage label profile regression,1D percentage label,EfficientNetV2B0 with regression head,8-channel CWT time-frequency image,depth-wise channeling percentage profile,"mean(Zc<2.5) over azimuth per depth, expressed as 0-100%",random_split_depth_leakage_risk,val_auc,0.95360827446,fraction,validation,overall,/mnt/c/Users/Administrator/Desktop/Hal/results/FFT_EfficientNet/output/image_translation/array_03/logs/training_history.pkl,pickle_training_history,pickle_training_history_best,strong,fallback_mainline,summary_stat=max; best_epoch=57; history_epochs=72; pkl_sha256_prefix=673fb5e8b058b415; duplicate_history_hash=673fb5e8b058b415; duplicate_group_size=6; first_seen=FFT_EfficientNet/output/image_translation/array_03/logs/training_history.pkl; random_split_depth_leakage_risk; split_audit=random_split_depth_leakage_risk
EXP-007,1D percentage label profile regression,1D percentage label,EfficientNetV2B0 with regression head,8-channel CWT time-frequency image,depth-wise channeling percentage profile,"mean(Zc<2.5) over azimuth per depth, expressed as 0-100%",random_split_depth_leakage_risk,val_auc_final,0.931717038155,fraction,validation,overall,/mnt/c/Users/Administrator/Desktop/Hal/results/FFT_EfficientNet/output/image_translation/array_03/logs/training_history.pkl,pickle_training_history,pickle_training_history_final,strong,fallback_mainline,summary_stat=final; final_epoch=72; pkl_sha256_prefix=673fb5e8b058b415; duplicate_history_hash=673fb5e8b058b415; duplicate_group_size=6; first_seen=FFT_EfficientNet/output/image_translation/array_03/logs/training_history.pkl; random_split_depth_leakage_risk; split_audit=random_split_depth_leakage_risk
EXP-007,1D percentage label profile regression,1D percentage label,EfficientNetV2B0 with regression head,8-channel CWT time-frequency image,depth-wise channeling percentage profile,"mean(Zc<2.5) over azimuth per depth, expressed as 0-100%",random_split_depth_leakage_risk,val_loss,0.313600122929,loss,validation,overall,/mnt/c/Users/Administrator/Desktop/Hal/results/FFT_EfficientNet/output/image_translation/array_03/logs/training_history.pkl,pickle_training_history,pickle_training_history_best,strong,fallback_mainline,summary_stat=min; best_epoch=71; history_epochs=72; pkl_sha256_prefix=673fb5e8b058b415; duplicate_history_hash=673fb5e8b058b415; duplicate_group_size=6; first_seen=FFT_EfficientNet/output/image_translation/array_03/logs/training_history.pkl; random_split_depth_leakage_risk; split_audit=random_split_depth_leakage_risk
EXP-007,1D percentage label profile regression,1D percentage label,EfficientNetV2B0 with regression head,8-channel CWT time-frequency image,depth-wise channeling percentage profile,"mean(Zc<2.5) over azimuth per depth, expressed as 0-100%",random_split_depth_leakage_risk,val_loss_final,0.343364328146,loss,validation,overall,/mnt/c/Users/Administrator/Desktop/Hal/results/FFT_EfficientNet/output/image_translation/array_03/logs/training_history.pkl,pickle_training_history,pickle_training_history_final,strong,fallback_mainline,summary_stat=final; final_epoch=72; pkl_sha256_prefix=673fb5e8b058b415; duplicate_history_hash=673fb5e8b058b415; duplicate_group_size=6; first_seen=FFT_EfficientNet/output/image_translation/array_03/logs/training_history.pkl; random_split_depth_leakage_risk; split_audit=random_split_depth_leakage_risk
EXP-007,1D percentage label profile regression,1D percentage label,EfficientNetV2B0 with regression head,8-channel CWT time-frequency image,depth-wise channeling percentage profile,"mean(Zc<2.5) over azimuth per depth, expressed as 0-100%",random_split_depth_leakage_risk,epoch_count,100,epochs,train,overall,/mnt/c/Users/Administrator/Desktop/Hal/results/FFT_EfficientNet/output/image_translation/array_03/logs/training_history_advanced.pkl,pickle_training_history,pickle_training_history_epoch_count,strong,fallback_mainline,pkl_sha256_prefix=cc58fc273535b8e2; duplicate_history_hash=cc58fc273535b8e2; duplicate_group_size=4; first_seen=FFT_EfficientNet/output/image_translation/array_03/logs/training_history_advanced.pkl; random_split_depth_leakage_risk; split_audit=random_split_depth_leakage_risk
EXP-007,1D percentage label profile regression,1D percentage label,EfficientNetV2B0 with regression head,8-channel CWT time-frequency image,depth-wise channeling percentage profile,"mean(Zc<2.5) over azimuth per depth, expressed as 0-100%",random_split_depth_leakage_risk,loss,0.902002155781,loss,train,overall,/mnt/c/Users/Administrator/Desktop/Hal/results/FFT_EfficientNet/output/image_translation/array_03/logs/training_history_advanced.pkl,pickle_training_history,pickle_training_history_best,strong,fallback_mainline,summary_stat=min; best_epoch=59; history_epochs=100; pkl_sha256_prefix=cc58fc273535b8e2; duplicate_history_hash=cc58fc273535b8e2; duplicate_group_size=4; first_seen=FFT_EfficientNet/output/image_translation/array_03/logs/training_history_advanced.pkl; random_split_depth_leakage_risk; split_audit=random_split_depth_leakage_risk
EXP-007,1D percentage label profile regression,1D percentage label,EfficientNetV2B0 with regression head,8-channel CWT time-frequency image,depth-wise channeling percentage profile,"mean(Zc<2.5) over azimuth per depth, expressed as 0-100%",random_split_depth_leakage_risk,loss_final,0.929519951344,loss,train,overall,/mnt/c/Users/Administrator/Desktop/Hal/results/FFT_EfficientNet/output/image_translation/array_03/logs/training_history_advanced.pkl,pickle_training_history,pickle_training_history_final,strong,fallback_mainline,summary_stat=final; final_epoch=100; pkl_sha256_prefix=cc58fc273535b8e2; duplicate_history_hash=cc58fc273535b8e2; duplicate_group_size=4; first_seen=FFT_EfficientNet/output/image_translation/array_03/logs/training_history_advanced.pkl; random_split_depth_leakage_risk; split_audit=random_split_depth_leakage_risk
EXP-007,1D percentage label profile regression,1D percentage label,EfficientNetV2B0 with regression head,8-channel CWT time-frequency image,depth-wise channeling percentage profile,"mean(Zc<2.5) over azimuth per depth, expressed as 0-100%",random_split_depth_leakage_risk,mae,0.986433625221,label_units,train,overall,/mnt/c/Users/Administrator/Desktop/Hal/results/FFT_EfficientNet/output/image_translation/array_03/logs/training_history_advanced.pkl,pickle_training_history,pickle_training_history_best,strong,fallback_mainline,summary_stat=min; best_epoch=59; history_epochs=100; pkl_sha256_prefix=cc58fc273535b8e2; duplicate_history_hash=cc58fc273535b8e2; duplicate_group_size=4; first_seen=FFT_EfficientNet/output/image_translation/array_03/logs/training_history_advanced.pkl; random_split_depth_leakage_risk; split_audit=random_split_depth_leakage_risk
EXP-007,1D percentage label profile regression,1D percentage label,EfficientNetV2B0 with regression head,8-channel CWT time-frequency image,depth-wise channeling percentage profile,"mean(Zc<2.5) over azimuth per depth, expressed as 0-100%",random_split_depth_leakage_risk,mae_final,1.01652181149,label_units,train,overall,/mnt/c/Users/Administrator/Desktop/Hal/results/FFT_EfficientNet/output/image_translation/array_03/logs/training_history_advanced.pkl,pickle_training_history,pickle_training_history_final,strong,fallback_mainline,summary_stat=final; final_epoch=100; pkl_sha256_prefix=cc58fc273535b8e2; duplicate_history_hash=cc58fc273535b8e2; duplicate_group_size=4; first_seen=FFT_EfficientNet/output/image_translation/array_03/logs/training_history_advanced.pkl; random_split_depth_leakage_risk; split_audit=random_split_depth_leakage_risk
EXP-007,1D percentage label profile regression,1D percentage label,EfficientNetV2B0 with regression head,8-channel CWT time-frequency image,depth-wise channeling percentage profile,"mean(Zc<2.5) over azimuth per depth, expressed as 0-100%",random_split_depth_leakage_risk,val_loss,0.458220243454,loss,validation,overall,/mnt/c/Users/Administrator/Desktop/Hal/results/FFT_EfficientNet/output/image_translation/array_03/logs/training_history_advanced.pkl,pickle_training_history,pickle_training_history_best,strong,fallback_mainline,summary_stat=min; best_epoch=80; history_epochs=100; pkl_sha256_prefix=cc58fc273535b8e2; duplicate_history_hash=cc58fc273535b8e2; duplicate_group_size=4; first_seen=FFT_EfficientNet/output/image_translation/array_03/logs/training_history_advanced.pkl; random_split_depth_leakage_risk; split_audit=random_split_depth_leakage_risk
EXP-007,1D percentage label profile regression,1D percentage label,EfficientNetV2B0 with regression head,8-channel CWT time-frequency image,depth-wise channeling percentage profile,"mean(Zc<2.5) over azimuth per depth, expressed as 0-100%",random_split_depth_leakage_risk,val_loss_final,0.497596085072,loss,validation,overall,/mnt/c/Users/Administrator/Desktop/Hal/results/FFT_EfficientNet/output/image_translation/array_03/logs/training_history_advanced.pkl,pickle_training_history,pickle_training_history_final,strong,fallback_mainline,summary_stat=final; final_epoch=100; pkl_sha256_prefix=cc58fc273535b8e2; duplicate_history_hash=cc58fc273535b8e2; duplicate_group_size=4; first_seen=FFT_EfficientNet/output/image_translation/array_03/logs/training_history_advanced.pkl; random_split_depth_leakage_risk; split_audit=random_split_depth_leakage_risk
EXP-007,1D percentage label profile regression,1D percentage label,EfficientNetV2B0 with regression head,8-channel CWT time-frequency image,depth-wise channeling percentage profile,"mean(Zc<2.5) over azimuth per depth, expressed as 0-100%",random_split_depth_leakage_risk,val_mae,0.513735711575,label_units,validation,overall,/mnt/c/Users/Administrator/Desktop/Hal/results/FFT_EfficientNet/output/image_translation/array_03/logs/training_history_advanced.pkl,pickle_training_history,pickle_training_history_best,strong,fallback_mainline,summary_stat=min; best_epoch=80; history_epochs=100; pkl_sha256_prefix=cc58fc273535b8e2; duplicate_history_hash=cc58fc273535b8e2; duplicate_group_size=4; first_seen=FFT_EfficientNet/output/image_translation/array_03/logs/training_history_advanced.pkl; random_split_depth_leakage_risk; split_audit=random_split_depth_leakage_risk
EXP-007,1D percentage label profile regression,1D percentage label,EfficientNetV2B0 with regression head,8-channel CWT time-frequency image,depth-wise channeling percentage profile,"mean(Zc<2.5) over azimuth per depth, expressed as 0-100%",random_split_depth_leakage_risk,val_mae_final,0.557627856731,label_units,validation,overall,/mnt/c/Users/Administrator/Desktop/Hal/results/FFT_EfficientNet/output/image_translation/array_03/logs/training_history_advanced.pkl,pickle_training_history,pickle_training_history_final,strong,fallback_mainline,summary_stat=final; final_epoch=100; pkl_sha256_prefix=cc58fc273535b8e2; duplicate_history_hash=cc58fc273535b8e2; duplicate_group_size=4; first_seen=FFT_EfficientNet/output/image_translation/array_03/logs/training_history_advanced.pkl; random_split_depth_leakage_risk; split_audit=random_split_depth_leakage_risk
EXP-007,1D percentage label profile regression,1D percentage label,EfficientNetV2B0 with regression head,8-channel CWT time-frequency image,depth-wise channeling percentage profile,"mean(Zc<2.5) over azimuth per depth, expressed as 0-100%",random_split_depth_leakage_risk,image_only_error_distribution_by_category,image_only_needs_manual_read,image_only,unknown,overall,/mnt/c/Users/Administrator/Desktop/Hal/results/FFT_EfficientNet/output/image_translation/array_03/results/final_analysis_plots/_error_distribution_by_category.png,image,image_metadata_no_ocr,needs_manual_read,fallback_mainline,Image identified as metric/analysis figure; no OCR performed; manually read or redraw before using numeric values; random_split_depth_leakage_risk; split_audit=random_split_depth_leakage_risk
EXP-007,1D percentage label profile regression,1D percentage label,EfficientNetV2B0 with regression head,8-channel CWT time-frequency image,depth-wise channeling percentage profile,"mean(Zc<2.5) over azimuth per depth, expressed as 0-100%",random_split_depth_leakage_risk,image_only_overall_performance_scatter,image_only_needs_manual_read,image_only,unknown,overall,/mnt/c/Users/Administrator/Desktop/Hal/results/FFT_EfficientNet/output/image_translation/array_03/results/final_analysis_plots/_overall_performance_scatter.png,image,image_metadata_no_ocr,needs_manual_read,fallback_mainline,Image identified as metric/analysis figure; no OCR performed; manually read or redraw before using numeric values; random_split_depth_leakage_risk; split_audit=random_split_depth_leakage_risk
EXP-007,1D percentage label profile regression,1D percentage label,EfficientNetV2B0 with regression head,8-channel CWT time-frequency image,depth-wise channeling percentage profile,"mean(Zc<2.5) over azimuth per depth, expressed as 0-100%",random_split_depth_leakage_risk,image_only_prediction_comparison,image_only_needs_manual_read,image_only,unknown,overall,/mnt/c/Users/Administrator/Desktop/Hal/results/FFT_EfficientNet/output/image_translation/array_03/results/original_model_analysis_plots/_virtual_log_comparison.png,image,image_metadata_no_ocr,needs_manual_read,fallback_mainline,Image identified as metric/analysis figure; no OCR performed; manually read or redraw before using numeric values; random_split_depth_leakage_risk; split_audit=random_split_depth_leakage_risk
EXP-007,1D percentage label profile regression,1D percentage label,EfficientNetV2B0 with regression head,8-channel CWT time-frequency image,depth-wise channeling percentage profile,"mean(Zc<2.5) over azimuth per depth, expressed as 0-100%",random_split_depth_leakage_risk,accuracy,0.86348682642,fraction,train,overall,/mnt/c/Users/Administrator/Desktop/Hal/results/FFT_EfficientNet_1/output/image_translation/array_03/logs/training_history.pkl,pickle_training_history,pickle_training_history_best,strong,fallback_mainline,summary_stat=max; best_epoch=64; history_epochs=72; pkl_sha256_prefix=673fb5e8b058b415; duplicate_history_hash=673fb5e8b058b415; duplicate_group_size=6; first_seen=FFT_EfficientNet/output/image_translation/array_03/logs/training_history.pkl; random_split_depth_leakage_risk; split_audit=random_split_depth_leakage_risk
EXP-007,1D percentage label profile regression,1D percentage label,EfficientNetV2B0 with regression head,8-channel CWT time-frequency image,depth-wise channeling percentage profile,"mean(Zc<2.5) over azimuth per depth, expressed as 0-100%",random_split_depth_leakage_risk,accuracy_final,0.856085538864,fraction,train,overall,/mnt/c/Users/Administrator/Desktop/Hal/results/FFT_EfficientNet_1/output/image_translation/array_03/logs/training_history.pkl,pickle_training_history,pickle_training_history_final,strong,fallback_mainline,summary_stat=final; final_epoch=72; pkl_sha256_prefix=673fb5e8b058b415; duplicate_history_hash=673fb5e8b058b415; duplicate_group_size=6; first_seen=FFT_EfficientNet/output/image_translation/array_03/logs/training_history.pkl; random_split_depth_leakage_risk; split_audit=random_split_depth_leakage_risk
EXP-007,1D percentage label profile regression,1D percentage label,EfficientNetV2B0 with regression head,8-channel CWT time-frequency image,depth-wise channeling percentage profile,"mean(Zc<2.5) over azimuth per depth, expressed as 0-100%",random_split_depth_leakage_risk,auc,0.928303062916,fraction,train,overall,/mnt/c/Users/Administrator/Desktop/Hal/results/FFT_EfficientNet_1/output/image_translation/array_03/logs/training_history.pkl,pickle_training_history,pickle_training_history_best,strong,fallback_mainline,summary_stat=max; best_epoch=69; history_epochs=72; pkl_sha256_prefix=673fb5e8b058b415; duplicate_history_hash=673fb5e8b058b415; duplicate_group_size=6; first_seen=FFT_EfficientNet/output/image_translation/array_03/logs/training_history.pkl; random_split_depth_leakage_risk; split_audit=random_split_depth_leakage_risk
EXP-007,1D percentage label profile regression,1D percentage label,EfficientNetV2B0 with regression head,8-channel CWT time-frequency image,depth-wise channeling percentage profile,"mean(Zc<2.5) over azimuth per depth, expressed as 0-100%",random_split_depth_leakage_risk,auc_final,0.926550865173,fraction,train,overall,/mnt/c/Users/Administrator/Desktop/Hal/results/FFT_EfficientNet_1/output/image_translation/array_03/logs/training_history.pkl,pickle_training_history,pickle_training_history_final,strong,fallback_mainline,summary_stat=final; final_epoch=72; pkl_sha256_prefix=673fb5e8b058b415; duplicate_history_hash=673fb5e8b058b415; duplicate_group_size=6; first_seen=FFT_EfficientNet/output/image_translation/array_03/logs/training_history.pkl; random_split_depth_leakage_risk; split_audit=random_split_depth_leakage_risk
EXP-007,1D percentage label profile regression,1D percentage label,EfficientNetV2B0 with regression head,8-channel CWT time-frequency image,depth-wise channeling percentage profile,"mean(Zc<2.5) over azimuth per depth, expressed as 0-100%",random_split_depth_leakage_risk,epoch_count,72,epochs,train,overall,/mnt/c/Users/Administrator/Desktop/Hal/results/FFT_EfficientNet_1/output/image_translation/array_03/logs/training_history.pkl,pickle_training_history,pickle_training_history_epoch_count,strong,fallback_mainline,pkl_sha256_prefix=673fb5e8b058b415; duplicate_history_hash=673fb5e8b058b415; duplicate_group_size=6; first_seen=FFT_EfficientNet/output/image_translation/array_03/logs/training_history.pkl; random_split_depth_leakage_risk; split_audit=random_split_depth_leakage_risk
EXP-007,1D percentage label profile regression,1D percentage label,EfficientNetV2B0 with regression head,8-channel CWT time-frequency image,depth-wise channeling percentage profile,"mean(Zc<2.5) over azimuth per depth, expressed as 0-100%",random_split_depth_leakage_risk,loss,0.34475684166,loss,train,overall,/mnt/c/Users/Administrator/Desktop/Hal/results/FFT_EfficientNet_1/output/image_translation/array_03/logs/training_history.pkl,pickle_training_history,pickle_training_history_best,strong,fallback_mainline,summary_stat=min; best_epoch=65; history_epochs=72; pkl_sha256_prefix=673fb5e8b058b415; duplicate_history_hash=673fb5e8b058b415; duplicate_group_size=6; first_seen=FFT_EfficientNet/output/image_translation/array_03/logs/training_history.pkl; random_split_depth_leakage_risk; split_audit=random_split_depth_leakage_risk
EXP-007,1D percentage label profile regression,1D percentage label,EfficientNetV2B0 with regression head,8-channel CWT time-frequency image,depth-wise channeling percentage profile,"mean(Zc<2.5) over azimuth per depth, expressed as 0-100%",random_split_depth_leakage_risk,loss_final,0.346724122763,loss,train,overall,/mnt/c/Users/Administrator/Desktop/Hal/results/FFT_EfficientNet_1/output/image_translation/array_03/logs/training_history.pkl,pickle_training_history,pickle_training_history_final,strong,fallback_mainline,summary_stat=final; final_epoch=72; pkl_sha256_prefix=673fb5e8b058b415; duplicate_history_hash=673fb5e8b058b415; duplicate_group_size=6; first_seen=FFT_EfficientNet/output/image_translation/array_03/logs/training_history.pkl; random_split_depth_leakage_risk; split_audit=random_split_depth_leakage_risk
EXP-007,1D percentage label profile regression,1D percentage label,EfficientNetV2B0 with regression head,8-channel CWT time-frequency image,depth-wise channeling percentage profile,"mean(Zc<2.5) over azimuth per depth, expressed as 0-100%",random_split_depth_leakage_risk,val_accuracy,0.885365843773,fraction,validation,overall,/mnt/c/Users/Administrator/Desktop/Hal/results/FFT_EfficientNet_1/output/image_translation/array_03/logs/training_history.pkl,pickle_training_history,pickle_training_history_best,strong,fallback_mainline,summary_stat=max; best_epoch=71; history_epochs=72; pkl_sha256_prefix=673fb5e8b058b415; duplicate_history_hash=673fb5e8b058b415; duplicate_group_size=6; first_seen=FFT_EfficientNet/output/image_translation/array_03/logs/training_history.pkl; random_split_depth_leakage_risk; split_audit=random_split_depth_leakage_risk
EXP-007,1D percentage label profile regression,1D percentage label,EfficientNetV2B0 with regression head,8-channel CWT time-frequency image,depth-wise channeling percentage profile,"mean(Zc<2.5) over azimuth per depth, expressed as 0-100%",random_split_depth_leakage_risk,val_accuracy_final,0.858536601067,fraction,validation,overall,/mnt/c/Users/Administrator/Desktop/Hal/results/FFT_EfficientNet_1/output/image_translation/array_03/logs/training_history.pkl,pickle_training_history,pickle_training_history_final,strong,fallback_mainline,summary_stat=final; final_epoch=72; pkl_sha256_prefix=673fb5e8b058b415; duplicate_history_hash=673fb5e8b058b415; duplicate_group_size=6; first_seen=FFT_EfficientNet/output/image_translation/array_03/logs/training_history.pkl; random_split_depth_leakage_risk; split_audit=random_split_depth_leakage_risk
EXP-007,1D percentage label profile regression,1D percentage label,EfficientNetV2B0 with regression head,8-channel CWT time-frequency image,depth-wise channeling percentage profile,"mean(Zc<2.5) over azimuth per depth, expressed as 0-100%",random_split_depth_leakage_risk,val_auc,0.95360827446,fraction,validation,overall,/mnt/c/Users/Administrator/Desktop/Hal/results/FFT_EfficientNet_1/output/image_translation/array_03/logs/training_history.pkl,pickle_training_history,pickle_training_history_best,strong,fallback_mainline,summary_stat=max; best_epoch=57; history_epochs=72; pkl_sha256_prefix=673fb5e8b058b415; duplicate_history_hash=673fb5e8b058b415; duplicate_group_size=6; first_seen=FFT_EfficientNet/output/image_translation/array_03/logs/training_history.pkl; random_split_depth_leakage_risk; split_audit=random_split_depth_leakage_risk
EXP-007,1D percentage label profile regression,1D percentage label,EfficientNetV2B0 with regression head,8-channel CWT time-frequency image,depth-wise channeling percentage profile,"mean(Zc<2.5) over azimuth per depth, expressed as 0-100%",random_split_depth_leakage_risk,val_auc_final,0.931717038155,fraction,validation,overall,/mnt/c/Users/Administrator/Desktop/Hal/results/FFT_EfficientNet_1/output/image_translation/array_03/logs/training_history.pkl,pickle_training_history,pickle_training_history_final,strong,fallback_mainline,summary_stat=final; final_epoch=72; pkl_sha256_prefix=673fb5e8b058b415; duplicate_history_hash=673fb5e8b058b415; duplicate_group_size=6; first_seen=FFT_EfficientNet/output/image_translation/array_03/logs/training_history.pkl; random_split_depth_leakage_risk; split_audit=random_split_depth_leakage_risk
EXP-007,1D percentage label profile regression,1D percentage label,EfficientNetV2B0 with regression head,8-channel CWT time-frequency image,depth-wise channeling percentage profile,"mean(Zc<2.5) over azimuth per depth, expressed as 0-100%",random_split_depth_leakage_risk,val_loss,0.313600122929,loss,validation,overall,/mnt/c/Users/Administrator/Desktop/Hal/results/FFT_EfficientNet_1/output/image_translation/array_03/logs/training_history.pkl,pickle_training_history,pickle_training_history_best,strong,fallback_mainline,summary_stat=min; best_epoch=71; history_epochs=72; pkl_sha256_prefix=673fb5e8b058b415; duplicate_history_hash=673fb5e8b058b415; duplicate_group_size=6; first_seen=FFT_EfficientNet/output/image_translation/array_03/logs/training_history.pkl; random_split_depth_leakage_risk; split_audit=random_split_depth_leakage_risk
EXP-007,1D percentage label profile regression,1D percentage label,EfficientNetV2B0 with regression head,8-channel CWT time-frequency image,depth-wise channeling percentage profile,"mean(Zc<2.5) over azimuth per depth, expressed as 0-100%",random_split_depth_leakage_risk,val_loss_final,0.343364328146,loss,validation,overall,/mnt/c/Users/Administrator/Desktop/Hal/results/FFT_EfficientNet_1/output/image_translation/array_03/logs/training_history.pkl,pickle_training_history,pickle_training_history_final,strong,fallback_mainline,summary_stat=final; final_epoch=72; pkl_sha256_prefix=673fb5e8b058b415; duplicate_history_hash=673fb5e8b058b415; duplicate_group_size=6; first_seen=FFT_EfficientNet/output/image_translation/array_03/logs/training_history.pkl; random_split_depth_leakage_risk; split_audit=random_split_depth_leakage_risk
EXP-007,1D percentage label profile regression,1D percentage label,EfficientNetV2B0 with regression head,8-channel CWT time-frequency image,depth-wise channeling percentage profile,"mean(Zc<2.5) over azimuth per depth, expressed as 0-100%",random_split_depth_leakage_risk,epoch_count,100,epochs,train,overall,/mnt/c/Users/Administrator/Desktop/Hal/results/FFT_EfficientNet_1/output/image_translation/array_03/logs/training_history_advanced.pkl,pickle_training_history,pickle_training_history_epoch_count,strong,fallback_mainline,pkl_sha256_prefix=cc58fc273535b8e2; duplicate_history_hash=cc58fc273535b8e2; duplicate_group_size=4; first_seen=FFT_EfficientNet/output/image_translation/array_03/logs/training_history_advanced.pkl; random_split_depth_leakage_risk; split_audit=random_split_depth_leakage_risk
EXP-007,1D percentage label profile regression,1D percentage label,EfficientNetV2B0 with regression head,8-channel CWT time-frequency image,depth-wise channeling percentage profile,"mean(Zc<2.5) over azimuth per depth, expressed as 0-100%",random_split_depth_leakage_risk,loss,0.902002155781,loss,train,overall,/mnt/c/Users/Administrator/Desktop/Hal/results/FFT_EfficientNet_1/output/image_translation/array_03/logs/training_history_advanced.pkl,pickle_training_history,pickle_training_history_best,strong,fallback_mainline,summary_stat=min; best_epoch=59; history_epochs=100; pkl_sha256_prefix=cc58fc273535b8e2; duplicate_history_hash=cc58fc273535b8e2; duplicate_group_size=4; first_seen=FFT_EfficientNet/output/image_translation/array_03/logs/training_history_advanced.pkl; random_split_depth_leakage_risk; split_audit=random_split_depth_leakage_risk
EXP-007,1D percentage label profile regression,1D percentage label,EfficientNetV2B0 with regression head,8-channel CWT time-frequency image,depth-wise channeling percentage profile,"mean(Zc<2.5) over azimuth per depth, expressed as 0-100%",random_split_depth_leakage_risk,loss_final,0.929519951344,loss,train,overall,/mnt/c/Users/Administrator/Desktop/Hal/results/FFT_EfficientNet_1/output/image_translation/array_03/logs/training_history_advanced.pkl,pickle_training_history,pickle_training_history_final,strong,fallback_mainline,summary_stat=final; final_epoch=100; pkl_sha256_prefix=cc58fc273535b8e2; duplicate_history_hash=cc58fc273535b8e2; duplicate_group_size=4; first_seen=FFT_EfficientNet/output/image_translation/array_03/logs/training_history_advanced.pkl; random_split_depth_leakage_risk; split_audit=random_split_depth_leakage_risk
EXP-007,1D percentage label profile regression,1D percentage label,EfficientNetV2B0 with regression head,8-channel CWT time-frequency image,depth-wise channeling percentage profile,"mean(Zc<2.5) over azimuth per depth, expressed as 0-100%",random_split_depth_leakage_risk,mae,0.986433625221,label_units,train,overall,/mnt/c/Users/Administrator/Desktop/Hal/results/FFT_EfficientNet_1/output/image_translation/array_03/logs/training_history_advanced.pkl,pickle_training_history,pickle_training_history_best,strong,fallback_mainline,summary_stat=min; best_epoch=59; history_epochs=100; pkl_sha256_prefix=cc58fc273535b8e2; duplicate_history_hash=cc58fc273535b8e2; duplicate_group_size=4; first_seen=FFT_EfficientNet/output/image_translation/array_03/logs/training_history_advanced.pkl; random_split_depth_leakage_risk; split_audit=random_split_depth_leakage_risk
EXP-007,1D percentage label profile regression,1D percentage label,EfficientNetV2B0 with regression head,8-channel CWT time-frequency image,depth-wise channeling percentage profile,"mean(Zc<2.5) over azimuth per depth, expressed as 0-100%",random_split_depth_leakage_risk,mae_final,1.01652181149,label_units,train,overall,/mnt/c/Users/Administrator/Desktop/Hal/results/FFT_EfficientNet_1/output/image_translation/array_03/logs/training_history_advanced.pkl,pickle_training_history,pickle_training_history_final,strong,fallback_mainline,summary_stat=final; final_epoch=100; pkl_sha256_prefix=cc58fc273535b8e2; duplicate_history_hash=cc58fc273535b8e2; duplicate_group_size=4; first_seen=FFT_EfficientNet/output/image_translation/array_03/logs/training_history_advanced.pkl; random_split_depth_leakage_risk; split_audit=random_split_depth_leakage_risk
EXP-007,1D percentage label profile regression,1D percentage label,EfficientNetV2B0 with regression head,8-channel CWT time-frequency image,depth-wise channeling percentage profile,"mean(Zc<2.5) over azimuth per depth, expressed as 0-100%",random_split_depth_leakage_risk,val_loss,0.458220243454,loss,validation,overall,/mnt/c/Users/Administrator/Desktop/Hal/results/FFT_EfficientNet_1/output/image_translation/array_03/logs/training_history_advanced.pkl,pickle_training_history,pickle_training_history_best,strong,fallback_mainline,summary_stat=min; best_epoch=80; history_epochs=100; pkl_sha256_prefix=cc58fc273535b8e2; duplicate_history_hash=cc58fc273535b8e2; duplicate_group_size=4; first_seen=FFT_EfficientNet/output/image_translation/array_03/logs/training_history_advanced.pkl; random_split_depth_leakage_risk; split_audit=random_split_depth_leakage_risk
EXP-007,1D percentage label profile regression,1D percentage label,EfficientNetV2B0 with regression head,8-channel CWT time-frequency image,depth-wise channeling percentage profile,"mean(Zc<2.5) over azimuth per depth, expressed as 0-100%",random_split_depth_leakage_risk,val_loss_final,0.497596085072,loss,validation,overall,/mnt/c/Users/Administrator/Desktop/Hal/results/FFT_EfficientNet_1/output/image_translation/array_03/logs/training_history_advanced.pkl,pickle_training_history,pickle_training_history_final,strong,fallback_mainline,summary_stat=final; final_epoch=100; pkl_sha256_prefix=cc58fc273535b8e2; duplicate_history_hash=cc58fc273535b8e2; duplicate_group_size=4; first_seen=FFT_EfficientNet/output/image_translation/array_03/logs/training_history_advanced.pkl; random_split_depth_leakage_risk; split_audit=random_split_depth_leakage_risk
EXP-007,1D percentage label profile regression,1D percentage label,EfficientNetV2B0 with regression head,8-channel CWT time-frequency image,depth-wise channeling percentage profile,"mean(Zc<2.5) over azimuth per depth, expressed as 0-100%",random_split_depth_leakage_risk,val_mae,0.513735711575,label_units,validation,overall,/mnt/c/Users/Administrator/Desktop/Hal/results/FFT_EfficientNet_1/output/image_translation/array_03/logs/training_history_advanced.pkl,pickle_training_history,pickle_training_history_best,strong,fallback_mainline,summary_stat=min; best_epoch=80; history_epochs=100; pkl_sha256_prefix=cc58fc273535b8e2; duplicate_history_hash=cc58fc273535b8e2; duplicate_group_size=4; first_seen=FFT_EfficientNet/output/image_translation/array_03/logs/training_history_advanced.pkl; random_split_depth_leakage_risk; split_audit=random_split_depth_leakage_risk
EXP-007,1D percentage label profile regression,1D percentage label,EfficientNetV2B0 with regression head,8-channel CWT time-frequency image,depth-wise channeling percentage profile,"mean(Zc<2.5) over azimuth per depth, expressed as 0-100%",random_split_depth_leakage_risk,val_mae_final,0.557627856731,label_units,validation,overall,/mnt/c/Users/Administrator/Desktop/Hal/results/FFT_EfficientNet_1/output/image_translation/array_03/logs/training_history_advanced.pkl,pickle_training_history,pickle_training_history_final,strong,fallback_mainline,summary_stat=final; final_epoch=100; pkl_sha256_prefix=cc58fc273535b8e2; duplicate_history_hash=cc58fc273535b8e2; duplicate_group_size=4; first_seen=FFT_EfficientNet/output/image_translation/array_03/logs/training_history_advanced.pkl; random_split_depth_leakage_risk; split_audit=random_split_depth_leakage_risk
EXP-007,1D percentage label profile regression,1D percentage label,EfficientNetV2B0 with regression head,8-channel CWT time-frequency image,depth-wise channeling percentage profile,"mean(Zc<2.5) over azimuth per depth, expressed as 0-100%",random_split_depth_leakage_risk,image_only_error_distribution_by_category,image_only_needs_manual_read,image_only,unknown,overall,/mnt/c/Users/Administrator/Desktop/Hal/results/FFT_EfficientNet_1/output/image_translation/array_03/results/final_analysis_plots/_error_distribution_by_category.png,image,image_metadata_no_ocr,needs_manual_read,fallback_mainline,Image identified as metric/analysis figure; no OCR performed; manually read or redraw before using numeric values; random_split_depth_leakage_risk; split_audit=random_split_depth_leakage_risk
EXP-007,1D percentage label profile regression,1D percentage label,EfficientNetV2B0 with regression head,8-channel CWT time-frequency image,depth-wise channeling percentage profile,"mean(Zc<2.5) over azimuth per depth, expressed as 0-100%",random_split_depth_leakage_risk,image_only_overall_performance_scatter,image_only_needs_manual_read,image_only,unknown,overall,/mnt/c/Users/Administrator/Desktop/Hal/results/FFT_EfficientNet_1/output/image_translation/array_03/results/final_analysis_plots/_overall_performance_scatter.png,image,image_metadata_no_ocr,needs_manual_read,fallback_mainline,Image identified as metric/analysis figure; no OCR performed; manually read or redraw before using numeric values; random_split_depth_leakage_risk; split_audit=random_split_depth_leakage_risk
EXP-007,1D percentage label profile regression,1D percentage label,EfficientNetV2B0 with regression head,8-channel CWT time-frequency image,depth-wise channeling percentage profile,"mean(Zc<2.5) over azimuth per depth, expressed as 0-100%",random_split_depth_leakage_risk,image_only_prediction_comparison,image_only_needs_manual_read,image_only,unknown,overall,/mnt/c/Users/Administrator/Desktop/Hal/results/FFT_EfficientNet_1/output/image_translation/array_03/results/original_model_analysis_plots/_virtual_log_comparison.png,image,image_metadata_no_ocr,needs_manual_read,fallback_mainline,Image identified as metric/analysis figure; no OCR performed; manually read or redraw before using numeric values; random_split_depth_leakage_risk; split_audit=random_split_depth_leakage_risk
EXP-007,1D percentage label profile regression,1D percentage label,EfficientNetV2B0 with regression head,8-channel CWT time-frequency image,depth-wise channeling percentage profile,"mean(Zc<2.5) over azimuth per depth, expressed as 0-100%",random_split_depth_leakage_risk,accuracy,0.86348682642,fraction,train,overall,/mnt/c/Users/Administrator/Desktop/Hal/results/temp_result/1D+percentage_Label/output/image_translation/array_03/logs/training_history.pkl,pickle_training_history,pickle_training_history_best,strong,fallback_mainline,summary_stat=max; best_epoch=64; history_epochs=72; pkl_sha256_prefix=673fb5e8b058b415; duplicate_history_hash=673fb5e8b058b415; duplicate_group_size=6; first_seen=FFT_EfficientNet/output/image_translation/array_03/logs/training_history.pkl; random_split_depth_leakage_risk; split_audit=random_split_depth_leakage_risk
EXP-007,1D percentage label profile regression,1D percentage label,EfficientNetV2B0 with regression head,8-channel CWT time-frequency image,depth-wise channeling percentage profile,"mean(Zc<2.5) over azimuth per depth, expressed as 0-100%",random_split_depth_leakage_risk,accuracy_final,0.856085538864,fraction,train,overall,/mnt/c/Users/Administrator/Desktop/Hal/results/temp_result/1D+percentage_Label/output/image_translation/array_03/logs/training_history.pkl,pickle_training_history,pickle_training_history_final,strong,fallback_mainline,summary_stat=final; final_epoch=72; pkl_sha256_prefix=673fb5e8b058b415; duplicate_history_hash=673fb5e8b058b415; duplicate_group_size=6; first_seen=FFT_EfficientNet/output/image_translation/array_03/logs/training_history.pkl; random_split_depth_leakage_risk; split_audit=random_split_depth_leakage_risk
EXP-007,1D percentage label profile regression,1D percentage label,EfficientNetV2B0 with regression head,8-channel CWT time-frequency image,depth-wise channeling percentage profile,"mean(Zc<2.5) over azimuth per depth, expressed as 0-100%",random_split_depth_leakage_risk,auc,0.928303062916,fraction,train,overall,/mnt/c/Users/Administrator/Desktop/Hal/results/temp_result/1D+percentage_Label/output/image_translation/array_03/logs/training_history.pkl,pickle_training_history,pickle_training_history_best,strong,fallback_mainline,summary_stat=max; best_epoch=69; history_epochs=72; pkl_sha256_prefix=673fb5e8b058b415; duplicate_history_hash=673fb5e8b058b415; duplicate_group_size=6; first_seen=FFT_EfficientNet/output/image_translation/array_03/logs/training_history.pkl; random_split_depth_leakage_risk; split_audit=random_split_depth_leakage_risk
EXP-007,1D percentage label profile regression,1D percentage label,EfficientNetV2B0 with regression head,8-channel CWT time-frequency image,depth-wise channeling percentage profile,"mean(Zc<2.5) over azimuth per depth, expressed as 0-100%",random_split_depth_leakage_risk,auc_final,0.926550865173,fraction,train,overall,/mnt/c/Users/Administrator/Desktop/Hal/results/temp_result/1D+percentage_Label/output/image_translation/array_03/logs/training_history.pkl,pickle_training_history,pickle_training_history_final,strong,fallback_mainline,summary_stat=final; final_epoch=72; pkl_sha256_prefix=673fb5e8b058b415; duplicate_history_hash=673fb5e8b058b415; duplicate_group_size=6; first_seen=FFT_EfficientNet/output/image_translation/array_03/logs/training_history.pkl; random_split_depth_leakage_risk; split_audit=random_split_depth_leakage_risk
EXP-007,1D percentage label profile regression,1D percentage label,EfficientNetV2B0 with regression head,8-channel CWT time-frequency image,depth-wise channeling percentage profile,"mean(Zc<2.5) over azimuth per depth, expressed as 0-100%",random_split_depth_leakage_risk,epoch_count,72,epochs,train,overall,/mnt/c/Users/Administrator/Desktop/Hal/results/temp_result/1D+percentage_Label/output/image_translation/array_03/logs/training_history.pkl,pickle_training_history,pickle_training_history_epoch_count,strong,fallback_mainline,pkl_sha256_prefix=673fb5e8b058b415; duplicate_history_hash=673fb5e8b058b415; duplicate_group_size=6; first_seen=FFT_EfficientNet/output/image_translation/array_03/logs/training_history.pkl; random_split_depth_leakage_risk; split_audit=random_split_depth_leakage_risk
EXP-007,1D percentage label profile regression,1D percentage label,EfficientNetV2B0 with regression head,8-channel CWT time-frequency image,depth-wise channeling percentage profile,"mean(Zc<2.5) over azimuth per depth, expressed as 0-100%",random_split_depth_leakage_risk,loss,0.34475684166,loss,train,overall,/mnt/c/Users/Administrator/Desktop/Hal/results/temp_result/1D+percentage_Label/output/image_translation/array_03/logs/training_history.pkl,pickle_training_history,pickle_training_history_best,strong,fallback_mainline,summary_stat=min; best_epoch=65; history_epochs=72; pkl_sha256_prefix=673fb5e8b058b415; duplicate_history_hash=673fb5e8b058b415; duplicate_group_size=6; first_seen=FFT_EfficientNet/output/image_translation/array_03/logs/training_history.pkl; random_split_depth_leakage_risk; split_audit=random_split_depth_leakage_risk
EXP-007,1D percentage label profile regression,1D percentage label,EfficientNetV2B0 with regression head,8-channel CWT time-frequency image,depth-wise channeling percentage profile,"mean(Zc<2.5) over azimuth per depth, expressed as 0-100%",random_split_depth_leakage_risk,loss_final,0.346724122763,loss,train,overall,/mnt/c/Users/Administrator/Desktop/Hal/results/temp_result/1D+percentage_Label/output/image_translation/array_03/logs/training_history.pkl,pickle_training_history,pickle_training_history_final,strong,fallback_mainline,summary_stat=final; final_epoch=72; pkl_sha256_prefix=673fb5e8b058b415; duplicate_history_hash=673fb5e8b058b415; duplicate_group_size=6; first_seen=FFT_EfficientNet/output/image_translation/array_03/logs/training_history.pkl; random_split_depth_leakage_risk; split_audit=random_split_depth_leakage_risk
EXP-007,1D percentage label profile regression,1D percentage label,EfficientNetV2B0 with regression head,8-channel CWT time-frequency image,depth-wise channeling percentage profile,"mean(Zc<2.5) over azimuth per depth, expressed as 0-100%",random_split_depth_leakage_risk,val_accuracy,0.885365843773,fraction,validation,overall,/mnt/c/Users/Administrator/Desktop/Hal/results/temp_result/1D+percentage_Label/output/image_translation/array_03/logs/training_history.pkl,pickle_training_history,pickle_training_history_best,strong,fallback_mainline,summary_stat=max; best_epoch=71; history_epochs=72; pkl_sha256_prefix=673fb5e8b058b415; duplicate_history_hash=673fb5e8b058b415; duplicate_group_size=6; first_seen=FFT_EfficientNet/output/image_translation/array_03/logs/training_history.pkl; random_split_depth_leakage_risk; split_audit=random_split_depth_leakage_risk
EXP-007,1D percentage label profile regression,1D percentage label,EfficientNetV2B0 with regression head,8-channel CWT time-frequency image,depth-wise channeling percentage profile,"mean(Zc<2.5) over azimuth per depth, expressed as 0-100%",random_split_depth_leakage_risk,val_accuracy_final,0.858536601067,fraction,validation,overall,/mnt/c/Users/Administrator/Desktop/Hal/results/temp_result/1D+percentage_Label/output/image_translation/array_03/logs/training_history.pkl,pickle_training_history,pickle_training_history_final,strong,fallback_mainline,summary_stat=final; final_epoch=72; pkl_sha256_prefix=673fb5e8b058b415; duplicate_history_hash=673fb5e8b058b415; duplicate_group_size=6; first_seen=FFT_EfficientNet/output/image_translation/array_03/logs/training_history.pkl; random_split_depth_leakage_risk; split_audit=random_split_depth_leakage_risk
EXP-007,1D percentage label profile regression,1D percentage label,EfficientNetV2B0 with regression head,8-channel CWT time-frequency image,depth-wise channeling percentage profile,"mean(Zc<2.5) over azimuth per depth, expressed as 0-100%",random_split_depth_leakage_risk,val_auc,0.95360827446,fraction,validation,overall,/mnt/c/Users/Administrator/Desktop/Hal/results/temp_result/1D+percentage_Label/output/image_translation/array_03/logs/training_history.pkl,pickle_training_history,pickle_training_history_best,strong,fallback_mainline,summary_stat=max; best_epoch=57; history_epochs=72; pkl_sha256_prefix=673fb5e8b058b415; duplicate_history_hash=673fb5e8b058b415; duplicate_group_size=6; first_seen=FFT_EfficientNet/output/image_translation/array_03/logs/training_history.pkl; random_split_depth_leakage_risk; split_audit=random_split_depth_leakage_risk
EXP-007,1D percentage label profile regression,1D percentage label,EfficientNetV2B0 with regression head,8-channel CWT time-frequency image,depth-wise channeling percentage profile,"mean(Zc<2.5) over azimuth per depth, expressed as 0-100%",random_split_depth_leakage_risk,val_auc_final,0.931717038155,fraction,validation,overall,/mnt/c/Users/Administrator/Desktop/Hal/results/temp_result/1D+percentage_Label/output/image_translation/array_03/logs/training_history.pkl,pickle_training_history,pickle_training_history_final,strong,fallback_mainline,summary_stat=final; final_epoch=72; pkl_sha256_prefix=673fb5e8b058b415; duplicate_history_hash=673fb5e8b058b415; duplicate_group_size=6; first_seen=FFT_EfficientNet/output/image_translation/array_03/logs/training_history.pkl; random_split_depth_leakage_risk; split_audit=random_split_depth_leakage_risk
EXP-007,1D percentage label profile regression,1D percentage label,EfficientNetV2B0 with regression head,8-channel CWT time-frequency image,depth-wise channeling percentage profile,"mean(Zc<2.5) over azimuth per depth, expressed as 0-100%",random_split_depth_leakage_risk,val_loss,0.313600122929,loss,validation,overall,/mnt/c/Users/Administrator/Desktop/Hal/results/temp_result/1D+percentage_Label/output/image_translation/array_03/logs/training_history.pkl,pickle_training_history,pickle_training_history_best,strong,fallback_mainline,summary_stat=min; best_epoch=71; history_epochs=72; pkl_sha256_prefix=673fb5e8b058b415; duplicate_history_hash=673fb5e8b058b415; duplicate_group_size=6; first_seen=FFT_EfficientNet/output/image_translation/array_03/logs/training_history.pkl; random_split_depth_leakage_risk; split_audit=random_split_depth_leakage_risk
EXP-007,1D percentage label profile regression,1D percentage label,EfficientNetV2B0 with regression head,8-channel CWT time-frequency image,depth-wise channeling percentage profile,"mean(Zc<2.5) over azimuth per depth, expressed as 0-100%",random_split_depth_leakage_risk,val_loss_final,0.343364328146,loss,validation,overall,/mnt/c/Users/Administrator/Desktop/Hal/results/temp_result/1D+percentage_Label/output/image_translation/array_03/logs/training_history.pkl,pickle_training_history,pickle_training_history_final,strong,fallback_mainline,summary_stat=final; final_epoch=72; pkl_sha256_prefix=673fb5e8b058b415; duplicate_history_hash=673fb5e8b058b415; duplicate_group_size=6; first_seen=FFT_EfficientNet/output/image_translation/array_03/logs/training_history.pkl; random_split_depth_leakage_risk; split_audit=random_split_depth_leakage_risk
EXP-007,1D percentage label profile regression,1D percentage label,EfficientNetV2B0 with regression head,8-channel CWT time-frequency image,depth-wise channeling percentage profile,"mean(Zc<2.5) over azimuth per depth, expressed as 0-100%",random_split_depth_leakage_risk,epoch_count,100,epochs,train,overall,/mnt/c/Users/Administrator/Desktop/Hal/results/temp_result/1D+percentage_Label/output/image_translation/array_03/logs/training_history_advanced.pkl,pickle_training_history,pickle_training_history_epoch_count,strong,fallback_mainline,pkl_sha256_prefix=cc58fc273535b8e2; duplicate_history_hash=cc58fc273535b8e2; duplicate_group_size=4; first_seen=FFT_EfficientNet/output/image_translation/array_03/logs/training_history_advanced.pkl; random_split_depth_leakage_risk; split_audit=random_split_depth_leakage_risk
EXP-007,1D percentage label profile regression,1D percentage label,EfficientNetV2B0 with regression head,8-channel CWT time-frequency image,depth-wise channeling percentage profile,"mean(Zc<2.5) over azimuth per depth, expressed as 0-100%",random_split_depth_leakage_risk,loss,0.902002155781,loss,train,overall,/mnt/c/Users/Administrator/Desktop/Hal/results/temp_result/1D+percentage_Label/output/image_translation/array_03/logs/training_history_advanced.pkl,pickle_training_history,pickle_training_history_best,strong,fallback_mainline,summary_stat=min; best_epoch=59; history_epochs=100; pkl_sha256_prefix=cc58fc273535b8e2; duplicate_history_hash=cc58fc273535b8e2; duplicate_group_size=4; first_seen=FFT_EfficientNet/output/image_translation/array_03/logs/training_history_advanced.pkl; random_split_depth_leakage_risk; split_audit=random_split_depth_leakage_risk
EXP-007,1D percentage label profile regression,1D percentage label,EfficientNetV2B0 with regression head,8-channel CWT time-frequency image,depth-wise channeling percentage profile,"mean(Zc<2.5) over azimuth per depth, expressed as 0-100%",random_split_depth_leakage_risk,loss_final,0.929519951344,loss,train,overall,/mnt/c/Users/Administrator/Desktop/Hal/results/temp_result/1D+percentage_Label/output/image_translation/array_03/logs/training_history_advanced.pkl,pickle_training_history,pickle_training_history_final,strong,fallback_mainline,summary_stat=final; final_epoch=100; pkl_sha256_prefix=cc58fc273535b8e2; duplicate_history_hash=cc58fc273535b8e2; duplicate_group_size=4; first_seen=FFT_EfficientNet/output/image_translation/array_03/logs/training_history_advanced.pkl; random_split_depth_leakage_risk; split_audit=random_split_depth_leakage_risk
EXP-007,1D percentage label profile regression,1D percentage label,EfficientNetV2B0 with regression head,8-channel CWT time-frequency image,depth-wise channeling percentage profile,"mean(Zc<2.5) over azimuth per depth, expressed as 0-100%",random_split_depth_leakage_risk,mae,0.986433625221,label_units,train,overall,/mnt/c/Users/Administrator/Desktop/Hal/results/temp_result/1D+percentage_Label/output/image_translation/array_03/logs/training_history_advanced.pkl,pickle_training_history,pickle_training_history_best,strong,fallback_mainline,summary_stat=min; best_epoch=59; history_epochs=100; pkl_sha256_prefix=cc58fc273535b8e2; duplicate_history_hash=cc58fc273535b8e2; duplicate_group_size=4; first_seen=FFT_EfficientNet/output/image_translation/array_03/logs/training_history_advanced.pkl; random_split_depth_leakage_risk; split_audit=random_split_depth_leakage_risk
EXP-007,1D percentage label profile regression,1D percentage label,EfficientNetV2B0 with regression head,8-channel CWT time-frequency image,depth-wise channeling percentage profile,"mean(Zc<2.5) over azimuth per depth, expressed as 0-100%",random_split_depth_leakage_risk,mae_final,1.01652181149,label_units,train,overall,/mnt/c/Users/Administrator/Desktop/Hal/results/temp_result/1D+percentage_Label/output/image_translation/array_03/logs/training_history_advanced.pkl,pickle_training_history,pickle_training_history_final,strong,fallback_mainline,summary_stat=final; final_epoch=100; pkl_sha256_prefix=cc58fc273535b8e2; duplicate_history_hash=cc58fc273535b8e2; duplicate_group_size=4; first_seen=FFT_EfficientNet/output/image_translation/array_03/logs/training_history_advanced.pkl; random_split_depth_leakage_risk; split_audit=random_split_depth_leakage_risk
EXP-007,1D percentage label profile regression,1D percentage label,EfficientNetV2B0 with regression head,8-channel CWT time-frequency image,depth-wise channeling percentage profile,"mean(Zc<2.5) over azimuth per depth, expressed as 0-100%",random_split_depth_leakage_risk,val_loss,0.458220243454,loss,validation,overall,/mnt/c/Users/Administrator/Desktop/Hal/results/temp_result/1D+percentage_Label/output/image_translation/array_03/logs/training_history_advanced.pkl,pickle_training_history,pickle_training_history_best,strong,fallback_mainline,summary_stat=min; best_epoch=80; history_epochs=100; pkl_sha256_prefix=cc58fc273535b8e2; duplicate_history_hash=cc58fc273535b8e2; duplicate_group_size=4; first_seen=FFT_EfficientNet/output/image_translation/array_03/logs/training_history_advanced.pkl; random_split_depth_leakage_risk; split_audit=random_split_depth_leakage_risk
EXP-007,1D percentage label profile regression,1D percentage label,EfficientNetV2B0 with regression head,8-channel CWT time-frequency image,depth-wise channeling percentage profile,"mean(Zc<2.5) over azimuth per depth, expressed as 0-100%",random_split_depth_leakage_risk,val_loss_final,0.497596085072,loss,validation,overall,/mnt/c/Users/Administrator/Desktop/Hal/results/temp_result/1D+percentage_Label/output/image_translation/array_03/logs/training_history_advanced.pkl,pickle_training_history,pickle_training_history_final,strong,fallback_mainline,summary_stat=final; final_epoch=100; pkl_sha256_prefix=cc58fc273535b8e2; duplicate_history_hash=cc58fc273535b8e2; duplicate_group_size=4; first_seen=FFT_EfficientNet/output/image_translation/array_03/logs/training_history_advanced.pkl; random_split_depth_leakage_risk; split_audit=random_split_depth_leakage_risk
EXP-007,1D percentage label profile regression,1D percentage label,EfficientNetV2B0 with regression head,8-channel CWT time-frequency image,depth-wise channeling percentage profile,"mean(Zc<2.5) over azimuth per depth, expressed as 0-100%",random_split_depth_leakage_risk,val_mae,0.513735711575,label_units,validation,overall,/mnt/c/Users/Administrator/Desktop/Hal/results/temp_result/1D+percentage_Label/output/image_translation/array_03/logs/training_history_advanced.pkl,pickle_training_history,pickle_training_history_best,strong,fallback_mainline,summary_stat=min; best_epoch=80; history_epochs=100; pkl_sha256_prefix=cc58fc273535b8e2; duplicate_history_hash=cc58fc273535b8e2; duplicate_group_size=4; first_seen=FFT_EfficientNet/output/image_translation/array_03/logs/training_history_advanced.pkl; random_split_depth_leakage_risk; split_audit=random_split_depth_leakage_risk
EXP-007,1D percentage label profile regression,1D percentage label,EfficientNetV2B0 with regression head,8-channel CWT time-frequency image,depth-wise channeling percentage profile,"mean(Zc<2.5) over azimuth per depth, expressed as 0-100%",random_split_depth_leakage_risk,val_mae_final,0.557627856731,label_units,validation,overall,/mnt/c/Users/Administrator/Desktop/Hal/results/temp_result/1D+percentage_Label/output/image_translation/array_03/logs/training_history_advanced.pkl,pickle_training_history,pickle_training_history_final,strong,fallback_mainline,summary_stat=final; final_epoch=100; pkl_sha256_prefix=cc58fc273535b8e2; duplicate_history_hash=cc58fc273535b8e2; duplicate_group_size=4; first_seen=FFT_EfficientNet/output/image_translation/array_03/logs/training_history_advanced.pkl; random_split_depth_leakage_risk; split_audit=random_split_depth_leakage_risk
EXP-007,1D percentage label profile regression,1D percentage label,EfficientNetV2B0 with regression head,8-channel CWT time-frequency image,depth-wise channeling percentage profile,"mean(Zc<2.5) over azimuth per depth, expressed as 0-100%",random_split_depth_leakage_risk,image_only_error_distribution_by_category,image_only_needs_manual_read,image_only,unknown,overall,/mnt/c/Users/Administrator/Desktop/Hal/results/temp_result/1D+percentage_Label/output/image_translation/array_03/results/final_analysis_plots/_error_distribution_by_category.png,image,image_metadata_no_ocr,needs_manual_read,fallback_mainline,Image identified as metric/analysis figure; no OCR performed; manually read or redraw before using numeric values; random_split_depth_leakage_risk; split_audit=random_split_depth_leakage_risk
EXP-007,1D percentage label profile regression,1D percentage label,EfficientNetV2B0 with regression head,8-channel CWT time-frequency image,depth-wise channeling percentage profile,"mean(Zc<2.5) over azimuth per depth, expressed as 0-100%",random_split_depth_leakage_risk,image_only_overall_performance_scatter,image_only_needs_manual_read,image_only,unknown,overall,/mnt/c/Users/Administrator/Desktop/Hal/results/temp_result/1D+percentage_Label/output/image_translation/array_03/results/final_analysis_plots/_overall_performance_scatter.png,image,image_metadata_no_ocr,needs_manual_read,fallback_mainline,Image identified as metric/analysis figure; no OCR performed; manually read or redraw before using numeric values; random_split_depth_leakage_risk; split_audit=random_split_depth_leakage_risk
EXP-007,1D percentage label profile regression,1D percentage label,EfficientNetV2B0 with regression head,8-channel CWT time-frequency image,depth-wise channeling percentage profile,"mean(Zc<2.5) over azimuth per depth, expressed as 0-100%",random_split_depth_leakage_risk,image_only_training_history,image_only_needs_manual_read,image_only,unknown,overall,/mnt/c/Users/Administrator/Desktop/Hal/results/temp_result/1D+percentage_Label/output/visualization_plots/05_training_history_regression.png,image,image_metadata_no_ocr,needs_manual_read,fallback_mainline,Image identified as metric/analysis figure; no OCR performed; manually read or redraw before using numeric values; random_split_depth_leakage_risk; split_audit=random_split_depth_leakage_risk
EXP-007,1D percentage label profile regression,1D percentage label,EfficientNetV2B0 with regression head,8-channel CWT time-frequency image,depth-wise channeling percentage profile,"mean(Zc<2.5) over azimuth per depth, expressed as 0-100%",random_split_depth_leakage_risk,MAE,6.555,label_units,all_samples,High Severity,/mnt/c/Users/Administrator/Desktop/Hal/results/temp_result/1D+percentage_Label/result.txt,text_result,text_table_severity_metrics,strong,fallback_mainline,reported by severity group; source says from all samples; random_split_depth_leakage_risk; split_audit=random_split_depth_leakage_risk
EXP-007,1D percentage label profile regression,1D percentage label,EfficientNetV2B0 with regression head,8-channel CWT time-frequency image,depth-wise channeling percentage profile,"mean(Zc<2.5) over azimuth per depth, expressed as 0-100%",random_split_depth_leakage_risk,MAE,2.895,label_units,all_samples,Low Severity,/mnt/c/Users/Administrator/Desktop/Hal/results/temp_result/1D+percentage_Label/result.txt,text_result,text_table_severity_metrics,strong,fallback_mainline,reported by severity group; source says from all samples; random_split_depth_leakage_risk; split_audit=random_split_depth_leakage_risk
EXP-007,1D percentage label profile regression,1D percentage label,EfficientNetV2B0 with regression head,8-channel CWT time-frequency image,depth-wise channeling percentage profile,"mean(Zc<2.5) over azimuth per depth, expressed as 0-100%",random_split_depth_leakage_risk,MAE,4.782,label_units,all_samples,Medium Severity,/mnt/c/Users/Administrator/Desktop/Hal/results/temp_result/1D+percentage_Label/result.txt,text_result,text_table_severity_metrics,strong,fallback_mainline,reported by severity group; source says from all samples; random_split_depth_leakage_risk; split_audit=random_split_depth_leakage_risk
EXP-007,1D percentage label profile regression,1D percentage label,EfficientNetV2B0 with regression head,8-channel CWT time-frequency image,depth-wise channeling percentage profile,"mean(Zc<2.5) over azimuth per depth, expressed as 0-100%",random_split_depth_leakage_risk,MAE,0.01,label_units,all_samples,Negligible,/mnt/c/Users/Administrator/Desktop/Hal/results/temp_result/1D+percentage_Label/result.txt,text_result,text_table_severity_metrics,strong,fallback_mainline,reported by severity group; source says from all samples; random_split_depth_leakage_risk; split_audit=random_split_depth_leakage_risk
EXP-007,1D percentage label profile regression,1D percentage label,EfficientNetV2B0 with regression head,8-channel CWT time-frequency image,depth-wise channeling percentage profile,"mean(Zc<2.5) over azimuth per depth, expressed as 0-100%",random_split_depth_leakage_risk,R2,N/A,unitless,all_samples,High Severity,/mnt/c/Users/Administrator/Desktop/Hal/results/temp_result/1D+percentage_Label/result.txt,text_result,text_table_severity_metrics,medium,fallback_mainline,reported as N/A in source; no value invented; random_split_depth_leakage_risk; split_audit=random_split_depth_leakage_risk
EXP-007,1D percentage label profile regression,1D percentage label,EfficientNetV2B0 with regression head,8-channel CWT time-frequency image,depth-wise channeling percentage profile,"mean(Zc<2.5) over azimuth per depth, expressed as 0-100%",random_split_depth_leakage_risk,R2,N/A,unitless,all_samples,Low Severity,/mnt/c/Users/Administrator/Desktop/Hal/results/temp_result/1D+percentage_Label/result.txt,text_result,text_table_severity_metrics,medium,fallback_mainline,reported as N/A in source; no value invented; random_split_depth_leakage_risk; split_audit=random_split_depth_leakage_risk
EXP-007,1D percentage label profile regression,1D percentage label,EfficientNetV2B0 with regression head,8-channel CWT time-frequency image,depth-wise channeling percentage profile,"mean(Zc<2.5) over azimuth per depth, expressed as 0-100%",random_split_depth_leakage_risk,R2,N/A,unitless,all_samples,Medium Severity,/mnt/c/Users/Administrator/Desktop/Hal/results/temp_result/1D+percentage_Label/result.txt,text_result,text_table_severity_metrics,medium,fallback_mainline,reported as N/A in source; no value invented; random_split_depth_leakage_risk; split_audit=random_split_depth_leakage_risk
EXP-007,1D percentage label profile regression,1D percentage label,EfficientNetV2B0 with regression head,8-channel CWT time-frequency image,depth-wise channeling percentage profile,"mean(Zc<2.5) over azimuth per depth, expressed as 0-100%",random_split_depth_leakage_risk,R2,N/A,unitless,all_samples,Negligible,/mnt/c/Users/Administrator/Desktop/Hal/results/temp_result/1D+percentage_Label/result.txt,text_result,text_table_severity_metrics,medium,fallback_mainline,reported as N/A in source; no value invented; random_split_depth_leakage_risk; split_audit=random_split_depth_leakage_risk
EXP-007,1D percentage label profile regression,1D percentage label,EfficientNetV2B0 with regression head,8-channel CWT time-frequency image,depth-wise channeling percentage profile,"mean(Zc<2.5) over azimuth per depth, expressed as 0-100%",random_split_depth_leakage_risk,RMSE,9.597,label_units,all_samples,High Severity,/mnt/c/Users/Administrator/Desktop/Hal/results/temp_result/1D+percentage_Label/result.txt,text_result,text_table_severity_metrics,strong,fallback_mainline,reported by severity group; source says from all samples; random_split_depth_leakage_risk; split_audit=random_split_depth_leakage_risk
EXP-007,1D percentage label profile regression,1D percentage label,EfficientNetV2B0 with regression head,8-channel CWT time-frequency image,depth-wise channeling percentage profile,"mean(Zc<2.5) over azimuth per depth, expressed as 0-100%",random_split_depth_leakage_risk,RMSE,3.839,label_units,all_samples,Low Severity,/mnt/c/Users/Administrator/Desktop/Hal/results/temp_result/1D+percentage_Label/result.txt,text_result,text_table_severity_metrics,strong,fallback_mainline,reported by severity group; source says from all samples; random_split_depth_leakage_risk; split_audit=random_split_depth_leakage_risk
EXP-007,1D percentage label profile regression,1D percentage label,EfficientNetV2B0 with regression head,8-channel CWT time-frequency image,depth-wise channeling percentage profile,"mean(Zc<2.5) over azimuth per depth, expressed as 0-100%",random_split_depth_leakage_risk,RMSE,6.035,label_units,all_samples,Medium Severity,/mnt/c/Users/Administrator/Desktop/Hal/results/temp_result/1D+percentage_Label/result.txt,text_result,text_table_severity_metrics,strong,fallback_mainline,reported by severity group; source says from all samples; random_split_depth_leakage_risk; split_audit=random_split_depth_leakage_risk
EXP-007,1D percentage label profile regression,1D percentage label,EfficientNetV2B0 with regression head,8-channel CWT time-frequency image,depth-wise channeling percentage profile,"mean(Zc<2.5) over azimuth per depth, expressed as 0-100%",random_split_depth_leakage_risk,RMSE,0.15,label_units,all_samples,Negligible,/mnt/c/Users/Administrator/Desktop/Hal/results/temp_result/1D+percentage_Label/result.txt,text_result,text_table_severity_metrics,strong,fallback_mainline,reported by severity group; source says from all samples; random_split_depth_leakage_risk; split_audit=random_split_depth_leakage_risk
EXP-007,1D percentage label profile regression,1D percentage label,EfficientNetV2B0 with regression head,8-channel CWT time-frequency image,depth-wise channeling percentage profile,"mean(Zc<2.5) over azimuth per depth, expressed as 0-100%",random_split_depth_leakage_risk,sample_count,633,samples,all_samples,High Severity,/mnt/c/Users/Administrator/Desktop/Hal/results/temp_result/1D+percentage_Label/result.txt,text_result,text_regex_severity_sample_count,strong,fallback_mainline,reported sample category count; split not specified in source; random_split_depth_leakage_risk; split_audit=random_split_depth_leakage_risk
EXP-007,1D percentage label profile regression,1D percentage label,EfficientNetV2B0 with regression head,8-channel CWT time-frequency image,depth-wise channeling percentage profile,"mean(Zc<2.5) over azimuth per depth, expressed as 0-100%",random_split_depth_leakage_risk,sample_count,654,samples,all_samples,Low Severity,/mnt/c/Users/Administrator/Desktop/Hal/results/temp_result/1D+percentage_Label/result.txt,text_result,text_regex_severity_sample_count,strong,fallback_mainline,reported sample category count; split not specified in source; random_split_depth_leakage_risk; split_audit=random_split_depth_leakage_risk
EXP-007,1D percentage label profile regression,1D percentage label,EfficientNetV2B0 with regression head,8-channel CWT time-frequency image,depth-wise channeling percentage profile,"mean(Zc<2.5) over azimuth per depth, expressed as 0-100%",random_split_depth_leakage_risk,sample_count,756,samples,all_samples,Medium Severity,/mnt/c/Users/Administrator/Desktop/Hal/results/temp_result/1D+percentage_Label/result.txt,text_result,text_regex_severity_sample_count,strong,fallback_mainline,reported sample category count; split not specified in source; random_split_depth_leakage_risk; split_audit=random_split_depth_leakage_risk
EXP-007,1D percentage label profile regression,1D percentage label,EfficientNetV2B0 with regression head,8-channel CWT time-frequency image,depth-wise channeling percentage profile,"mean(Zc<2.5) over azimuth per depth, expressed as 0-100%",random_split_depth_leakage_risk,sample_count,799,samples,all_samples,Negligible,/mnt/c/Users/Administrator/Desktop/Hal/results/temp_result/1D+percentage_Label/result.txt,text_result,text_regex_severity_sample_count,strong,fallback_mainline,reported sample category count; split not specified in source; random_split_depth_leakage_risk; split_audit=random_split_depth_leakage_risk
EXP-008,EfficientNet FFT severity regression,FFT severity label,EfficientNetV2B0 or branch-specific regressor,8-channel CWT time-frequency image,severity transform and FFT magnitude/log coefficients,"severity max(0, 2.5-Zc) + FFT + log(1+coefficients)",random_split_depth_leakage_risk,epoch_count,85,epochs,train,overall,/mnt/c/Users/Administrator/Desktop/Hal/results/FFT_EfficientNet/output/fft_regression/array_03/logs/training_history_fft.pkl,pickle_training_history,pickle_training_history_epoch_count,strong,mainline_candidate,pkl_sha256_prefix=5e7990a1ce089f30; duplicate_history_hash=5e7990a1ce089f30; duplicate_group_size=2; first_seen=FFT_EfficientNet/output/fft_regression/array_03/logs/training_history_fft.pkl; random_split_depth_leakage_risk; split_audit=random_split_depth_leakage_risk
EXP-008,EfficientNet FFT severity regression,FFT severity label,EfficientNetV2B0 or branch-specific regressor,8-channel CWT time-frequency image,severity transform and FFT magnitude/log coefficients,"severity max(0, 2.5-Zc) + FFT + log(1+coefficients)",random_split_depth_leakage_risk,loss,0.0175164155662,loss,train,overall,/mnt/c/Users/Administrator/Desktop/Hal/results/FFT_EfficientNet/output/fft_regression/array_03/logs/training_history_fft.pkl,pickle_training_history,pickle_training_history_best,strong,mainline_candidate,summary_stat=min; best_epoch=45; history_epochs=85; pkl_sha256_prefix=5e7990a1ce089f30; duplicate_history_hash=5e7990a1ce089f30; duplicate_group_size=2; first_seen=FFT_EfficientNet/output/fft_regression/array_03/logs/training_history_fft.pkl; random_split_depth_leakage_risk; split_audit=random_split_depth_leakage_risk
EXP-008,EfficientNet FFT severity regression,FFT severity label,EfficientNetV2B0 or branch-specific regressor,8-channel CWT time-frequency image,severity transform and FFT magnitude/log coefficients,"severity max(0, 2.5-Zc) + FFT + log(1+coefficients)",random_split_depth_leakage_risk,loss_final,0.0177245158702,loss,train,overall,/mnt/c/Users/Administrator/Desktop/Hal/results/FFT_EfficientNet/output/fft_regression/array_03/logs/training_history_fft.pkl,pickle_training_history,pickle_training_history_final,strong,mainline_candidate,summary_stat=final; final_epoch=85; pkl_sha256_prefix=5e7990a1ce089f30; duplicate_history_hash=5e7990a1ce089f30; duplicate_group_size=2; first_seen=FFT_EfficientNet/output/fft_regression/array_03/logs/training_history_fft.pkl; random_split_depth_leakage_risk; split_audit=random_split_depth_leakage_risk
EXP-008,EfficientNet FFT severity regression,FFT severity label,EfficientNetV2B0 or branch-specific regressor,8-channel CWT time-frequency image,severity transform and FFT magnitude/log coefficients,"severity max(0, 2.5-Zc) + FFT + log(1+coefficients)",random_split_depth_leakage_risk,mae,0.0613395534456,label_units,train,overall,/mnt/c/Users/Administrator/Desktop/Hal/results/FFT_EfficientNet/output/fft_regression/array_03/logs/training_history_fft.pkl,pickle_training_history,pickle_training_history_best,strong,mainline_candidate,summary_stat=min; best_epoch=45; history_epochs=85; pkl_sha256_prefix=5e7990a1ce089f30; duplicate_history_hash=5e7990a1ce089f30; duplicate_group_size=2; first_seen=FFT_EfficientNet/output/fft_regression/array_03/logs/training_history_fft.pkl; random_split_depth_leakage_risk; split_audit=random_split_depth_leakage_risk
EXP-008,EfficientNet FFT severity regression,FFT severity label,EfficientNetV2B0 or branch-specific regressor,8-channel CWT time-frequency image,severity transform and FFT magnitude/log coefficients,"severity max(0, 2.5-Zc) + FFT + log(1+coefficients)",random_split_depth_leakage_risk,mae_final,0.0624317266047,label_units,train,overall,/mnt/c/Users/Administrator/Desktop/Hal/results/FFT_EfficientNet/output/fft_regression/array_03/logs/training_history_fft.pkl,pickle_training_history,pickle_training_history_final,strong,mainline_candidate,summary_stat=final; final_epoch=85; pkl_sha256_prefix=5e7990a1ce089f30; duplicate_history_hash=5e7990a1ce089f30; duplicate_group_size=2; first_seen=FFT_EfficientNet/output/fft_regression/array_03/logs/training_history_fft.pkl; random_split_depth_leakage_risk; split_audit=random_split_depth_leakage_risk
EXP-008,EfficientNet FFT severity regression,FFT severity label,EfficientNetV2B0 or branch-specific regressor,8-channel CWT time-frequency image,severity transform and FFT magnitude/log coefficients,"severity max(0, 2.5-Zc) + FFT + log(1+coefficients)",random_split_depth_leakage_risk,val_loss,0.011498847045,loss,validation,overall,/mnt/c/Users/Administrator/Desktop/Hal/results/FFT_EfficientNet/output/fft_regression/array_03/logs/training_history_fft.pkl,pickle_training_history,pickle_training_history_best,strong,mainline_candidate,summary_stat=min; best_epoch=65; history_epochs=85; pkl_sha256_prefix=5e7990a1ce089f30; duplicate_history_hash=5e7990a1ce089f30; duplicate_group_size=2; first_seen=FFT_EfficientNet/output/fft_regression/array_03/logs/training_history_fft.pkl; random_split_depth_leakage_risk; split_audit=random_split_depth_leakage_risk
EXP-008,EfficientNet FFT severity regression,FFT severity label,EfficientNetV2B0 or branch-specific regressor,8-channel CWT time-frequency image,severity transform and FFT magnitude/log coefficients,"severity max(0, 2.5-Zc) + FFT + log(1+coefficients)",random_split_depth_leakage_risk,val_loss_final,0.0137790469453,loss,validation,overall,/mnt/c/Users/Administrator/Desktop/Hal/results/FFT_EfficientNet/output/fft_regression/array_03/logs/training_history_fft.pkl,pickle_training_history,pickle_training_history_final,strong,mainline_candidate,summary_stat=final; final_epoch=85; pkl_sha256_prefix=5e7990a1ce089f30; duplicate_history_hash=5e7990a1ce089f30; duplicate_group_size=2; first_seen=FFT_EfficientNet/output/fft_regression/array_03/logs/training_history_fft.pkl; random_split_depth_leakage_risk; split_audit=random_split_depth_leakage_risk
EXP-008,EfficientNet FFT severity regression,FFT severity label,EfficientNetV2B0 or branch-specific regressor,8-channel CWT time-frequency image,severity transform and FFT magnitude/log coefficients,"severity max(0, 2.5-Zc) + FFT + log(1+coefficients)",random_split_depth_leakage_risk,val_mae,0.0433320254087,label_units,validation,overall,/mnt/c/Users/Administrator/Desktop/Hal/results/FFT_EfficientNet/output/fft_regression/array_03/logs/training_history_fft.pkl,pickle_training_history,pickle_training_history_best,strong,mainline_candidate,summary_stat=min; best_epoch=26; history_epochs=85; pkl_sha256_prefix=5e7990a1ce089f30; duplicate_history_hash=5e7990a1ce089f30; duplicate_group_size=2; first_seen=FFT_EfficientNet/output/fft_regression/array_03/logs/training_history_fft.pkl; random_split_depth_leakage_risk; split_audit=random_split_depth_leakage_risk
EXP-008,EfficientNet FFT severity regression,FFT severity label,EfficientNetV2B0 or branch-specific regressor,8-channel CWT time-frequency image,severity transform and FFT magnitude/log coefficients,"severity max(0, 2.5-Zc) + FFT + log(1+coefficients)",random_split_depth_leakage_risk,val_mae_final,0.0519266948104,label_units,validation,overall,/mnt/c/Users/Administrator/Desktop/Hal/results/FFT_EfficientNet/output/fft_regression/array_03/logs/training_history_fft.pkl,pickle_training_history,pickle_training_history_final,strong,mainline_candidate,summary_stat=final; final_epoch=85; pkl_sha256_prefix=5e7990a1ce089f30; duplicate_history_hash=5e7990a1ce089f30; duplicate_group_size=2; first_seen=FFT_EfficientNet/output/fft_regression/array_03/logs/training_history_fft.pkl; random_split_depth_leakage_risk; split_audit=random_split_depth_leakage_risk
EXP-008,EfficientNet FFT severity regression,FFT severity label,EfficientNetV2B0 or branch-specific regressor,8-channel CWT time-frequency image,severity transform and FFT magnitude/log coefficients,"severity max(0, 2.5-Zc) + FFT + log(1+coefficients)",random_split_depth_leakage_risk,image_only_overall_performance_scatter,image_only_needs_manual_read,image_only,unknown,overall,/mnt/c/Users/Administrator/Desktop/Hal/results/FFT_EfficientNet/output/fft_regression/array_03/results/fft_model_analysis_plots/_overall_performance_scatter.png,image,image_metadata_no_ocr,needs_manual_read,mainline_candidate,Image identified as metric/analysis figure; no OCR performed; manually read or redraw before using numeric values; random_split_depth_leakage_risk; split_audit=random_split_depth_leakage_risk
EXP-008,EfficientNet FFT severity regression,FFT severity label,EfficientNetV2B0 or branch-specific regressor,8-channel CWT time-frequency image,severity transform and FFT magnitude/log coefficients,"severity max(0, 2.5-Zc) + FFT + log(1+coefficients)",random_split_depth_leakage_risk,image_only_prediction_comparison,image_only_needs_manual_read,image_only,unknown,overall,/mnt/c/Users/Administrator/Desktop/Hal/results/FFT_EfficientNet/output/fft_regression/array_03/results/fft_model_analysis_plots/_virtual_log_comparison.png,image,image_metadata_no_ocr,needs_manual_read,mainline_candidate,Image identified as metric/analysis figure; no OCR performed; manually read or redraw before using numeric values; random_split_depth_leakage_risk; split_audit=random_split_depth_leakage_risk
EXP-008,EfficientNet FFT severity regression,FFT severity label,EfficientNetV2B0 or branch-specific regressor,8-channel CWT time-frequency image,severity transform and FFT magnitude/log coefficients,"severity max(0, 2.5-Zc) + FFT + log(1+coefficients)",random_split_depth_leakage_risk,epoch_count,85,epochs,train,overall,/mnt/c/Users/Administrator/Desktop/Hal/results/FFT_EfficientNet_1/output/fft_regression/array_03/logs/training_history_fft.pkl,pickle_training_history,pickle_training_history_epoch_count,strong,mainline_candidate,pkl_sha256_prefix=5e7990a1ce089f30; duplicate_history_hash=5e7990a1ce089f30; duplicate_group_size=2; first_seen=FFT_EfficientNet/output/fft_regression/array_03/logs/training_history_fft.pkl; random_split_depth_leakage_risk; split_audit=random_split_depth_leakage_risk
EXP-008,EfficientNet FFT severity regression,FFT severity label,EfficientNetV2B0 or branch-specific regressor,8-channel CWT time-frequency image,severity transform and FFT magnitude/log coefficients,"severity max(0, 2.5-Zc) + FFT + log(1+coefficients)",random_split_depth_leakage_risk,loss,0.0175164155662,loss,train,overall,/mnt/c/Users/Administrator/Desktop/Hal/results/FFT_EfficientNet_1/output/fft_regression/array_03/logs/training_history_fft.pkl,pickle_training_history,pickle_training_history_best,strong,mainline_candidate,summary_stat=min; best_epoch=45; history_epochs=85; pkl_sha256_prefix=5e7990a1ce089f30; duplicate_history_hash=5e7990a1ce089f30; duplicate_group_size=2; first_seen=FFT_EfficientNet/output/fft_regression/array_03/logs/training_history_fft.pkl; random_split_depth_leakage_risk; split_audit=random_split_depth_leakage_risk
EXP-008,EfficientNet FFT severity regression,FFT severity label,EfficientNetV2B0 or branch-specific regressor,8-channel CWT time-frequency image,severity transform and FFT magnitude/log coefficients,"severity max(0, 2.5-Zc) + FFT + log(1+coefficients)",random_split_depth_leakage_risk,loss_final,0.0177245158702,loss,train,overall,/mnt/c/Users/Administrator/Desktop/Hal/results/FFT_EfficientNet_1/output/fft_regression/array_03/logs/training_history_fft.pkl,pickle_training_history,pickle_training_history_final,strong,mainline_candidate,summary_stat=final; final_epoch=85; pkl_sha256_prefix=5e7990a1ce089f30; duplicate_history_hash=5e7990a1ce089f30; duplicate_group_size=2; first_seen=FFT_EfficientNet/output/fft_regression/array_03/logs/training_history_fft.pkl; random_split_depth_leakage_risk; split_audit=random_split_depth_leakage_risk
EXP-008,EfficientNet FFT severity regression,FFT severity label,EfficientNetV2B0 or branch-specific regressor,8-channel CWT time-frequency image,severity transform and FFT magnitude/log coefficients,"severity max(0, 2.5-Zc) + FFT + log(1+coefficients)",random_split_depth_leakage_risk,mae,0.0613395534456,label_units,train,overall,/mnt/c/Users/Administrator/Desktop/Hal/results/FFT_EfficientNet_1/output/fft_regression/array_03/logs/training_history_fft.pkl,pickle_training_history,pickle_training_history_best,strong,mainline_candidate,summary_stat=min; best_epoch=45; history_epochs=85; pkl_sha256_prefix=5e7990a1ce089f30; duplicate_history_hash=5e7990a1ce089f30; duplicate_group_size=2; first_seen=FFT_EfficientNet/output/fft_regression/array_03/logs/training_history_fft.pkl; random_split_depth_leakage_risk; split_audit=random_split_depth_leakage_risk
EXP-008,EfficientNet FFT severity regression,FFT severity label,EfficientNetV2B0 or branch-specific regressor,8-channel CWT time-frequency image,severity transform and FFT magnitude/log coefficients,"severity max(0, 2.5-Zc) + FFT + log(1+coefficients)",random_split_depth_leakage_risk,mae_final,0.0624317266047,label_units,train,overall,/mnt/c/Users/Administrator/Desktop/Hal/results/FFT_EfficientNet_1/output/fft_regression/array_03/logs/training_history_fft.pkl,pickle_training_history,pickle_training_history_final,strong,mainline_candidate,summary_stat=final; final_epoch=85; pkl_sha256_prefix=5e7990a1ce089f30; duplicate_history_hash=5e7990a1ce089f30; duplicate_group_size=2; first_seen=FFT_EfficientNet/output/fft_regression/array_03/logs/training_history_fft.pkl; random_split_depth_leakage_risk; split_audit=random_split_depth_leakage_risk
EXP-008,EfficientNet FFT severity regression,FFT severity label,EfficientNetV2B0 or branch-specific regressor,8-channel CWT time-frequency image,severity transform and FFT magnitude/log coefficients,"severity max(0, 2.5-Zc) + FFT + log(1+coefficients)",random_split_depth_leakage_risk,val_loss,0.011498847045,loss,validation,overall,/mnt/c/Users/Administrator/Desktop/Hal/results/FFT_EfficientNet_1/output/fft_regression/array_03/logs/training_history_fft.pkl,pickle_training_history,pickle_training_history_best,strong,mainline_candidate,summary_stat=min; best_epoch=65; history_epochs=85; pkl_sha256_prefix=5e7990a1ce089f30; duplicate_history_hash=5e7990a1ce089f30; duplicate_group_size=2; first_seen=FFT_EfficientNet/output/fft_regression/array_03/logs/training_history_fft.pkl; random_split_depth_leakage_risk; split_audit=random_split_depth_leakage_risk
EXP-008,EfficientNet FFT severity regression,FFT severity label,EfficientNetV2B0 or branch-specific regressor,8-channel CWT time-frequency image,severity transform and FFT magnitude/log coefficients,"severity max(0, 2.5-Zc) + FFT + log(1+coefficients)",random_split_depth_leakage_risk,val_loss_final,0.0137790469453,loss,validation,overall,/mnt/c/Users/Administrator/Desktop/Hal/results/FFT_EfficientNet_1/output/fft_regression/array_03/logs/training_history_fft.pkl,pickle_training_history,pickle_training_history_final,strong,mainline_candidate,summary_stat=final; final_epoch=85; pkl_sha256_prefix=5e7990a1ce089f30; duplicate_history_hash=5e7990a1ce089f30; duplicate_group_size=2; first_seen=FFT_EfficientNet/output/fft_regression/array_03/logs/training_history_fft.pkl; random_split_depth_leakage_risk; split_audit=random_split_depth_leakage_risk
EXP-008,EfficientNet FFT severity regression,FFT severity label,EfficientNetV2B0 or branch-specific regressor,8-channel CWT time-frequency image,severity transform and FFT magnitude/log coefficients,"severity max(0, 2.5-Zc) + FFT + log(1+coefficients)",random_split_depth_leakage_risk,val_mae,0.0433320254087,label_units,validation,overall,/mnt/c/Users/Administrator/Desktop/Hal/results/FFT_EfficientNet_1/output/fft_regression/array_03/logs/training_history_fft.pkl,pickle_training_history,pickle_training_history_best,strong,mainline_candidate,summary_stat=min; best_epoch=26; history_epochs=85; pkl_sha256_prefix=5e7990a1ce089f30; duplicate_history_hash=5e7990a1ce089f30; duplicate_group_size=2; first_seen=FFT_EfficientNet/output/fft_regression/array_03/logs/training_history_fft.pkl; random_split_depth_leakage_risk; split_audit=random_split_depth_leakage_risk
EXP-008,EfficientNet FFT severity regression,FFT severity label,EfficientNetV2B0 or branch-specific regressor,8-channel CWT time-frequency image,severity transform and FFT magnitude/log coefficients,"severity max(0, 2.5-Zc) + FFT + log(1+coefficients)",random_split_depth_leakage_risk,val_mae_final,0.0519266948104,label_units,validation,overall,/mnt/c/Users/Administrator/Desktop/Hal/results/FFT_EfficientNet_1/output/fft_regression/array_03/logs/training_history_fft.pkl,pickle_training_history,pickle_training_history_final,strong,mainline_candidate,summary_stat=final; final_epoch=85; pkl_sha256_prefix=5e7990a1ce089f30; duplicate_history_hash=5e7990a1ce089f30; duplicate_group_size=2; first_seen=FFT_EfficientNet/output/fft_regression/array_03/logs/training_history_fft.pkl; random_split_depth_leakage_risk; split_audit=random_split_depth_leakage_risk
EXP-008,EfficientNet FFT severity regression,FFT severity label,EfficientNetV2B0 or branch-specific regressor,8-channel CWT time-frequency image,severity transform and FFT magnitude/log coefficients,"severity max(0, 2.5-Zc) + FFT + log(1+coefficients)",random_split_depth_leakage_risk,image_only_prediction_comparison,image_only_needs_manual_read,image_only,unknown,overall,/mnt/c/Users/Administrator/Desktop/Hal/results/FFT_EfficientNet_1/output/fft_regression/array_03/results/fft_model_analysis_plots/_depth_log_comparison.png,image,image_metadata_no_ocr,needs_manual_read,mainline_candidate,Image identified as metric/analysis figure; no OCR performed; manually read or redraw before using numeric values; random_split_depth_leakage_risk; split_audit=random_split_depth_leakage_risk
EXP-008,EfficientNet FFT severity regression,FFT severity label,EfficientNetV2B0 or branch-specific regressor,8-channel CWT time-frequency image,severity transform and FFT magnitude/log coefficients,"severity max(0, 2.5-Zc) + FFT + log(1+coefficients)",random_split_depth_leakage_risk,image_only_prediction_comparison,image_only_needs_manual_read,image_only,unknown,overall,/mnt/c/Users/Administrator/Desktop/Hal/results/FFT_EfficientNet_1/output/fft_regression/array_03/results/fft_model_analysis_plots/_fft_spectrum_image_comparison.png,image,image_metadata_no_ocr,needs_manual_read,mainline_candidate,Image identified as metric/analysis figure; no OCR performed; manually read or redraw before using numeric values; random_split_depth_leakage_risk; split_audit=random_split_depth_leakage_risk
EXP-008,EfficientNet FFT severity regression,FFT severity label,EfficientNetV2B0 or branch-specific regressor,8-channel CWT time-frequency image,severity transform and FFT magnitude/log coefficients,"severity max(0, 2.5-Zc) + FFT + log(1+coefficients)",random_split_depth_leakage_risk,image_only_overall_performance_scatter,image_only_needs_manual_read,image_only,unknown,overall,/mnt/c/Users/Administrator/Desktop/Hal/results/FFT_EfficientNet_1/output/fft_regression/array_03/results/fft_model_analysis_plots/_overall_performance_scatter.png,image,image_metadata_no_ocr,needs_manual_read,mainline_candidate,Image identified as metric/analysis figure; no OCR performed; manually read or redraw before using numeric values; random_split_depth_leakage_risk; split_audit=random_split_depth_leakage_risk
EXP-009,CSI + CNN visual/Grad-CAM analysis,Grad-CAM interpretability,"CNN or CSI-specific model, code mapping unknown",sonic/CSI-derived images,"channeling class/distribution, exact label unknown",unknown,split_unknown,image_only_gradcam_or_attention,image_only_needs_manual_read,image_only,unknown,overall,/mnt/c/Users/Administrator/Desktop/Hal/results/CSI+CNN/comprehensive_gradcam_statistics.png,image,image_metadata_no_ocr,needs_manual_read,appendix,Image identified as metric/analysis figure; no OCR performed; manually read or redraw before using numeric values; leakage_risk_unknown
EXP-009,CSI + CNN visual/Grad-CAM analysis,Grad-CAM interpretability,"CNN or CSI-specific model, code mapping unknown",sonic/CSI-derived images,"channeling class/distribution, exact label unknown",unknown,split_unknown,image_only_prediction_comparison,image_only_needs_manual_read,image_only,unknown,overall,/mnt/c/Users/Administrator/Desktop/Hal/results/CSI+CNN/filtering_effect_comparison.png,image,image_metadata_no_ocr,needs_manual_read,appendix,Image identified as metric/analysis figure; no OCR performed; manually read or redraw before using numeric values; leakage_risk_unknown
EXP-009,CSI + CNN visual/Grad-CAM analysis,Grad-CAM interpretability,"CNN or CSI-specific model, code mapping unknown",sonic/CSI-derived images,"channeling class/distribution, exact label unknown",unknown,split_unknown,image_only_gradcam_or_attention,image_only_needs_manual_read,image_only,unknown,overall,/mnt/c/Users/Administrator/Desktop/Hal/results/CSI+CNN/gradcam_analysis_optimized.png,image,image_metadata_no_ocr,needs_manual_read,appendix,Image identified as metric/analysis figure; no OCR performed; manually read or redraw before using numeric values; leakage_risk_unknown
EXP-010,CSI + SE-ResNet azimuth matching / classification,SE-ResNet azimuth matching,SE-ResNet,"CSI/CWT-derived images, exact input unknown",class/quality labels visible in candidate filenames; exact label definition unknown,unknown,split_unknown,image_only_gradcam_or_attention,image_only_needs_manual_read,image_only,unknown,overall,/mnt/c/Users/Administrator/Desktop/Hal/results/CSI+SE-ResNet/outputs/array_03/plots/attention_mean_variance.png,image,image_metadata_no_ocr,needs_manual_read,appendix,Image identified as metric/analysis figure; no OCR performed; manually read or redraw before using numeric values; leakage_risk_unknown
EXP-010,CSI + SE-ResNet azimuth matching / classification,SE-ResNet azimuth matching,SE-ResNet,"CSI/CWT-derived images, exact input unknown",class/quality labels visible in candidate filenames; exact label definition unknown,unknown,split_unknown,image_only_gradcam_or_attention,image_only_needs_manual_read,image_only,unknown,overall,/mnt/c/Users/Administrator/Desktop/Hal/results/CSI+SE-ResNet/outputs/array_03/plots/class_conditional_attention_analysis.png,image,image_metadata_no_ocr,needs_manual_read,appendix,Image identified as metric/analysis figure; no OCR performed; manually read or redraw before using numeric values; leakage_risk_unknown
EXP-010,CSI + SE-ResNet azimuth matching / classification,SE-ResNet azimuth matching,SE-ResNet,"CSI/CWT-derived images, exact input unknown",class/quality labels visible in candidate filenames; exact label definition unknown,unknown,split_unknown,image_only_performance_summary,image_only_needs_manual_read,image_only,unknown,overall,/mnt/c/Users/Administrator/Desktop/Hal/results/CSI+SE-ResNet/outputs/array_03/plots/performance_summary_plots.png,image,image_metadata_no_ocr,needs_manual_read,appendix,Image identified as metric/analysis figure; no OCR performed; manually read or redraw before using numeric values; leakage_risk_unknown
EXP-010,CSI + SE-ResNet azimuth matching / classification,SE-ResNet azimuth matching,SE-ResNet,"CSI/CWT-derived images, exact input unknown",class/quality labels visible in candidate filenames; exact label definition unknown,unknown,split_unknown,image_only_gradcam_or_attention,image_only_needs_manual_read,image_only,unknown,overall,/mnt/c/Users/Administrator/Desktop/Hal/results/CSI+SE-ResNet/outputs/array_07/plots/attention_mean_variance.png,image,image_metadata_no_ocr,needs_manual_read,appendix,Image identified as metric/analysis figure; no OCR performed; manually read or redraw before using numeric values; leakage_risk_unknown
EXP-010,CSI + SE-ResNet azimuth matching / classification,SE-ResNet azimuth matching,SE-ResNet,"CSI/CWT-derived images, exact input unknown",class/quality labels visible in candidate filenames; exact label definition unknown,unknown,split_unknown,image_only_gradcam_or_attention,image_only_needs_manual_read,image_only,unknown,overall,/mnt/c/Users/Administrator/Desktop/Hal/results/CSI+SE-ResNet/outputs/array_07/plots/class_conditional_attention_analysis.png,image,image_metadata_no_ocr,needs_manual_read,appendix,Image identified as metric/analysis figure; no OCR performed; manually read or redraw before using numeric values; leakage_risk_unknown
EXP-010,CSI + SE-ResNet azimuth matching / classification,SE-ResNet azimuth matching,SE-ResNet,"CSI/CWT-derived images, exact input unknown",class/quality labels visible in candidate filenames; exact label definition unknown,unknown,split_unknown,image_only_performance_summary,image_only_needs_manual_read,image_only,unknown,overall,/mnt/c/Users/Administrator/Desktop/Hal/results/CSI+SE-ResNet/outputs/array_07/plots/performance_summary_plots.png,image,image_metadata_no_ocr,needs_manual_read,appendix,Image identified as metric/analysis figure; no OCR performed; manually read or redraw before using numeric values; leakage_risk_unknown
EXP-010,CSI + SE-ResNet azimuth matching / classification,SE-ResNet azimuth matching,SE-ResNet,"CSI/CWT-derived images, exact input unknown",class/quality labels visible in candidate filenames; exact label definition unknown,unknown,split_unknown,image_only_gradcam_or_attention,image_only_needs_manual_read,image_only,unknown,overall,/mnt/c/Users/Administrator/Desktop/Hal/results/CSI+SE-ResNet/outputs/array_11/plots/attention_mean_variance.png,image,image_metadata_no_ocr,needs_manual_read,appendix,Image identified as metric/analysis figure; no OCR performed; manually read or redraw before using numeric values; leakage_risk_unknown
EXP-010,CSI + SE-ResNet azimuth matching / classification,SE-ResNet azimuth matching,SE-ResNet,"CSI/CWT-derived images, exact input unknown",class/quality labels visible in candidate filenames; exact label definition unknown,unknown,split_unknown,image_only_gradcam_or_attention,image_only_needs_manual_read,image_only,unknown,overall,/mnt/c/Users/Administrator/Desktop/Hal/results/CSI+SE-ResNet/outputs/array_11/plots/class_conditional_attention_analysis.png,image,image_metadata_no_ocr,needs_manual_read,appendix,Image identified as metric/analysis figure; no OCR performed; manually read or redraw before using numeric values; leakage_risk_unknown
EXP-010,CSI + SE-ResNet azimuth matching / classification,SE-ResNet azimuth matching,SE-ResNet,"CSI/CWT-derived images, exact input unknown",class/quality labels visible in candidate filenames; exact label definition unknown,unknown,split_unknown,image_only_performance_summary,image_only_needs_manual_read,image_only,unknown,overall,/mnt/c/Users/Administrator/Desktop/Hal/results/CSI+SE-ResNet/outputs/array_11/plots/performance_summary_plots.png,image,image_metadata_no_ocr,needs_manual_read,appendix,Image identified as metric/analysis figure; no OCR performed; manually read or redraw before using numeric values; leakage_risk_unknown
EXP-011,Dual-channel metadata fusion,dual-channel metadata fusion,"dual-input model, exact architecture unknown",CWT plus metadata/inclination-related channel,"unknown, likely channeling/severity class or profile",unknown,split_unknown,image_only_gradcam_or_attention,image_only_needs_manual_read,image_only,unknown,overall,/mnt/c/Users/Administrator/Desktop/Hal/results/双通道学习/array_03/plots/class_conditional_attention_analysis.png,image,image_metadata_no_ocr,needs_manual_read,failed_attempt,Image identified as metric/analysis figure; no OCR performed; manually read or redraw before using numeric values; leakage_risk_unknown
EXP-011,Dual-channel metadata fusion,dual-channel metadata fusion,"dual-input model, exact architecture unknown",CWT plus metadata/inclination-related channel,"unknown, likely channeling/severity class or profile",unknown,split_unknown,image_only_performance_summary,image_only_needs_manual_read,image_only,unknown,overall,/mnt/c/Users/Administrator/Desktop/Hal/results/双通道学习/array_03/plots/performance_summary_plots.png,image,image_metadata_no_ocr,needs_manual_read,failed_attempt,Image identified as metric/analysis figure; no OCR performed; manually read or redraw before using numeric values; leakage_risk_unknown
EXP-012,Eccentricity pre-correction,eccentricity correction,"correction model, exact architecture unknown","CWT/metadata, exact input unknown",unknown,unknown,split_unknown,image_only_gradcam_or_attention,image_only_needs_manual_read,image_only,unknown,overall,/mnt/c/Users/Administrator/Desktop/Hal/results/预校正/array_03/plots/class_conditional_attention_analysis.png,image,image_metadata_no_ocr,needs_manual_read,failed_attempt,Image identified as metric/analysis figure; no OCR performed; manually read or redraw before using numeric values; leakage_risk_unknown
EXP-012,Eccentricity pre-correction,eccentricity correction,"correction model, exact architecture unknown","CWT/metadata, exact input unknown",unknown,unknown,split_unknown,image_only_performance_summary,image_only_needs_manual_read,image_only,unknown,overall,/mnt/c/Users/Administrator/Desktop/Hal/results/预校正/array_03/plots/performance_summary_plots.png,image,image_metadata_no_ocr,needs_manual_read,failed_attempt,Image identified as metric/analysis figure; no OCR performed; manually read or redraw before using numeric values; leakage_risk_unknown
EXP-013,Grad-CAM interpretability across routes,Grad-CAM interpretability,"CNN, A2INet, EfficientNet/SE-ResNet depending on route",CWT/scalogram or route-specific input image,route-specific,route-specific,split_unknown,image_only_gradcam_or_attention,image_only_needs_manual_read,image_only,unknown,overall,/mnt/c/Users/Administrator/Desktop/Hal/results/temp_result/test_relativity/output/image_translation/array_03/results/classification_gradcam_plots/gradcam_sample_0.png,image,image_metadata_no_ocr,needs_manual_read,appendix,Image identified as metric/analysis figure; no OCR performed; manually read or redraw before using numeric values; leakage_risk_unknown
EXP-013,Grad-CAM interpretability across routes,Grad-CAM interpretability,"CNN, A2INet, EfficientNet/SE-ResNet depending on route",CWT/scalogram or route-specific input image,route-specific,route-specific,split_unknown,image_only_gradcam_or_attention,image_only_needs_manual_read,image_only,unknown,overall,/mnt/c/Users/Administrator/Desktop/Hal/results/temp_result/test_relativity/output/image_translation/array_03/results/classification_gradcam_plots/gradcam_sample_1.png,image,image_metadata_no_ocr,needs_manual_read,appendix,Image identified as metric/analysis figure; no OCR performed; manually read or redraw before using numeric values; leakage_risk_unknown
EXP-013,Grad-CAM interpretability across routes,Grad-CAM interpretability,"CNN, A2INet, EfficientNet/SE-ResNet depending on route",CWT/scalogram or route-specific input image,route-specific,route-specific,split_unknown,image_only_gradcam_or_attention,image_only_needs_manual_read,image_only,unknown,overall,/mnt/c/Users/Administrator/Desktop/Hal/results/temp_result/test_relativity/output/image_translation/array_03/results/classification_gradcam_plots/gradcam_sample_2.png,image,image_metadata_no_ocr,needs_manual_read,appendix,Image identified as metric/analysis figure; no OCR performed; manually read or redraw before using numeric values; leakage_risk_unknown
EXP-013,Grad-CAM interpretability across routes,Grad-CAM interpretability,"CNN, A2INet, EfficientNet/SE-ResNet depending on route",CWT/scalogram or route-specific input image,route-specific,route-specific,split_unknown,image_only_gradcam_or_attention,image_only_needs_manual_read,image_only,unknown,overall,/mnt/c/Users/Administrator/Desktop/Hal/results/temp_result/test_relativity/output/image_translation/array_03/results/classification_gradcam_plots/gradcam_sample_3.png,image,image_metadata_no_ocr,needs_manual_read,appendix,Image identified as metric/analysis figure; no OCR performed; manually read or redraw before using numeric values; leakage_risk_unknown
EXP-013,Grad-CAM interpretability across routes,Grad-CAM interpretability,"CNN, A2INet, EfficientNet/SE-ResNet depending on route",CWT/scalogram or route-specific input image,route-specific,route-specific,split_unknown,image_only_gradcam_or_attention,image_only_needs_manual_read,image_only,unknown,overall,/mnt/c/Users/Administrator/Desktop/Hal/results/temp_result/test_relativity/output/image_translation/array_03/results/classification_gradcam_plots/gradcam_sample_4.png,image,image_metadata_no_ocr,needs_manual_read,appendix,Image identified as metric/analysis figure; no OCR performed; manually read or redraw before using numeric values; leakage_risk_unknown
EXP-014,1D percentage label + sample weights + asymmetric loss failed attempt,1D percentage label,EfficientNetV2B0,8-channel CWT time-frequency image,1D channeling percentage profile,sample weights + asymmetric loss,random_split_depth_leakage_risk,accuracy,0.86348682642,fraction,train,overall,/mnt/c/Users/Administrator/Desktop/Hal/results/temp_result/1D+percentage_Label/样本权重+非对称损失/output/image_translation/array_03/logs/training_history.pkl,pickle_training_history,pickle_training_history_best,strong,failed_attempt,summary_stat=max; best_epoch=64; history_epochs=72; pkl_sha256_prefix=673fb5e8b058b415; duplicate_history_hash=673fb5e8b058b415; duplicate_group_size=6; first_seen=FFT_EfficientNet/output/image_translation/array_03/logs/training_history.pkl; random_split_depth_leakage_risk; split_audit=random_split_depth_leakage_risk
EXP-014,1D percentage label + sample weights + asymmetric loss failed attempt,1D percentage label,EfficientNetV2B0,8-channel CWT time-frequency image,1D channeling percentage profile,sample weights + asymmetric loss,random_split_depth_leakage_risk,accuracy_final,0.856085538864,fraction,train,overall,/mnt/c/Users/Administrator/Desktop/Hal/results/temp_result/1D+percentage_Label/样本权重+非对称损失/output/image_translation/array_03/logs/training_history.pkl,pickle_training_history,pickle_training_history_final,strong,failed_attempt,summary_stat=final; final_epoch=72; pkl_sha256_prefix=673fb5e8b058b415; duplicate_history_hash=673fb5e8b058b415; duplicate_group_size=6; first_seen=FFT_EfficientNet/output/image_translation/array_03/logs/training_history.pkl; random_split_depth_leakage_risk; split_audit=random_split_depth_leakage_risk
EXP-014,1D percentage label + sample weights + asymmetric loss failed attempt,1D percentage label,EfficientNetV2B0,8-channel CWT time-frequency image,1D channeling percentage profile,sample weights + asymmetric loss,random_split_depth_leakage_risk,auc,0.928303062916,fraction,train,overall,/mnt/c/Users/Administrator/Desktop/Hal/results/temp_result/1D+percentage_Label/样本权重+非对称损失/output/image_translation/array_03/logs/training_history.pkl,pickle_training_history,pickle_training_history_best,strong,failed_attempt,summary_stat=max; best_epoch=69; history_epochs=72; pkl_sha256_prefix=673fb5e8b058b415; duplicate_history_hash=673fb5e8b058b415; duplicate_group_size=6; first_seen=FFT_EfficientNet/output/image_translation/array_03/logs/training_history.pkl; random_split_depth_leakage_risk; split_audit=random_split_depth_leakage_risk
EXP-014,1D percentage label + sample weights + asymmetric loss failed attempt,1D percentage label,EfficientNetV2B0,8-channel CWT time-frequency image,1D channeling percentage profile,sample weights + asymmetric loss,random_split_depth_leakage_risk,auc_final,0.926550865173,fraction,train,overall,/mnt/c/Users/Administrator/Desktop/Hal/results/temp_result/1D+percentage_Label/样本权重+非对称损失/output/image_translation/array_03/logs/training_history.pkl,pickle_training_history,pickle_training_history_final,strong,failed_attempt,summary_stat=final; final_epoch=72; pkl_sha256_prefix=673fb5e8b058b415; duplicate_history_hash=673fb5e8b058b415; duplicate_group_size=6; first_seen=FFT_EfficientNet/output/image_translation/array_03/logs/training_history.pkl; random_split_depth_leakage_risk; split_audit=random_split_depth_leakage_risk
EXP-014,1D percentage label + sample weights + asymmetric loss failed attempt,1D percentage label,EfficientNetV2B0,8-channel CWT time-frequency image,1D channeling percentage profile,sample weights + asymmetric loss,random_split_depth_leakage_risk,epoch_count,72,epochs,train,overall,/mnt/c/Users/Administrator/Desktop/Hal/results/temp_result/1D+percentage_Label/样本权重+非对称损失/output/image_translation/array_03/logs/training_history.pkl,pickle_training_history,pickle_training_history_epoch_count,strong,failed_attempt,pkl_sha256_prefix=673fb5e8b058b415; duplicate_history_hash=673fb5e8b058b415; duplicate_group_size=6; first_seen=FFT_EfficientNet/output/image_translation/array_03/logs/training_history.pkl; random_split_depth_leakage_risk; split_audit=random_split_depth_leakage_risk
EXP-014,1D percentage label + sample weights + asymmetric loss failed attempt,1D percentage label,EfficientNetV2B0,8-channel CWT time-frequency image,1D channeling percentage profile,sample weights + asymmetric loss,random_split_depth_leakage_risk,loss,0.34475684166,loss,train,overall,/mnt/c/Users/Administrator/Desktop/Hal/results/temp_result/1D+percentage_Label/样本权重+非对称损失/output/image_translation/array_03/logs/training_history.pkl,pickle_training_history,pickle_training_history_best,strong,failed_attempt,summary_stat=min; best_epoch=65; history_epochs=72; pkl_sha256_prefix=673fb5e8b058b415; duplicate_history_hash=673fb5e8b058b415; duplicate_group_size=6; first_seen=FFT_EfficientNet/output/image_translation/array_03/logs/training_history.pkl; random_split_depth_leakage_risk; split_audit=random_split_depth_leakage_risk
EXP-014,1D percentage label + sample weights + asymmetric loss failed attempt,1D percentage label,EfficientNetV2B0,8-channel CWT time-frequency image,1D channeling percentage profile,sample weights + asymmetric loss,random_split_depth_leakage_risk,loss_final,0.346724122763,loss,train,overall,/mnt/c/Users/Administrator/Desktop/Hal/results/temp_result/1D+percentage_Label/样本权重+非对称损失/output/image_translation/array_03/logs/training_history.pkl,pickle_training_history,pickle_training_history_final,strong,failed_attempt,summary_stat=final; final_epoch=72; pkl_sha256_prefix=673fb5e8b058b415; duplicate_history_hash=673fb5e8b058b415; duplicate_group_size=6; first_seen=FFT_EfficientNet/output/image_translation/array_03/logs/training_history.pkl; random_split_depth_leakage_risk; split_audit=random_split_depth_leakage_risk
EXP-014,1D percentage label + sample weights + asymmetric loss failed attempt,1D percentage label,EfficientNetV2B0,8-channel CWT time-frequency image,1D channeling percentage profile,sample weights + asymmetric loss,random_split_depth_leakage_risk,val_accuracy,0.885365843773,fraction,validation,overall,/mnt/c/Users/Administrator/Desktop/Hal/results/temp_result/1D+percentage_Label/样本权重+非对称损失/output/image_translation/array_03/logs/training_history.pkl,pickle_training_history,pickle_training_history_best,strong,failed_attempt,summary_stat=max; best_epoch=71; history_epochs=72; pkl_sha256_prefix=673fb5e8b058b415; duplicate_history_hash=673fb5e8b058b415; duplicate_group_size=6; first_seen=FFT_EfficientNet/output/image_translation/array_03/logs/training_history.pkl; random_split_depth_leakage_risk; split_audit=random_split_depth_leakage_risk
EXP-014,1D percentage label + sample weights + asymmetric loss failed attempt,1D percentage label,EfficientNetV2B0,8-channel CWT time-frequency image,1D channeling percentage profile,sample weights + asymmetric loss,random_split_depth_leakage_risk,val_accuracy_final,0.858536601067,fraction,validation,overall,/mnt/c/Users/Administrator/Desktop/Hal/results/temp_result/1D+percentage_Label/样本权重+非对称损失/output/image_translation/array_03/logs/training_history.pkl,pickle_training_history,pickle_training_history_final,strong,failed_attempt,summary_stat=final; final_epoch=72; pkl_sha256_prefix=673fb5e8b058b415; duplicate_history_hash=673fb5e8b058b415; duplicate_group_size=6; first_seen=FFT_EfficientNet/output/image_translation/array_03/logs/training_history.pkl; random_split_depth_leakage_risk; split_audit=random_split_depth_leakage_risk
EXP-014,1D percentage label + sample weights + asymmetric loss failed attempt,1D percentage label,EfficientNetV2B0,8-channel CWT time-frequency image,1D channeling percentage profile,sample weights + asymmetric loss,random_split_depth_leakage_risk,val_auc,0.95360827446,fraction,validation,overall,/mnt/c/Users/Administrator/Desktop/Hal/results/temp_result/1D+percentage_Label/样本权重+非对称损失/output/image_translation/array_03/logs/training_history.pkl,pickle_training_history,pickle_training_history_best,strong,failed_attempt,summary_stat=max; best_epoch=57; history_epochs=72; pkl_sha256_prefix=673fb5e8b058b415; duplicate_history_hash=673fb5e8b058b415; duplicate_group_size=6; first_seen=FFT_EfficientNet/output/image_translation/array_03/logs/training_history.pkl; random_split_depth_leakage_risk; split_audit=random_split_depth_leakage_risk
EXP-014,1D percentage label + sample weights + asymmetric loss failed attempt,1D percentage label,EfficientNetV2B0,8-channel CWT time-frequency image,1D channeling percentage profile,sample weights + asymmetric loss,random_split_depth_leakage_risk,val_auc_final,0.931717038155,fraction,validation,overall,/mnt/c/Users/Administrator/Desktop/Hal/results/temp_result/1D+percentage_Label/样本权重+非对称损失/output/image_translation/array_03/logs/training_history.pkl,pickle_training_history,pickle_training_history_final,strong,failed_attempt,summary_stat=final; final_epoch=72; pkl_sha256_prefix=673fb5e8b058b415; duplicate_history_hash=673fb5e8b058b415; duplicate_group_size=6; first_seen=FFT_EfficientNet/output/image_translation/array_03/logs/training_history.pkl; random_split_depth_leakage_risk; split_audit=random_split_depth_leakage_risk
EXP-014,1D percentage label + sample weights + asymmetric loss failed attempt,1D percentage label,EfficientNetV2B0,8-channel CWT time-frequency image,1D channeling percentage profile,sample weights + asymmetric loss,random_split_depth_leakage_risk,val_loss,0.313600122929,loss,validation,overall,/mnt/c/Users/Administrator/Desktop/Hal/results/temp_result/1D+percentage_Label/样本权重+非对称损失/output/image_translation/array_03/logs/training_history.pkl,pickle_training_history,pickle_training_history_best,strong,failed_attempt,summary_stat=min; best_epoch=71; history_epochs=72; pkl_sha256_prefix=673fb5e8b058b415; duplicate_history_hash=673fb5e8b058b415; duplicate_group_size=6; first_seen=FFT_EfficientNet/output/image_translation/array_03/logs/training_history.pkl; random_split_depth_leakage_risk; split_audit=random_split_depth_leakage_risk
EXP-014,1D percentage label + sample weights + asymmetric loss failed attempt,1D percentage label,EfficientNetV2B0,8-channel CWT time-frequency image,1D channeling percentage profile,sample weights + asymmetric loss,random_split_depth_leakage_risk,val_loss_final,0.343364328146,loss,validation,overall,/mnt/c/Users/Administrator/Desktop/Hal/results/temp_result/1D+percentage_Label/样本权重+非对称损失/output/image_translation/array_03/logs/training_history.pkl,pickle_training_history,pickle_training_history_final,strong,failed_attempt,summary_stat=final; final_epoch=72; pkl_sha256_prefix=673fb5e8b058b415; duplicate_history_hash=673fb5e8b058b415; duplicate_group_size=6; first_seen=FFT_EfficientNet/output/image_translation/array_03/logs/training_history.pkl; random_split_depth_leakage_risk; split_audit=random_split_depth_leakage_risk
EXP-014,1D percentage label + sample weights + asymmetric loss failed attempt,1D percentage label,EfficientNetV2B0,8-channel CWT time-frequency image,1D channeling percentage profile,sample weights + asymmetric loss,random_split_depth_leakage_risk,epoch_count,100,epochs,train,overall,/mnt/c/Users/Administrator/Desktop/Hal/results/temp_result/1D+percentage_Label/样本权重+非对称损失/output/image_translation/array_03/logs/training_history_advanced.pkl,pickle_training_history,pickle_training_history_epoch_count,strong,failed_attempt,pkl_sha256_prefix=cc58fc273535b8e2; duplicate_history_hash=cc58fc273535b8e2; duplicate_group_size=4; first_seen=FFT_EfficientNet/output/image_translation/array_03/logs/training_history_advanced.pkl; random_split_depth_leakage_risk; split_audit=random_split_depth_leakage_risk
EXP-014,1D percentage label + sample weights + asymmetric loss failed attempt,1D percentage label,EfficientNetV2B0,8-channel CWT time-frequency image,1D channeling percentage profile,sample weights + asymmetric loss,random_split_depth_leakage_risk,loss,0.902002155781,loss,train,overall,/mnt/c/Users/Administrator/Desktop/Hal/results/temp_result/1D+percentage_Label/样本权重+非对称损失/output/image_translation/array_03/logs/training_history_advanced.pkl,pickle_training_history,pickle_training_history_best,strong,failed_attempt,summary_stat=min; best_epoch=59; history_epochs=100; pkl_sha256_prefix=cc58fc273535b8e2; duplicate_history_hash=cc58fc273535b8e2; duplicate_group_size=4; first_seen=FFT_EfficientNet/output/image_translation/array_03/logs/training_history_advanced.pkl; random_split_depth_leakage_risk; split_audit=random_split_depth_leakage_risk
EXP-014,1D percentage label + sample weights + asymmetric loss failed attempt,1D percentage label,EfficientNetV2B0,8-channel CWT time-frequency image,1D channeling percentage profile,sample weights + asymmetric loss,random_split_depth_leakage_risk,loss_final,0.929519951344,loss,train,overall,/mnt/c/Users/Administrator/Desktop/Hal/results/temp_result/1D+percentage_Label/样本权重+非对称损失/output/image_translation/array_03/logs/training_history_advanced.pkl,pickle_training_history,pickle_training_history_final,strong,failed_attempt,summary_stat=final; final_epoch=100; pkl_sha256_prefix=cc58fc273535b8e2; duplicate_history_hash=cc58fc273535b8e2; duplicate_group_size=4; first_seen=FFT_EfficientNet/output/image_translation/array_03/logs/training_history_advanced.pkl; random_split_depth_leakage_risk; split_audit=random_split_depth_leakage_risk
EXP-014,1D percentage label + sample weights + asymmetric loss failed attempt,1D percentage label,EfficientNetV2B0,8-channel CWT time-frequency image,1D channeling percentage profile,sample weights + asymmetric loss,random_split_depth_leakage_risk,mae,0.986433625221,label_units,train,overall,/mnt/c/Users/Administrator/Desktop/Hal/results/temp_result/1D+percentage_Label/样本权重+非对称损失/output/image_translation/array_03/logs/training_history_advanced.pkl,pickle_training_history,pickle_training_history_best,strong,failed_attempt,summary_stat=min; best_epoch=59; history_epochs=100; pkl_sha256_prefix=cc58fc273535b8e2; duplicate_history_hash=cc58fc273535b8e2; duplicate_group_size=4; first_seen=FFT_EfficientNet/output/image_translation/array_03/logs/training_history_advanced.pkl; random_split_depth_leakage_risk; split_audit=random_split_depth_leakage_risk
EXP-014,1D percentage label + sample weights + asymmetric loss failed attempt,1D percentage label,EfficientNetV2B0,8-channel CWT time-frequency image,1D channeling percentage profile,sample weights + asymmetric loss,random_split_depth_leakage_risk,mae_final,1.01652181149,label_units,train,overall,/mnt/c/Users/Administrator/Desktop/Hal/results/temp_result/1D+percentage_Label/样本权重+非对称损失/output/image_translation/array_03/logs/training_history_advanced.pkl,pickle_training_history,pickle_training_history_final,strong,failed_attempt,summary_stat=final; final_epoch=100; pkl_sha256_prefix=cc58fc273535b8e2; duplicate_history_hash=cc58fc273535b8e2; duplicate_group_size=4; first_seen=FFT_EfficientNet/output/image_translation/array_03/logs/training_history_advanced.pkl; random_split_depth_leakage_risk; split_audit=random_split_depth_leakage_risk
EXP-014,1D percentage label + sample weights + asymmetric loss failed attempt,1D percentage label,EfficientNetV2B0,8-channel CWT time-frequency image,1D channeling percentage profile,sample weights + asymmetric loss,random_split_depth_leakage_risk,val_loss,0.458220243454,loss,validation,overall,/mnt/c/Users/Administrator/Desktop/Hal/results/temp_result/1D+percentage_Label/样本权重+非对称损失/output/image_translation/array_03/logs/training_history_advanced.pkl,pickle_training_history,pickle_training_history_best,strong,failed_attempt,summary_stat=min; best_epoch=80; history_epochs=100; pkl_sha256_prefix=cc58fc273535b8e2; duplicate_history_hash=cc58fc273535b8e2; duplicate_group_size=4; first_seen=FFT_EfficientNet/output/image_translation/array_03/logs/training_history_advanced.pkl; random_split_depth_leakage_risk; split_audit=random_split_depth_leakage_risk
EXP-014,1D percentage label + sample weights + asymmetric loss failed attempt,1D percentage label,EfficientNetV2B0,8-channel CWT time-frequency image,1D channeling percentage profile,sample weights + asymmetric loss,random_split_depth_leakage_risk,val_loss_final,0.497596085072,loss,validation,overall,/mnt/c/Users/Administrator/Desktop/Hal/results/temp_result/1D+percentage_Label/样本权重+非对称损失/output/image_translation/array_03/logs/training_history_advanced.pkl,pickle_training_history,pickle_training_history_final,strong,failed_attempt,summary_stat=final; final_epoch=100; pkl_sha256_prefix=cc58fc273535b8e2; duplicate_history_hash=cc58fc273535b8e2; duplicate_group_size=4; first_seen=FFT_EfficientNet/output/image_translation/array_03/logs/training_history_advanced.pkl; random_split_depth_leakage_risk; split_audit=random_split_depth_leakage_risk
EXP-014,1D percentage label + sample weights + asymmetric loss failed attempt,1D percentage label,EfficientNetV2B0,8-channel CWT time-frequency image,1D channeling percentage profile,sample weights + asymmetric loss,random_split_depth_leakage_risk,val_mae,0.513735711575,label_units,validation,overall,/mnt/c/Users/Administrator/Desktop/Hal/results/temp_result/1D+percentage_Label/样本权重+非对称损失/output/image_translation/array_03/logs/training_history_advanced.pkl,pickle_training_history,pickle_training_history_best,strong,failed_attempt,summary_stat=min; best_epoch=80; history_epochs=100; pkl_sha256_prefix=cc58fc273535b8e2; duplicate_history_hash=cc58fc273535b8e2; duplicate_group_size=4; first_seen=FFT_EfficientNet/output/image_translation/array_03/logs/training_history_advanced.pkl; random_split_depth_leakage_risk; split_audit=random_split_depth_leakage_risk
EXP-014,1D percentage label + sample weights + asymmetric loss failed attempt,1D percentage label,EfficientNetV2B0,8-channel CWT time-frequency image,1D channeling percentage profile,sample weights + asymmetric loss,random_split_depth_leakage_risk,val_mae_final,0.557627856731,label_units,validation,overall,/mnt/c/Users/Administrator/Desktop/Hal/results/temp_result/1D+percentage_Label/样本权重+非对称损失/output/image_translation/array_03/logs/training_history_advanced.pkl,pickle_training_history,pickle_training_history_final,strong,failed_attempt,summary_stat=final; final_epoch=100; pkl_sha256_prefix=cc58fc273535b8e2; duplicate_history_hash=cc58fc273535b8e2; duplicate_group_size=4; first_seen=FFT_EfficientNet/output/image_translation/array_03/logs/training_history_advanced.pkl; random_split_depth_leakage_risk; split_audit=random_split_depth_leakage_risk
EXP-014,1D percentage label + sample weights + asymmetric loss failed attempt,1D percentage label,EfficientNetV2B0,8-channel CWT time-frequency image,1D channeling percentage profile,sample weights + asymmetric loss,random_split_depth_leakage_risk,epoch_count,76,epochs,train,overall,/mnt/c/Users/Administrator/Desktop/Hal/results/temp_result/1D+percentage_Label/样本权重+非对称损失/output/image_translation/array_03/logs/training_history_weighted.pkl,pickle_training_history,pickle_training_history_epoch_count,strong,failed_attempt,pkl_sha256_prefix=c3e9b3be369e4810; random_split_depth_leakage_risk; split_audit=random_split_depth_leakage_risk
EXP-014,1D percentage label + sample weights + asymmetric loss failed attempt,1D percentage label,EfficientNetV2B0,8-channel CWT time-frequency image,1D channeling percentage profile,sample weights + asymmetric loss,random_split_depth_leakage_risk,loss,2.6637969017,loss,train,overall,/mnt/c/Users/Administrator/Desktop/Hal/results/temp_result/1D+percentage_Label/样本权重+非对称损失/output/image_translation/array_03/logs/training_history_weighted.pkl,pickle_training_history,pickle_training_history_best,strong,failed_attempt,summary_stat=min; best_epoch=70; history_epochs=76; pkl_sha256_prefix=c3e9b3be369e4810; random_split_depth_leakage_risk; split_audit=random_split_depth_leakage_risk
EXP-014,1D percentage label + sample weights + asymmetric loss failed attempt,1D percentage label,EfficientNetV2B0,8-channel CWT time-frequency image,1D channeling percentage profile,sample weights + asymmetric loss,random_split_depth_leakage_risk,loss_final,3.20512270927,loss,train,overall,/mnt/c/Users/Administrator/Desktop/Hal/results/temp_result/1D+percentage_Label/样本权重+非对称损失/output/image_translation/array_03/logs/training_history_weighted.pkl,pickle_training_history,pickle_training_history_final,strong,failed_attempt,summary_stat=final; final_epoch=76; pkl_sha256_prefix=c3e9b3be369e4810; random_split_depth_leakage_risk; split_audit=random_split_depth_leakage_risk
EXP-014,1D percentage label + sample weights + asymmetric loss failed attempt,1D percentage label,EfficientNetV2B0,8-channel CWT time-frequency image,1D channeling percentage profile,sample weights + asymmetric loss,random_split_depth_leakage_risk,mae,1.62514841557,label_units,train,overall,/mnt/c/Users/Administrator/Desktop/Hal/results/temp_result/1D+percentage_Label/样本权重+非对称损失/output/image_translation/array_03/logs/training_history_weighted.pkl,pickle_training_history,pickle_training_history_best,strong,failed_attempt,summary_stat=min; best_epoch=9; history_epochs=76; pkl_sha256_prefix=c3e9b3be369e4810; random_split_depth_leakage_risk; split_audit=random_split_depth_leakage_risk
EXP-014,1D percentage label + sample weights + asymmetric loss failed attempt,1D percentage label,EfficientNetV2B0,8-channel CWT time-frequency image,1D channeling percentage profile,sample weights + asymmetric loss,random_split_depth_leakage_risk,mae_final,1.75229167938,label_units,train,overall,/mnt/c/Users/Administrator/Desktop/Hal/results/temp_result/1D+percentage_Label/样本权重+非对称损失/output/image_translation/array_03/logs/training_history_weighted.pkl,pickle_training_history,pickle_training_history_final,strong,failed_attempt,summary_stat=final; final_epoch=76; pkl_sha256_prefix=c3e9b3be369e4810; random_split_depth_leakage_risk; split_audit=random_split_depth_leakage_risk
EXP-014,1D percentage label + sample weights + asymmetric loss failed attempt,1D percentage label,EfficientNetV2B0,8-channel CWT time-frequency image,1D channeling percentage profile,sample weights + asymmetric loss,random_split_depth_leakage_risk,val_loss,1.01288998127,loss,validation,overall,/mnt/c/Users/Administrator/Desktop/Hal/results/temp_result/1D+percentage_Label/样本权重+非对称损失/output/image_translation/array_03/logs/training_history_weighted.pkl,pickle_training_history,pickle_training_history_best,strong,failed_attempt,summary_stat=min; best_epoch=56; history_epochs=76; pkl_sha256_prefix=c3e9b3be369e4810; random_split_depth_leakage_risk; split_audit=random_split_depth_leakage_risk
EXP-014,1D percentage label + sample weights + asymmetric loss failed attempt,1D percentage label,EfficientNetV2B0,8-channel CWT time-frequency image,1D channeling percentage profile,sample weights + asymmetric loss,random_split_depth_leakage_risk,val_loss_final,1.27499616146,loss,validation,overall,/mnt/c/Users/Administrator/Desktop/Hal/results/temp_result/1D+percentage_Label/样本权重+非对称损失/output/image_translation/array_03/logs/training_history_weighted.pkl,pickle_training_history,pickle_training_history_final,strong,failed_attempt,summary_stat=final; final_epoch=76; pkl_sha256_prefix=c3e9b3be369e4810; random_split_depth_leakage_risk; split_audit=random_split_depth_leakage_risk
EXP-014,1D percentage label + sample weights + asymmetric loss failed attempt,1D percentage label,EfficientNetV2B0,8-channel CWT time-frequency image,1D channeling percentage profile,sample weights + asymmetric loss,random_split_depth_leakage_risk,val_mae,0.804545164108,label_units,validation,overall,/mnt/c/Users/Administrator/Desktop/Hal/results/temp_result/1D+percentage_Label/样本权重+非对称损失/output/image_translation/array_03/logs/training_history_weighted.pkl,pickle_training_history,pickle_training_history_best,strong,failed_attempt,summary_stat=min; best_epoch=10; history_epochs=76; pkl_sha256_prefix=c3e9b3be369e4810; random_split_depth_leakage_risk; split_audit=random_split_depth_leakage_risk
EXP-014,1D percentage label + sample weights + asymmetric loss failed attempt,1D percentage label,EfficientNetV2B0,8-channel CWT time-frequency image,1D channeling percentage profile,sample weights + asymmetric loss,random_split_depth_leakage_risk,val_mae_final,1.04863631725,label_units,validation,overall,/mnt/c/Users/Administrator/Desktop/Hal/results/temp_result/1D+percentage_Label/样本权重+非对称损失/output/image_translation/array_03/logs/training_history_weighted.pkl,pickle_training_history,pickle_training_history_final,strong,failed_attempt,summary_stat=final; final_epoch=76; pkl_sha256_prefix=c3e9b3be369e4810; random_split_depth_leakage_risk; split_audit=random_split_depth_leakage_risk
EXP-014,1D percentage label + sample weights + asymmetric loss failed attempt,1D percentage label,EfficientNetV2B0,8-channel CWT time-frequency image,1D channeling percentage profile,sample weights + asymmetric loss,random_split_depth_leakage_risk,val_weighted_mae,0.838953793049,label_units,validation,overall,/mnt/c/Users/Administrator/Desktop/Hal/results/temp_result/1D+percentage_Label/样本权重+非对称损失/output/image_translation/array_03/logs/training_history_weighted.pkl,pickle_training_history,pickle_training_history_best,strong,failed_attempt,summary_stat=min; best_epoch=10; history_epochs=76; pkl_sha256_prefix=c3e9b3be369e4810; random_split_depth_leakage_risk; split_audit=random_split_depth_leakage_risk
EXP-014,1D percentage label + sample weights + asymmetric loss failed attempt,1D percentage label,EfficientNetV2B0,8-channel CWT time-frequency image,1D channeling percentage profile,sample weights + asymmetric loss,random_split_depth_leakage_risk,val_weighted_mae_final,1.10592544079,label_units,validation,overall,/mnt/c/Users/Administrator/Desktop/Hal/results/temp_result/1D+percentage_Label/样本权重+非对称损失/output/image_translation/array_03/logs/training_history_weighted.pkl,pickle_training_history,pickle_training_history_final,strong,failed_attempt,summary_stat=final; final_epoch=76; pkl_sha256_prefix=c3e9b3be369e4810; random_split_depth_leakage_risk; split_audit=random_split_depth_leakage_risk
EXP-014,1D percentage label + sample weights + asymmetric loss failed attempt,1D percentage label,EfficientNetV2B0,8-channel CWT time-frequency image,1D channeling percentage profile,sample weights + asymmetric loss,random_split_depth_leakage_risk,weighted_mae,1.68341934681,label_units,train,overall,/mnt/c/Users/Administrator/Desktop/Hal/results/temp_result/1D+percentage_Label/样本权重+非对称损失/output/image_translation/array_03/logs/training_history_weighted.pkl,pickle_training_history,pickle_training_history_best,strong,failed_attempt,summary_stat=min; best_epoch=12; history_epochs=76; pkl_sha256_prefix=c3e9b3be369e4810; random_split_depth_leakage_risk; split_audit=random_split_depth_leakage_risk
EXP-014,1D percentage label + sample weights + asymmetric loss failed attempt,1D percentage label,EfficientNetV2B0,8-channel CWT time-frequency image,1D channeling percentage profile,sample weights + asymmetric loss,random_split_depth_leakage_risk,weighted_mae_final,1.80007064342,label_units,train,overall,/mnt/c/Users/Administrator/Desktop/Hal/results/temp_result/1D+percentage_Label/样本权重+非对称损失/output/image_translation/array_03/logs/training_history_weighted.pkl,pickle_training_history,pickle_training_history_final,strong,failed_attempt,summary_stat=final; final_epoch=76; pkl_sha256_prefix=c3e9b3be369e4810; random_split_depth_leakage_risk; split_audit=random_split_depth_leakage_risk
EXP-014,1D percentage label + sample weights + asymmetric loss failed attempt,1D percentage label,EfficientNetV2B0,8-channel CWT time-frequency image,1D channeling percentage profile,sample weights + asymmetric loss,random_split_depth_leakage_risk,image_only_error_distribution_by_category,image_only_needs_manual_read,image_only,unknown,overall,/mnt/c/Users/Administrator/Desktop/Hal/results/temp_result/1D+percentage_Label/样本权重+非对称损失/output/image_translation/array_03/results/final_analysis_plots/_error_distribution_by_category.png,image,image_metadata_no_ocr,needs_manual_read,failed_attempt,Image identified as metric/analysis figure; no OCR performed; manually read or redraw before using numeric values; random_split_depth_leakage_risk; split_audit=random_split_depth_leakage_risk
EXP-014,1D percentage label + sample weights + asymmetric loss failed attempt,1D percentage label,EfficientNetV2B0,8-channel CWT time-frequency image,1D channeling percentage profile,sample weights + asymmetric loss,random_split_depth_leakage_risk,image_only_overall_performance_scatter,image_only_needs_manual_read,image_only,unknown,overall,/mnt/c/Users/Administrator/Desktop/Hal/results/temp_result/1D+percentage_Label/样本权重+非对称损失/output/image_translation/array_03/results/final_analysis_plots/_overall_performance_scatter.png,image,image_metadata_no_ocr,needs_manual_read,failed_attempt,Image identified as metric/analysis figure; no OCR performed; manually read or redraw before using numeric values; random_split_depth_leakage_risk; split_audit=random_split_depth_leakage_risk
EXP-014,1D percentage label + sample weights + asymmetric loss failed attempt,1D percentage label,EfficientNetV2B0,8-channel CWT time-frequency image,1D channeling percentage profile,sample weights + asymmetric loss,random_split_depth_leakage_risk,image_only_error_distribution_by_category,image_only_needs_manual_read,image_only,unknown,overall,/mnt/c/Users/Administrator/Desktop/Hal/results/temp_result/1D+percentage_Label/样本权重+非对称损失/output/image_translation/array_03/results/weighted_model_analysis_plots/_error_distribution_by_category_weighted.png,image,image_metadata_no_ocr,needs_manual_read,failed_attempt,Image identified as metric/analysis figure; no OCR performed; manually read or redraw before using numeric values; random_split_depth_leakage_risk; split_audit=random_split_depth_leakage_risk
EXP-014,1D percentage label + sample weights + asymmetric loss failed attempt,1D percentage label,EfficientNetV2B0,8-channel CWT time-frequency image,1D channeling percentage profile,sample weights + asymmetric loss,random_split_depth_leakage_risk,image_only_overall_performance_scatter,image_only_needs_manual_read,image_only,unknown,overall,/mnt/c/Users/Administrator/Desktop/Hal/results/temp_result/1D+percentage_Label/样本权重+非对称损失/output/image_translation/array_03/results/weighted_model_analysis_plots/_overall_performance_scatter_weighted.png,image,image_metadata_no_ocr,needs_manual_read,failed_attempt,Image identified as metric/analysis figure; no OCR performed; manually read or redraw before using numeric values; random_split_depth_leakage_risk; split_audit=random_split_depth_leakage_risk
EXP-014,1D percentage label + sample weights + asymmetric loss failed attempt,1D percentage label,EfficientNetV2B0,8-channel CWT time-frequency image,1D channeling percentage profile,sample weights + asymmetric loss,random_split_depth_leakage_risk,image_only_training_history,image_only_needs_manual_read,image_only,unknown,overall,/mnt/c/Users/Administrator/Desktop/Hal/results/temp_result/1D+percentage_Label/样本权重+非对称损失/output/visualization_plots/05_training_history_regression.png,image,image_metadata_no_ocr,needs_manual_read,failed_attempt,Image identified as metric/analysis figure; no OCR performed; manually read or redraw before using numeric values; random_split_depth_leakage_risk; split_audit=random_split_depth_leakage_risk
EXP-014,1D percentage label + sample weights + asymmetric loss failed attempt,1D percentage label,EfficientNetV2B0,8-channel CWT time-frequency image,1D channeling percentage profile,sample weights + asymmetric loss,random_split_depth_leakage_risk,qualitative_result,结果很差,qualitative,unknown,overall,/mnt/c/Users/Administrator/Desktop/Hal/results/temp_result/1D+percentage_Label/样本权重+非对称损失/result.txt,text_result,text_qualitative_no_numeric_metric,medium,failed_attempt,qualitative failed-attempt evidence only; no numeric metric in source; random_split_depth_leakage_risk; split_audit=random_split_depth_leakage_risk
unknown,unknown,unknown,unknown,unknown,unknown,unknown,split_unknown,image_only_training_history,image_only_needs_manual_read,image_only,unknown,overall,/mnt/c/Users/Administrator/Desktop/Hal/results/FFT_EfficientNet/output/visualization_plots/05_training_history_regression.png,image,image_metadata_no_ocr,needs_manual_read,appendix,Image identified as metric/analysis figure; no OCR performed; manually read or redraw before using numeric values; leakage_risk_unknown
unknown,unknown,unknown,unknown,unknown,unknown,unknown,split_unknown,image_only_training_history,image_only_needs_manual_read,image_only,unknown,overall,/mnt/c/Users/Administrator/Desktop/Hal/results/FFT_EfficientNet_1/output/visualization_plots/05_training_history_regression.png,image,image_metadata_no_ocr,needs_manual_read,appendix,Image identified as metric/analysis figure; no OCR performed; manually read or redraw before using numeric values; leakage_risk_unknown
EXP-008,EfficientNet FFT severity regression depth-heldout v001,FFT severity label,EfficientNetV2B0 depth-heldout train script,8-channel CWT time-frequency image,severity transform and FFT magnitude/log coefficients,"severity max(0, 2.5-Zc) + FFT magnitude + log(1+coefficients)",depth_heldout_simple,keras_loss,0.0152198290452,loss,validation,overall,docs/thesis_evidence/remote_exp008_depth_blocked_train/val_metrics.json,json_depth_heldout_metrics,exp008_depth_heldout_train_script_json,strong,mainline_candidate,train_v001; split_audit=depth_heldout_split_confirmed; single-well depth-heldout evidence; no random split or validation_split; remote output=/home/xiaoj/hal_azi/output/thesis_depth_blocked/exp008/train_v001
EXP-008,EfficientNet FFT severity regression depth-heldout v001,FFT severity label,EfficientNetV2B0 depth-heldout train script,8-channel CWT time-frequency image,severity transform and FFT magnitude/log coefficients,"severity max(0, 2.5-Zc) + FFT magnitude + log(1+coefficients)",depth_heldout_simple,keras_mae,0.0428165979683,label_units,validation,overall,docs/thesis_evidence/remote_exp008_depth_blocked_train/val_metrics.json,json_depth_heldout_metrics,exp008_depth_heldout_train_script_json,strong,mainline_candidate,train_v001; split_audit=depth_heldout_split_confirmed; single-well depth-heldout evidence; no random split or validation_split; remote output=/home/xiaoj/hal_azi/output/thesis_depth_blocked/exp008/train_v001
EXP-008,EfficientNet FFT severity regression depth-heldout v001,FFT severity label,EfficientNetV2B0 depth-heldout train script,8-channel CWT time-frequency image,severity transform and FFT magnitude/log coefficients,"severity max(0, 2.5-Zc) + FFT magnitude + log(1+coefficients)",depth_heldout_simple,overall_mae,0.0428165902789,label_units,validation,overall,docs/thesis_evidence/remote_exp008_depth_blocked_train/val_metrics.json,json_depth_heldout_metrics,exp008_depth_heldout_train_script_json,strong,mainline_candidate,train_v001; split_audit=depth_heldout_split_confirmed; single-well depth-heldout evidence; no random split or validation_split; remote output=/home/xiaoj/hal_azi/output/thesis_depth_blocked/exp008/train_v001
EXP-008,EfficientNet FFT severity regression depth-heldout v001,FFT severity label,EfficientNetV2B0 depth-heldout train script,8-channel CWT time-frequency image,severity transform and FFT magnitude/log coefficients,"severity max(0, 2.5-Zc) + FFT magnitude + log(1+coefficients)",depth_heldout_simple,overall_mse,0.0350313048114,label_units_squared,validation,overall,docs/thesis_evidence/remote_exp008_depth_blocked_train/val_metrics.json,json_depth_heldout_metrics,exp008_depth_heldout_train_script_json,strong,mainline_candidate,train_v001; split_audit=depth_heldout_split_confirmed; single-well depth-heldout evidence; no random split or validation_split; remote output=/home/xiaoj/hal_azi/output/thesis_depth_blocked/exp008/train_v001
EXP-008,EfficientNet FFT severity regression depth-heldout v001,FFT severity label,EfficientNetV2B0 depth-heldout train script,8-channel CWT time-frequency image,severity transform and FFT magnitude/log coefficients,"severity max(0, 2.5-Zc) + FFT magnitude + log(1+coefficients)",depth_heldout_simple,overall_rmse,0.187166516267,label_units,validation,overall,docs/thesis_evidence/remote_exp008_depth_blocked_train/val_metrics.json,json_depth_heldout_metrics,exp008_depth_heldout_train_script_json,strong,mainline_candidate,train_v001; split_audit=depth_heldout_split_confirmed; single-well depth-heldout evidence; no random split or validation_split; remote output=/home/xiaoj/hal_azi/output/thesis_depth_blocked/exp008/train_v001
EXP-008,EfficientNet FFT severity regression depth-heldout v001,FFT severity label,EfficientNetV2B0 depth-heldout train script,8-channel CWT time-frequency image,severity transform and FFT magnitude/log coefficients,"severity max(0, 2.5-Zc) + FFT magnitude + log(1+coefficients)",depth_heldout_simple,overall_r2,0.0108821529477,fraction,validation,overall,docs/thesis_evidence/remote_exp008_depth_blocked_train/val_metrics.json,json_depth_heldout_metrics,exp008_depth_heldout_train_script_json,strong,mainline_candidate,train_v001; split_audit=depth_heldout_split_confirmed; single-well depth-heldout evidence; no random split or validation_split; remote output=/home/xiaoj/hal_azi/output/thesis_depth_blocked/exp008/train_v001
EXP-008,EfficientNet FFT severity regression depth-heldout v001,FFT severity label,EfficientNetV2B0 depth-heldout train script,8-channel CWT time-frequency image,severity transform and FFT magnitude/log coefficients,"severity max(0, 2.5-Zc) + FFT magnitude + log(1+coefficients)",depth_heldout_simple,overall_pearson,0.200574791944,correlation,validation,overall,docs/thesis_evidence/remote_exp008_depth_blocked_train/val_metrics.json,json_depth_heldout_metrics,exp008_depth_heldout_train_script_json,strong,mainline_candidate,train_v001; split_audit=depth_heldout_split_confirmed; single-well depth-heldout evidence; no random split or validation_split; remote output=/home/xiaoj/hal_azi/output/thesis_depth_blocked/exp008/train_v001
EXP-008,EfficientNet FFT severity regression depth-heldout v001,FFT severity label,EfficientNetV2B0 depth-heldout train script,8-channel CWT time-frequency image,severity transform and FFT magnitude/log coefficients,"severity max(0, 2.5-Zc) + FFT magnitude + log(1+coefficients)",depth_heldout_simple,overall_spearman,0.266137339036,correlation,validation,overall,docs/thesis_evidence/remote_exp008_depth_blocked_train/val_metrics.json,json_depth_heldout_metrics,exp008_depth_heldout_train_script_json,strong,mainline_candidate,train_v001; split_audit=depth_heldout_split_confirmed; single-well depth-heldout evidence; no random split or validation_split; remote output=/home/xiaoj/hal_azi/output/thesis_depth_blocked/exp008/train_v001
EXP-008,EfficientNet FFT severity regression depth-heldout v001,FFT severity label,EfficientNetV2B0 depth-heldout train script,8-channel CWT time-frequency image,severity transform and FFT magnitude/log coefficients,"severity max(0, 2.5-Zc) + FFT magnitude + log(1+coefficients)",depth_heldout_simple,dc_mae,0.0707645714283,label_units,validation,overall,docs/thesis_evidence/remote_exp008_depth_blocked_train/val_metrics.json,json_depth_heldout_metrics,exp008_depth_heldout_train_script_json,strong,mainline_candidate,train_v001; split_audit=depth_heldout_split_confirmed; single-well depth-heldout evidence; no random split or validation_split; remote output=/home/xiaoj/hal_azi/output/thesis_depth_blocked/exp008/train_v001
EXP-008,EfficientNet FFT severity regression depth-heldout v001,FFT severity label,EfficientNetV2B0 depth-heldout train script,8-channel CWT time-frequency image,severity transform and FFT magnitude/log coefficients,"severity max(0, 2.5-Zc) + FFT magnitude + log(1+coefficients)",depth_heldout_simple,dc_rmse,0.315947085619,label_units,validation,overall,docs/thesis_evidence/remote_exp008_depth_blocked_train/val_metrics.json,json_depth_heldout_metrics,exp008_depth_heldout_train_script_json,strong,mainline_candidate,train_v001; split_audit=depth_heldout_split_confirmed; single-well depth-heldout evidence; no random split or validation_split; remote output=/home/xiaoj/hal_azi/output/thesis_depth_blocked/exp008/train_v001
EXP-008,EfficientNet FFT severity regression depth-heldout v001,FFT severity label,EfficientNetV2B0 depth-heldout train script,8-channel CWT time-frequency image,severity transform and FFT magnitude/log coefficients,"severity max(0, 2.5-Zc) + FFT magnitude + log(1+coefficients)",depth_heldout_simple,low_freq_0_4_mae,0.0668213143945,label_units,validation,overall,docs/thesis_evidence/remote_exp008_depth_blocked_train/val_metrics.json,json_depth_heldout_metrics,exp008_depth_heldout_train_script_json,strong,mainline_candidate,train_v001; split_audit=depth_heldout_split_confirmed; single-well depth-heldout evidence; no random split or validation_split; remote output=/home/xiaoj/hal_azi/output/thesis_depth_blocked/exp008/train_v001
EXP-008,EfficientNet FFT severity regression depth-heldout v001,FFT severity label,EfficientNetV2B0 depth-heldout train script,8-channel CWT time-frequency image,severity transform and FFT magnitude/log coefficients,"severity max(0, 2.5-Zc) + FFT magnitude + log(1+coefficients)",depth_heldout_simple,low_freq_0_4_rmse,0.291534781456,label_units,validation,overall,docs/thesis_evidence/remote_exp008_depth_blocked_train/val_metrics.json,json_depth_heldout_metrics,exp008_depth_heldout_train_script_json,strong,mainline_candidate,train_v001; split_audit=depth_heldout_split_confirmed; single-well depth-heldout evidence; no random split or validation_split; remote output=/home/xiaoj/hal_azi/output/thesis_depth_blocked/exp008/train_v001
EXP-008,EfficientNet FFT severity regression depth-heldout v001,FFT severity label,EfficientNetV2B0 depth-heldout train script,8-channel CWT time-frequency image,severity transform and FFT magnitude/log coefficients,"severity max(0, 2.5-Zc) + FFT magnitude + log(1+coefficients)",depth_heldout_simple,num_samples,416,samples,validation,overall,docs/thesis_evidence/remote_exp008_depth_blocked_train/val_metrics.json,json_depth_heldout_metrics,exp008_depth_heldout_train_script_json,strong,mainline_candidate,train_v001; split_audit=depth_heldout_split_confirmed; single-well depth-heldout evidence; no random split or validation_split; remote output=/home/xiaoj/hal_azi/output/thesis_depth_blocked/exp008/train_v001
EXP-008,EfficientNet FFT severity regression depth-heldout v001,FFT severity label,EfficientNetV2B0 depth-heldout train script,8-channel CWT time-frequency image,severity transform and FFT magnitude/log coefficients,"severity max(0, 2.5-Zc) + FFT magnitude + log(1+coefficients)",depth_heldout_simple,num_label_values,873600,label_values,validation,overall,docs/thesis_evidence/remote_exp008_depth_blocked_train/val_metrics.json,json_depth_heldout_metrics,exp008_depth_heldout_train_script_json,strong,mainline_candidate,train_v001; split_audit=depth_heldout_split_confirmed; single-well depth-heldout evidence; no random split or validation_split; remote output=/home/xiaoj/hal_azi/output/thesis_depth_blocked/exp008/train_v001
EXP-008,EfficientNet FFT severity regression depth-heldout v001,FFT severity label,EfficientNetV2B0 depth-heldout train script,8-channel CWT time-frequency image,severity transform and FFT magnitude/log coefficients,"severity max(0, 2.5-Zc) + FFT magnitude + log(1+coefficients)",depth_heldout_simple,keras_loss,0.0329935140908,loss,test,overall,docs/thesis_evidence/remote_exp008_depth_blocked_train/test_metrics.json,json_depth_heldout_metrics,exp008_depth_heldout_train_script_json,strong,mainline_candidate,train_v001; split_audit=depth_heldout_split_confirmed; single-well depth-heldout evidence; no random split or validation_split; remote output=/home/xiaoj/hal_azi/output/thesis_depth_blocked/exp008/train_v001
EXP-008,EfficientNet FFT severity regression depth-heldout v001,FFT severity label,EfficientNetV2B0 depth-heldout train script,8-channel CWT time-frequency image,severity transform and FFT magnitude/log coefficients,"severity max(0, 2.5-Zc) + FFT magnitude + log(1+coefficients)",depth_heldout_simple,keras_mae,0.0790247768164,label_units,test,overall,docs/thesis_evidence/remote_exp008_depth_blocked_train/test_metrics.json,json_depth_heldout_metrics,exp008_depth_heldout_train_script_json,strong,mainline_candidate,train_v001; split_audit=depth_heldout_split_confirmed; single-well depth-heldout evidence; no random split or validation_split; remote output=/home/xiaoj/hal_azi/output/thesis_depth_blocked/exp008/train_v001
EXP-008,EfficientNet FFT severity regression depth-heldout v001,FFT severity label,EfficientNetV2B0 depth-heldout train script,8-channel CWT time-frequency image,severity transform and FFT magnitude/log coefficients,"severity max(0, 2.5-Zc) + FFT magnitude + log(1+coefficients)",depth_heldout_simple,overall_mae,0.0790247670504,label_units,test,overall,docs/thesis_evidence/remote_exp008_depth_blocked_train/test_metrics.json,json_depth_heldout_metrics,exp008_depth_heldout_train_script_json,strong,mainline_candidate,train_v001; split_audit=depth_heldout_split_confirmed; single-well depth-heldout evidence; no random split or validation_split; remote output=/home/xiaoj/hal_azi/output/thesis_depth_blocked/exp008/train_v001
EXP-008,EfficientNet FFT severity regression depth-heldout v001,FFT severity label,EfficientNetV2B0 depth-heldout train script,8-channel CWT time-frequency image,severity transform and FFT magnitude/log coefficients,"severity max(0, 2.5-Zc) + FFT magnitude + log(1+coefficients)",depth_heldout_simple,overall_mse,0.0767395657158,label_units_squared,test,overall,docs/thesis_evidence/remote_exp008_depth_blocked_train/test_metrics.json,json_depth_heldout_metrics,exp008_depth_heldout_train_script_json,strong,mainline_candidate,train_v001; split_audit=depth_heldout_split_confirmed; single-well depth-heldout evidence; no random split or validation_split; remote output=/home/xiaoj/hal_azi/output/thesis_depth_blocked/exp008/train_v001
EXP-008,EfficientNet FFT severity regression depth-heldout v001,FFT severity label,EfficientNetV2B0 depth-heldout train script,8-channel CWT time-frequency image,severity transform and FFT magnitude/log coefficients,"severity max(0, 2.5-Zc) + FFT magnitude + log(1+coefficients)",depth_heldout_simple,overall_rmse,0.277019071033,label_units,test,overall,docs/thesis_evidence/remote_exp008_depth_blocked_train/test_metrics.json,json_depth_heldout_metrics,exp008_depth_heldout_train_script_json,strong,mainline_candidate,train_v001; split_audit=depth_heldout_split_confirmed; single-well depth-heldout evidence; no random split or validation_split; remote output=/home/xiaoj/hal_azi/output/thesis_depth_blocked/exp008/train_v001
EXP-008,EfficientNet FFT severity regression depth-heldout v001,FFT severity label,EfficientNetV2B0 depth-heldout train script,8-channel CWT time-frequency image,severity transform and FFT magnitude/log coefficients,"severity max(0, 2.5-Zc) + FFT magnitude + log(1+coefficients)",depth_heldout_simple,overall_r2,0.106634155986,fraction,test,overall,docs/thesis_evidence/remote_exp008_depth_blocked_train/test_metrics.json,json_depth_heldout_metrics,exp008_depth_heldout_train_script_json,strong,mainline_candidate,train_v001; split_audit=depth_heldout_split_confirmed; single-well depth-heldout evidence; no random split or validation_split; remote output=/home/xiaoj/hal_azi/output/thesis_depth_blocked/exp008/train_v001
EXP-008,EfficientNet FFT severity regression depth-heldout v001,FFT severity label,EfficientNetV2B0 depth-heldout train script,8-channel CWT time-frequency image,severity transform and FFT magnitude/log coefficients,"severity max(0, 2.5-Zc) + FFT magnitude + log(1+coefficients)",depth_heldout_simple,overall_pearson,0.351949893063,correlation,test,overall,docs/thesis_evidence/remote_exp008_depth_blocked_train/test_metrics.json,json_depth_heldout_metrics,exp008_depth_heldout_train_script_json,strong,mainline_candidate,train_v001; split_audit=depth_heldout_split_confirmed; single-well depth-heldout evidence; no random split or validation_split; remote output=/home/xiaoj/hal_azi/output/thesis_depth_blocked/exp008/train_v001
EXP-008,EfficientNet FFT severity regression depth-heldout v001,FFT severity label,EfficientNetV2B0 depth-heldout train script,8-channel CWT time-frequency image,severity transform and FFT magnitude/log coefficients,"severity max(0, 2.5-Zc) + FFT magnitude + log(1+coefficients)",depth_heldout_simple,overall_spearman,0.480518512893,correlation,test,overall,docs/thesis_evidence/remote_exp008_depth_blocked_train/test_metrics.json,json_depth_heldout_metrics,exp008_depth_heldout_train_script_json,strong,mainline_candidate,train_v001; split_audit=depth_heldout_split_confirmed; single-well depth-heldout evidence; no random split or validation_split; remote output=/home/xiaoj/hal_azi/output/thesis_depth_blocked/exp008/train_v001
EXP-008,EfficientNet FFT severity regression depth-heldout v001,FFT severity label,EfficientNetV2B0 depth-heldout train script,8-channel CWT time-frequency image,severity transform and FFT magnitude/log coefficients,"severity max(0, 2.5-Zc) + FFT magnitude + log(1+coefficients)",depth_heldout_simple,dc_mae,0.142720550299,label_units,test,overall,docs/thesis_evidence/remote_exp008_depth_blocked_train/test_metrics.json,json_depth_heldout_metrics,exp008_depth_heldout_train_script_json,strong,mainline_candidate,train_v001; split_audit=depth_heldout_split_confirmed; single-well depth-heldout evidence; no random split or validation_split; remote output=/home/xiaoj/hal_azi/output/thesis_depth_blocked/exp008/train_v001
EXP-008,EfficientNet FFT severity regression depth-heldout v001,FFT severity label,EfficientNetV2B0 depth-heldout train script,8-channel CWT time-frequency image,severity transform and FFT magnitude/log coefficients,"severity max(0, 2.5-Zc) + FFT magnitude + log(1+coefficients)",depth_heldout_simple,dc_rmse,0.467645078897,label_units,test,overall,docs/thesis_evidence/remote_exp008_depth_blocked_train/test_metrics.json,json_depth_heldout_metrics,exp008_depth_heldout_train_script_json,strong,mainline_candidate,train_v001; split_audit=depth_heldout_split_confirmed; single-well depth-heldout evidence; no random split or validation_split; remote output=/home/xiaoj/hal_azi/output/thesis_depth_blocked/exp008/train_v001
EXP-008,EfficientNet FFT severity regression depth-heldout v001,FFT severity label,EfficientNetV2B0 depth-heldout train script,8-channel CWT time-frequency image,severity transform and FFT magnitude/log coefficients,"severity max(0, 2.5-Zc) + FFT magnitude + log(1+coefficients)",depth_heldout_simple,low_freq_0_4_mae,0.131411343813,label_units,test,overall,docs/thesis_evidence/remote_exp008_depth_blocked_train/test_metrics.json,json_depth_heldout_metrics,exp008_depth_heldout_train_script_json,strong,mainline_candidate,train_v001; split_audit=depth_heldout_split_confirmed; single-well depth-heldout evidence; no random split or validation_split; remote output=/home/xiaoj/hal_azi/output/thesis_depth_blocked/exp008/train_v001
EXP-008,EfficientNet FFT severity regression depth-heldout v001,FFT severity label,EfficientNetV2B0 depth-heldout train script,8-channel CWT time-frequency image,severity transform and FFT magnitude/log coefficients,"severity max(0, 2.5-Zc) + FFT magnitude + log(1+coefficients)",depth_heldout_simple,low_freq_0_4_rmse,0.43136832118,label_units,test,overall,docs/thesis_evidence/remote_exp008_depth_blocked_train/test_metrics.json,json_depth_heldout_metrics,exp008_depth_heldout_train_script_json,strong,mainline_candidate,train_v001; split_audit=depth_heldout_split_confirmed; single-well depth-heldout evidence; no random split or validation_split; remote output=/home/xiaoj/hal_azi/output/thesis_depth_blocked/exp008/train_v001
EXP-008,EfficientNet FFT severity regression depth-heldout v001,FFT severity label,EfficientNetV2B0 depth-heldout train script,8-channel CWT time-frequency image,severity transform and FFT magnitude/log coefficients,"severity max(0, 2.5-Zc) + FFT magnitude + log(1+coefficients)",depth_heldout_simple,num_samples,423,samples,test,overall,docs/thesis_evidence/remote_exp008_depth_blocked_train/test_metrics.json,json_depth_heldout_metrics,exp008_depth_heldout_train_script_json,strong,mainline_candidate,train_v001; split_audit=depth_heldout_split_confirmed; single-well depth-heldout evidence; no random split or validation_split; remote output=/home/xiaoj/hal_azi/output/thesis_depth_blocked/exp008/train_v001
EXP-008,EfficientNet FFT severity regression depth-heldout v001,FFT severity label,EfficientNetV2B0 depth-heldout train script,8-channel CWT time-frequency image,severity transform and FFT magnitude/log coefficients,"severity max(0, 2.5-Zc) + FFT magnitude + log(1+coefficients)",depth_heldout_simple,num_label_values,888300,label_values,test,overall,docs/thesis_evidence/remote_exp008_depth_blocked_train/test_metrics.json,json_depth_heldout_metrics,exp008_depth_heldout_train_script_json,strong,mainline_candidate,train_v001; split_audit=depth_heldout_split_confirmed; single-well depth-heldout evidence; no random split or validation_split; remote output=/home/xiaoj/hal_azi/output/thesis_depth_blocked/exp008/train_v001
EXP-008,EfficientNet FFT severity regression depth-heldout v001,FFT severity label,EfficientNetV2B0 depth-heldout train script,8-channel CWT time-frequency image,severity transform and FFT magnitude/log coefficients,"severity max(0, 2.5-Zc) + FFT magnitude + log(1+coefficients)",depth_heldout_simple,epoch_count,12,epochs,train,overall,docs/thesis_evidence/remote_exp008_depth_blocked_train/training_history.csv,csv_training_history,exp008_depth_heldout_training_history,strong,mainline_candidate,early_stopping_completed; train_v001
EXP-008,EfficientNet FFT severity regression depth-heldout v001,FFT severity label,EfficientNetV2B0 depth-heldout train script,8-channel CWT time-frequency image,severity transform and FFT magnitude/log coefficients,"severity max(0, 2.5-Zc) + FFT magnitude + log(1+coefficients)",depth_heldout_simple,early_stop_epoch,12,epoch,train,overall,docs/thesis_evidence/remote_exp008_depth_blocked_train/training_history.csv,csv_training_history,exp008_depth_heldout_training_history,strong,mainline_candidate,EarlyStopping restored best weights from epoch 2; train_v001
EXP-008,EfficientNet FFT severity regression depth-heldout v001,FFT severity label,EfficientNetV2B0 depth-heldout train script,8-channel CWT time-frequency image,severity transform and FFT magnitude/log coefficients,"severity max(0, 2.5-Zc) + FFT magnitude + log(1+coefficients)",depth_heldout_simple,best_epoch_by_val_loss,2,epoch,validation,overall,docs/thesis_evidence/remote_exp008_depth_blocked_train/training_history.csv,csv_training_history,exp008_depth_heldout_training_history,strong,mainline_candidate,best validation loss epoch; train_v001
EXP-008,EfficientNet FFT severity regression depth-heldout v001,FFT severity label,EfficientNetV2B0 depth-heldout train script,8-channel CWT time-frequency image,severity transform and FFT magnitude/log coefficients,"severity max(0, 2.5-Zc) + FFT magnitude + log(1+coefficients)",depth_heldout_simple,loss_final,0.0204180795699,loss,train,overall,docs/thesis_evidence/remote_exp008_depth_blocked_train/training_history.csv,csv_training_history,exp008_depth_heldout_training_history,strong,mainline_candidate,final logged epoch before restored best weights; train_v001
EXP-008,EfficientNet FFT severity regression depth-heldout v001,FFT severity label,EfficientNetV2B0 depth-heldout train script,8-channel CWT time-frequency image,severity transform and FFT magnitude/log coefficients,"severity max(0, 2.5-Zc) + FFT magnitude + log(1+coefficients)",depth_heldout_simple,mae_final,0.0714093968272,label_units,train,overall,docs/thesis_evidence/remote_exp008_depth_blocked_train/training_history.csv,csv_training_history,exp008_depth_heldout_training_history,strong,mainline_candidate,final logged epoch before restored best weights; train_v001
EXP-008,EfficientNet FFT severity regression depth-heldout v001,FFT severity label,EfficientNetV2B0 depth-heldout train script,8-channel CWT time-frequency image,severity transform and FFT magnitude/log coefficients,"severity max(0, 2.5-Zc) + FFT magnitude + log(1+coefficients)",depth_heldout_simple,val_loss,0.0152198290452,loss,validation,overall,docs/thesis_evidence/remote_exp008_depth_blocked_train/training_history.csv,csv_training_history,exp008_depth_heldout_training_history_best,strong,mainline_candidate,summary_stat=min; best_epoch=2; train_v001
EXP-008,EfficientNet FFT severity regression depth-heldout v001,FFT severity label,EfficientNetV2B0 depth-heldout train script,8-channel CWT time-frequency image,severity transform and FFT magnitude/log coefficients,"severity max(0, 2.5-Zc) + FFT magnitude + log(1+coefficients)",depth_heldout_simple,val_loss_final,0.0157933365554,loss,validation,overall,docs/thesis_evidence/remote_exp008_depth_blocked_train/training_history.csv,csv_training_history,exp008_depth_heldout_training_history_final,strong,mainline_candidate,summary_stat=final_logged_epoch; train_v001
EXP-008,EfficientNet FFT severity regression depth-heldout v001,FFT severity label,EfficientNetV2B0 depth-heldout train script,8-channel CWT time-frequency image,severity transform and FFT magnitude/log coefficients,"severity max(0, 2.5-Zc) + FFT magnitude + log(1+coefficients)",depth_heldout_simple,val_mae,0.036284558475,label_units,validation,overall,docs/thesis_evidence/remote_exp008_depth_blocked_train/training_history.csv,csv_training_history,exp008_depth_heldout_training_history_best,strong,mainline_candidate,summary_stat=min; best_epoch=7; train_v001
EXP-008,EfficientNet FFT severity regression depth-heldout v001,FFT severity label,EfficientNetV2B0 depth-heldout train script,8-channel CWT time-frequency image,severity transform and FFT magnitude/log coefficients,"severity max(0, 2.5-Zc) + FFT magnitude + log(1+coefficients)",depth_heldout_simple,val_mae_final,0.0401877500117,label_units,validation,overall,docs/thesis_evidence/remote_exp008_depth_blocked_train/training_history.csv,csv_training_history,exp008_depth_heldout_training_history_final,strong,mainline_candidate,summary_stat=final_logged_epoch; train_v001
